2026-02-12 13:34:21,823 [INFO] Activator:176 - 


2026-02-12 13:34:21,831 [INFO] Activator:177 - !SESSION log4j initialized
2026-02-12 13:34:29,070 [INFO] LogOutputStream:77 - [STDOUT_REDIRECT] 
2026-02-12 13:34:33,328 [INFO] ApplicationProperties:184 - Using Application install path: C:\ST\STM32CubeIDE_1.19.0\STM32CubeIDE\plugins\com.st.stm32cube.common.mx_6.15.0.202507011659
2026-02-12 13:34:33,349 [INFO] DbMcusXml:78 - Set database path to: C:\ST\STM32CubeIDE_1.19.0\STM32CubeIDE\plugins\com.st.stm32cube.common.mx_6.15.0.202507011659\\db\/mcu/
2026-02-12 13:34:33,349 [INFO] ApiDb:274 - Set plugin database path to: C:\ST\STM32CubeIDE_1.19.0\STM32CubeIDE\plugins\com.st.stm32cube.common.mx_6.15.0.202507011659\\db\/plugins/boardmanager/
2026-02-12 13:34:33,350 [WARN] ApiDb:259 - Overriding images path with different value:  => C:\ST\STM32CubeIDE_1.19.0\STM32CubeIDE\plugins\com.st.stm32cube.common.mx_6.15.0.202507011659\\db\/plugins/mcufinder/images/
2026-02-12 13:34:33,359 [INFO] ApiDb:250 - Set database path to: C:\Users\Alfred\.stmcufinder\plugins\mcufinder//mcu/
2026-02-12 13:34:33,360 [INFO] DbMcusAds:125 - Set database path to: C:\Users\Alfred\.stmcufinder\plugins\mcufinder//mcu/
2026-02-12 13:34:33,362 [INFO] CrossReferenceDbSqlite:203 - Set database path to: C:\Users\Alfred\.stmcufinder\plugins\mcufinder//mcu/cs/
2026-02-12 13:34:33,484 [INFO] RulesReader:64 - Compatibility file has been processed (317 Rules)
2026-02-12 13:34:33,587 [INFO] DbMcusXml:78 - Set database path to: C:\ST\STM32CubeIDE_1.19.0\STM32CubeIDE\plugins\com.st.stm32cube.common.mx_6.15.0.202507011659\\db\/mcu/
2026-02-12 13:34:33,587 [INFO] ApiDb:274 - Set plugin database path to: C:\ST\STM32CubeIDE_1.19.0\STM32CubeIDE\plugins\com.st.stm32cube.common.mx_6.15.0.202507011659\\db\/plugins/boardmanager/
2026-02-12 13:34:33,587 [INFO] ApiDb:261 - Set plugin images path to: C:\ST\STM32CubeIDE_1.19.0\STM32CubeIDE\plugins\com.st.stm32cube.common.mx_6.15.0.202507011659\\db\/plugins/mcufinder/images/
2026-02-12 13:34:33,587 [WARN] DbFile:41 - Overriding database path with different value: C:\Users\Alfred\.stmcufinder\plugins\mcufinder/ => C:\Users\Alfred\.stmcufinder\plugins\mcufinder
2026-02-12 13:34:33,587 [INFO] ApiDb:250 - Set database path to: C:\Users\Alfred\.stmcufinder\plugins\mcufinder//mcu/
2026-02-12 13:34:33,587 [WARN] DbFile:41 - Overriding database path with different value: C:\Users\Alfred\.stmcufinder\plugins\mcufinder/ => C:\Users\Alfred\.stmcufinder\plugins\mcufinder
2026-02-12 13:34:33,587 [INFO] DbMcusAds:125 - Set database path to: C:\Users\Alfred\.stmcufinder\plugins\mcufinder//mcu/
2026-02-12 13:34:33,587 [WARN] DbFile:41 - Overriding database path with different value: C:\Users\Alfred\.stmcufinder\plugins\mcufinder/ => C:\Users\Alfred\.stmcufinder\plugins\mcufinder
2026-02-12 13:34:33,588 [WARN] DbFile:41 - Overriding database path with different value: C:\Users\Alfred\.stmcufinder\plugins\mcufinder/ => C:\Users\Alfred\.stmcufinder\plugins\mcufinder
2026-02-12 13:34:33,588 [INFO] CrossReferenceDbSqlite:203 - Set database path to: C:\Users\Alfred\.stmcufinder\plugins\mcufinder//mcu/cs/
2026-02-12 13:34:33,669 [INFO] MainPanel:274 - HeapMemory: 268435456
2026-02-12 13:34:33,805 [INFO] DbMcusXml:78 - Set database path to: C:\ST\STM32CubeIDE_1.19.0\STM32CubeIDE\plugins\com.st.stm32cube.common.mx_6.15.0.202507011659\\db\/mcu/
2026-02-12 13:34:33,806 [INFO] ApiDb:274 - Set plugin database path to: C:\ST\STM32CubeIDE_1.19.0\STM32CubeIDE\plugins\com.st.stm32cube.common.mx_6.15.0.202507011659\\db\/plugins/boardmanager/
2026-02-12 13:34:33,806 [INFO] ApiDb:261 - Set plugin images path to: C:\ST\STM32CubeIDE_1.19.0\STM32CubeIDE\plugins\com.st.stm32cube.common.mx_6.15.0.202507011659\\db\/plugins/mcufinder/images/
2026-02-12 13:34:33,806 [WARN] DbFile:41 - Overriding database path with different value: C:\Users\Alfred\.stmcufinder\plugins\mcufinder/ => C:\Users\Alfred\.stmcufinder\plugins\mcufinder
2026-02-12 13:34:33,806 [INFO] ApiDb:250 - Set database path to: C:\Users\Alfred\.stmcufinder\plugins\mcufinder//mcu/
2026-02-12 13:34:33,807 [WARN] DbFile:41 - Overriding database path with different value: C:\Users\Alfred\.stmcufinder\plugins\mcufinder/ => C:\Users\Alfred\.stmcufinder\plugins\mcufinder
2026-02-12 13:34:33,807 [INFO] DbMcusAds:125 - Set database path to: C:\Users\Alfred\.stmcufinder\plugins\mcufinder//mcu/
2026-02-12 13:34:33,807 [WARN] DbFile:41 - Overriding database path with different value: C:\Users\Alfred\.stmcufinder\plugins\mcufinder/ => C:\Users\Alfred\.stmcufinder\plugins\mcufinder
2026-02-12 13:34:33,807 [WARN] DbFile:41 - Overriding database path with different value: C:\Users\Alfred\.stmcufinder\plugins\mcufinder/ => C:\Users\Alfred\.stmcufinder\plugins\mcufinder
2026-02-12 13:34:33,807 [INFO] CrossReferenceDbSqlite:203 - Set database path to: C:\Users\Alfred\.stmcufinder\plugins\mcufinder//mcu/cs/
2026-02-12 13:34:33,827 [INFO] ApplicationProperties:184 - Using Application install path: C:\ST\STM32CubeIDE_1.19.0\STM32CubeIDE\plugins\com.st.stm32cube.common.mx_6.15.0.202507011659
2026-02-12 13:34:33,828 [INFO] PluginManage:196 - Search for loadable plugins [exclusion list=, ]
2026-02-12 13:34:33,830 [INFO] PluginManage:310 - Check plugin analytics
2026-02-12 13:34:34,087 [INFO] AnalyticsPlugin:253 - Accepted Software Licenses: 
2026-02-12 13:34:34,088 [INFO] AnalyticsPlugin:255 - Accepted CMSIS Pack Licenses: 
2026-02-12 13:34:34,089 [INFO] AnalyticsPlugin:257 - Accepted Firmware Licenses: 
2026-02-12 13:34:34,092 [INFO] PluginManage:359 - Loaded plugin analytics (category:tool,tabindex:-1)
2026-02-12 13:34:34,093 [INFO] PluginManage:310 - Check plugin cadmodel
2026-02-12 13:34:34,127 [INFO] CADModel:105 - Init CAD model plugin
2026-02-12 13:34:34,127 [INFO] PluginManage:359 - Loaded plugin cadmodel (category:power,tabindex:5)
2026-02-12 13:34:34,127 [INFO] PluginManage:310 - Check plugin clock
2026-02-12 13:34:34,169 [INFO] PluginManage:359 - Loaded plugin clock (category:base,tabindex:2)
2026-02-12 13:34:34,170 [INFO] PluginManage:310 - Check plugin ddr
2026-02-12 13:34:34,174 [INFO] PluginManage:359 - Loaded plugin ddr (category:tool,tabindex:6)
2026-02-12 13:34:34,174 [INFO] PluginManage:310 - Check plugin filemanager
2026-02-12 13:34:34,436 [INFO] PluginManage:359 - Loaded plugin filemanager (category:base,tabindex:10)
2026-02-12 13:34:34,436 [INFO] PluginManage:310 - Check plugin ipmanager
2026-02-12 13:34:34,446 [INFO] PluginManage:359 - Loaded plugin ipmanager (category:base,tabindex:5)
2026-02-12 13:34:34,447 [INFO] PluginManage:310 - Check plugin lpbam
2026-02-12 13:34:34,472 [INFO] PluginManage:359 - Loaded plugin lpbam (category:base,tabindex:0)
2026-02-12 13:34:34,472 [INFO] PluginManage:310 - Check plugin memorymap
2026-02-12 13:34:34,503 [INFO] PluginManage:359 - Loaded plugin memorymap (category:base,tabindex:4)
2026-02-12 13:34:34,504 [INFO] PluginManage:310 - Check plugin pinoutandconfiguration
2026-02-12 13:34:34,532 [INFO] PluginManage:359 - Loaded plugin pinoutandconfiguration (category:base,tabindex:1)
2026-02-12 13:34:34,532 [INFO] PluginManage:310 - Check plugin pinoutconfig
2026-02-12 13:34:34,677 [WARN] SupportedApi:132 - Cannot load RTOS API schema: s4s-elt-must-match.1: The content of 'definitions' must match (annotation?, (simpleType | complexType)?, (unique | key | keyref)*)). A problem was found starting at: attribute.
2026-02-12 13:34:34,856 [INFO] PluginManage:359 - Loaded plugin pinoutconfig (category:base,tabindex:0)
2026-02-12 13:34:34,856 [INFO] PluginManage:310 - Check plugin power
2026-02-12 13:34:34,887 [INFO] PluginManage:359 - Loaded plugin power (category:power,tabindex:4)
2026-02-12 13:34:34,887 [INFO] PluginManage:310 - Check plugin projectmanager
2026-02-12 13:34:34,909 [INFO] PluginManage:359 - Loaded plugin projectmanager (category:projectmanager,tabindex:4)
2026-02-12 13:34:34,909 [INFO] PluginManage:310 - Check plugin rif
2026-02-12 13:34:34,944 [INFO] PluginManage:359 - Loaded plugin rif (category:base,tabindex:3)
2026-02-12 13:34:34,944 [INFO] PluginManage:310 - Check plugin thirdparty
2026-02-12 13:34:35,384 [INFO] PluginManage:359 - Loaded plugin thirdparty (category:base,tabindex:-1)
2026-02-12 13:34:35,384 [WARN] IntegrityCheckThread:84 - waiting for thirdparty lock release [integrity check]
2026-02-12 13:34:35,384 [INFO] IntegrityCheckThread:86 - entering critical section [integrity check]
2026-02-12 13:34:35,384 [INFO] PluginManage:310 - Check plugin tools
2026-02-12 13:34:35,386 [INFO] ThirdPartyUpdaterWithRetryManager:70 - Updater plugin not ready yet. [1/15]
2026-02-12 13:34:35,464 [INFO] PluginManage:359 - Loaded plugin tools (category:base,tabindex:7)
2026-02-12 13:34:35,464 [INFO] PluginManage:310 - Check plugin tutovideos
2026-02-12 13:34:35,797 [INFO] PluginManage:359 - Loaded plugin tutovideos (category:base,tabindex:-1)
2026-02-12 13:34:35,798 [INFO] PluginManage:310 - Check plugin updater
2026-02-12 13:34:35,824 [INFO] PluginManage:359 - Loaded plugin updater (category:base,tabindex:12)
2026-02-12 13:34:35,824 [INFO] PluginManage:310 - Check plugin userauth
2026-02-12 13:34:35,829 [INFO] UserAuth:118 - Init User Auth plugin
2026-02-12 13:34:35,830 [INFO] PluginManage:359 - Loaded plugin userauth (category:base,tabindex:14)
2026-02-12 13:34:35,831 [INFO] PluginManage:283 - PluginManage : Loaded plugins [18]
2026-02-12 13:34:36,138 [INFO] PinOutPanel:1589 - setPackage(No Configuration,No Configuration)
2026-02-12 13:34:36,259 [INFO] CADModel:165 - CPN selected for project level
2026-02-12 13:34:36,259 [INFO] CADModel:114 - Register for checkConnection events
2026-02-12 13:34:36,317 [INFO] IPUIPlugin:80 - create IPUIPlugin
2026-02-12 13:34:36,317 [INFO] PluginManager:220 - loadIPPluginJar : add adc
2026-02-12 13:34:36,386 [INFO] IPUIPlugin:80 - create IPUIPlugin
2026-02-12 13:34:36,386 [INFO] PluginManager:220 - loadIPPluginJar : add aes
2026-02-12 13:34:36,454 [INFO] IPUIPlugin:80 - create IPUIPlugin
2026-02-12 13:34:36,454 [INFO] PluginManager:220 - loadIPPluginJar : add can
2026-02-12 13:34:36,496 [INFO] IPUIPlugin:80 - create IPUIPlugin
2026-02-12 13:34:36,497 [INFO] PluginManager:220 - loadIPPluginJar : add comp
2026-02-12 13:34:36,548 [INFO] IPUIPlugin:80 - create IPUIPlugin
2026-02-12 13:34:36,548 [INFO] PluginManager:220 - loadIPPluginJar : add cryp
2026-02-12 13:34:36,565 [INFO] IPUIPlugin:80 - create IPUIPlugin
2026-02-12 13:34:36,565 [INFO] PluginManager:220 - loadIPPluginJar : add ddr_ctrl_phy
2026-02-12 13:34:36,608 [INFO] IPUIPlugin:80 - create IPUIPlugin
2026-02-12 13:34:36,608 [INFO] PluginManager:220 - loadIPPluginJar : add dfsdm
2026-02-12 13:34:36,626 [INFO] IPUIPlugin:80 - create IPUIPlugin
2026-02-12 13:34:36,627 [INFO] PluginManager:220 - loadIPPluginJar : add dma
2026-02-12 13:34:36,695 [INFO] IPUIPlugin:80 - create IPUIPlugin
2026-02-12 13:34:36,695 [INFO] PluginManager:220 - loadIPPluginJar : add dma3
2026-02-12 13:34:36,761 [INFO] IPUIPlugin:80 - create IPUIPlugin
2026-02-12 13:34:36,761 [INFO] PluginManager:220 - loadIPPluginJar : add extmemmanager
2026-02-12 13:34:36,789 [INFO] IPUIPlugin:80 - create IPUIPlugin
2026-02-12 13:34:36,789 [INFO] PluginManager:220 - loadIPPluginJar : add fatfs
2026-02-12 13:34:36,857 [INFO] IPUIPlugin:80 - create IPUIPlugin
2026-02-12 13:34:36,857 [INFO] PluginManager:220 - loadIPPluginJar : add fmc
2026-02-12 13:34:36,877 [INFO] IPUIPlugin:80 - create IPUIPlugin
2026-02-12 13:34:36,877 [INFO] PluginManager:220 - loadIPPluginJar : add freertos
2026-02-12 13:34:36,906 [INFO] IPUIPlugin:80 - create IPUIPlugin
2026-02-12 13:34:36,906 [INFO] PluginManager:220 - loadIPPluginJar : add genericplugin
2026-02-12 13:34:37,078 [INFO] IPUIPlugin:80 - create IPUIPlugin
2026-02-12 13:34:37,078 [INFO] PluginManager:220 - loadIPPluginJar : add gfxmmu
2026-02-12 13:34:37,313 [INFO] IPUIPlugin:80 - create IPUIPlugin
2026-02-12 13:34:37,313 [INFO] PluginManager:220 - loadIPPluginJar : add gic
2026-02-12 13:34:37,334 [INFO] IPUIPlugin:80 - create IPUIPlugin
2026-02-12 13:34:37,334 [INFO] PluginManager:220 - loadIPPluginJar : add gpio
2026-02-12 13:34:37,503 [INFO] IPUIPlugin:80 - create IPUIPlugin
2026-02-12 13:34:37,503 [INFO] PluginManager:220 - loadIPPluginJar : add gtzc
2026-02-12 13:34:37,556 [INFO] IPUIPlugin:80 - create IPUIPlugin
2026-02-12 13:34:37,556 [INFO] PluginManager:220 - loadIPPluginJar : add hash
2026-02-12 13:34:37,634 [INFO] IPUIPlugin:80 - create IPUIPlugin
2026-02-12 13:34:37,634 [INFO] PluginManager:220 - loadIPPluginJar : add i2c
2026-02-12 13:34:37,693 [INFO] IPUIPlugin:80 - create IPUIPlugin
2026-02-12 13:34:37,693 [INFO] PluginManager:220 - loadIPPluginJar : add i2s
2026-02-12 13:34:37,752 [INFO] IPUIPlugin:80 - create IPUIPlugin
2026-02-12 13:34:37,752 [INFO] PluginManager:220 - loadIPPluginJar : add i3c
2026-02-12 13:34:37,896 [INFO] IPUIPlugin:80 - create IPUIPlugin
2026-02-12 13:34:37,897 [INFO] PluginManager:220 - loadIPPluginJar : add ipddr
2026-02-12 13:34:38,043 [INFO] IPUIPlugin:80 - create IPUIPlugin
2026-02-12 13:34:38,043 [INFO] PluginManager:220 - loadIPPluginJar : add linkedlist
2026-02-12 13:34:38,097 [INFO] IPUIPlugin:80 - create IPUIPlugin
2026-02-12 13:34:38,097 [INFO] PluginManager:220 - loadIPPluginJar : add lorawan
2026-02-12 13:34:38,150 [INFO] IPUIPlugin:80 - create IPUIPlugin
2026-02-12 13:34:38,151 [INFO] PluginManager:220 - loadIPPluginJar : add ltdc
2026-02-12 13:34:38,172 [INFO] IPUIPlugin:80 - create IPUIPlugin
2026-02-12 13:34:38,172 [INFO] PluginManager:220 - loadIPPluginJar : add mdma
2026-02-12 13:34:38,190 [INFO] IPUIPlugin:80 - create IPUIPlugin
2026-02-12 13:34:38,190 [INFO] PluginManager:220 - loadIPPluginJar : add nvic
2026-02-12 13:34:38,251 [INFO] IPUIPlugin:80 - create IPUIPlugin
2026-02-12 13:34:38,251 [INFO] PluginManager:220 - loadIPPluginJar : add opamp
2026-02-12 13:34:38,353 [INFO] IPUIPlugin:80 - create IPUIPlugin
2026-02-12 13:34:38,353 [INFO] PluginManager:220 - loadIPPluginJar : add openamp
2026-02-12 13:34:38,387 [INFO] ThirdPartyUpdaterWithRetryManager:70 - Updater plugin not ready yet. [2/15]
2026-02-12 13:34:38,416 [INFO] IPUIPlugin:80 - create IPUIPlugin
2026-02-12 13:34:38,416 [INFO] PluginManager:220 - loadIPPluginJar : add pdm2pcm
2026-02-12 13:34:38,435 [INFO] IPUIPlugin:80 - create IPUIPlugin
2026-02-12 13:34:38,438 [INFO] PluginManager:220 - loadIPPluginJar : add plateformsettings
2026-02-12 13:34:38,471 [INFO] IPUIPlugin:80 - create IPUIPlugin
2026-02-12 13:34:38,471 [INFO] PluginManager:220 - loadIPPluginJar : add quadspi
2026-02-12 13:34:38,508 [INFO] IPUIPlugin:80 - create IPUIPlugin
2026-02-12 13:34:38,509 [INFO] PluginManager:220 - loadIPPluginJar : add radio
2026-02-12 13:34:38,527 [INFO] IPUIPlugin:80 - create IPUIPlugin
2026-02-12 13:34:38,527 [INFO] PluginManager:220 - loadIPPluginJar : add resmgrutility
2026-02-12 13:34:38,592 [INFO] IPUIPlugin:80 - create IPUIPlugin
2026-02-12 13:34:38,592 [INFO] PluginManager:220 - loadIPPluginJar : add sai
2026-02-12 13:34:38,644 [INFO] IPUIPlugin:80 - create IPUIPlugin
2026-02-12 13:34:38,644 [INFO] PluginManager:220 - loadIPPluginJar : add spi
2026-02-12 13:34:38,753 [INFO] IPUIPlugin:80 - create IPUIPlugin
2026-02-12 13:34:38,753 [INFO] PluginManager:220 - loadIPPluginJar : add stm32_wpan
2026-02-12 13:34:38,787 [INFO] IPUIPlugin:80 - create IPUIPlugin
2026-02-12 13:34:38,788 [INFO] PluginManager:220 - loadIPPluginJar : add tim
2026-02-12 13:34:38,869 [INFO] IPUIPlugin:80 - create IPUIPlugin
2026-02-12 13:34:38,869 [INFO] PluginManager:220 - loadIPPluginJar : add touchsensing
2026-02-12 13:34:38,900 [INFO] IPUIPlugin:80 - create IPUIPlugin
2026-02-12 13:34:38,900 [INFO] PluginManager:220 - loadIPPluginJar : add tracer_emb
2026-02-12 13:34:38,935 [INFO] IPUIPlugin:80 - create IPUIPlugin
2026-02-12 13:34:38,935 [INFO] PluginManager:220 - loadIPPluginJar : add ts
2026-02-12 13:34:38,972 [INFO] IPUIPlugin:80 - create IPUIPlugin
2026-02-12 13:34:38,972 [INFO] PluginManager:220 - loadIPPluginJar : add tsc
2026-02-12 13:34:39,008 [INFO] IPUIPlugin:80 - create IPUIPlugin
2026-02-12 13:34:39,008 [INFO] PluginManager:220 - loadIPPluginJar : add ucpd
2026-02-12 13:34:39,072 [INFO] IPUIPlugin:80 - create IPUIPlugin
2026-02-12 13:34:39,072 [INFO] PluginManager:220 - loadIPPluginJar : add usart
2026-02-12 13:34:39,137 [INFO] IPUIPlugin:80 - create IPUIPlugin
2026-02-12 13:34:39,137 [INFO] PluginManager:220 - loadIPPluginJar : add usbx
2026-02-12 13:34:39,275 [FATAL] Updater:351 - Updater called before beeing initialized
2026-02-12 13:34:39,302 [INFO] RulesReader:64 - Compatibility file has been processed (317 Rules)
2026-02-12 13:34:39,312 [INFO] RulesReader:64 - Compatibility file has been processed (317 Rules)
2026-02-12 13:34:39,322 [INFO] CADModel:165 - CPN selected for project level
2026-02-12 13:34:39,323 [INFO] CADModel:114 - Register for checkConnection events
2026-02-12 13:34:39,323 [FATAL] Updater:351 - Updater called before beeing initialized
2026-02-12 13:34:39,323 [ERROR] CADModel:125 - Updater not yet initialized, retry later 
2026-02-12 13:34:39,547 [FATAL] Updater:351 - Updater called before beeing initialized
2026-02-12 13:34:39,549 [INFO] CADModel:165 - CPN selected for project level
2026-02-12 13:34:39,549 [INFO] CADModel:114 - Register for checkConnection events
2026-02-12 13:34:39,550 [FATAL] Updater:351 - Updater called before beeing initialized
2026-02-12 13:34:39,550 [ERROR] CADModel:125 - Updater not yet initialized, retry later 
2026-02-12 13:34:39,553 [FATAL] Updater:351 - Updater called before beeing initialized
2026-02-12 13:34:39,668 [FATAL] Updater:351 - Updater called before beeing initialized
2026-02-12 13:34:39,684 [INFO] DbMcusAds:53 - JSON generation date=Thu Sep 30 12:25:09 IST 2021 (1632984909247)
2026-02-12 13:34:39,684 [FATAL] Updater:351 - Updater called before beeing initialized
2026-02-12 13:34:39,738 [WARN] DetailPanel:346 - Failed to get advertising image, set to default
2026-02-12 13:34:39,841 [FATAL] Updater:351 - Updater called before beeing initialized
2026-02-12 13:34:39,843 [FATAL] Updater:351 - Updater called before beeing initialized
2026-02-12 13:34:39,843 [FATAL] Updater:351 - Updater called before beeing initialized
2026-02-12 13:34:39,843 [WARN] DetailPanel:346 - Failed to get advertising image, set to default
2026-02-12 13:34:39,844 [FATAL] Updater:351 - Updater called before beeing initialized
2026-02-12 13:34:39,921 [ERROR] Updater:1198 - MainUpdater not yet initialized. External WinMGr cannot be set.
2026-02-12 13:34:39,937 [INFO] Updater:1134 - Updater Version found : 6.15.0
2026-02-12 13:34:39,958 [INFO] ApplicationProperties:184 - Using Application install path: C:\ST\STM32CubeIDE_1.19.0\STM32CubeIDE\plugins\com.st.stm32cube.common.mx_6.15.0.202507011659
2026-02-12 13:34:40,506 [INFO] MainUpdater:2872 - connection check result : 10
2026-02-12 13:34:40,507 [INFO] MainUpdater:3604 - Updater definition file requires update
2026-02-12 13:34:40,508 [INFO] MainUpdater:289 - Updater Check For Update Now.
2026-02-12 13:34:40,508 [INFO] MicroXplorer:498 - Change Database Version : DB.6.0.150
2026-02-12 13:34:40,536 [INFO] McuFinderGlobals:63 - Set McuFinder mode to 2 (CubeIDE integrated)
2026-02-12 13:34:40,549 [INFO] UserAuth:487 - Internet connection configuration mode: 1
2026-02-12 13:34:40,590 [INFO] JxBrowserEngine:152 - Initiate JxBrowser Engine with user profile folder
2026-02-12 13:34:40,635 [INFO] ServerAccessManage:452 - Complete download http(s) 200
2026-02-12 13:34:40,637 [INFO] ServerAccessManage:509 - Download File updaters.zip
2026-02-12 13:34:40,853 [INFO] FileExtend:248 - Unzip File : updaters.zip
2026-02-12 13:34:40,854 [INFO] FileExtend:263 - Standard Zip Deflate
2026-02-12 13:34:41,387 [WARN] MainUpdater:1193 - Updater busy. Cannot search thirdparties
2026-02-12 13:34:41,388 [INFO] ThirdPartyUpdaterWithRetryManager:96 - Updater plugin is busy. [1/15]
2026-02-12 13:34:42,175 [INFO] ServerAccessManage:452 - Complete download http(s) 200
2026-02-12 13:34:42,176 [INFO] ServerAccessManage:509 - Download File PacksControlFlags.xml
2026-02-12 13:34:42,418 [INFO] ServerAccessManage:452 - Complete download http(s) 200
2026-02-12 13:34:42,419 [INFO] ServerAccessManage:509 - Download File cubemx.pidx
2026-02-12 13:34:43,501 [INFO] ServerAccessManage:452 - Complete download http(s) 200
2026-02-12 13:34:43,501 [INFO] ServerAccessManage:509 - Download File STMicroelectronics.FP-SNS-MOTENV1.pdsc
2026-02-12 13:34:44,391 [WARN] MainUpdater:1193 - Updater busy. Cannot search thirdparties
2026-02-12 13:34:44,391 [INFO] ThirdPartyUpdaterWithRetryManager:96 - Updater plugin is busy. [2/15]
2026-02-12 13:34:44,807 [INFO] ServerAccessManage:452 - Complete download http(s) 200
2026-02-12 13:34:44,807 [INFO] ServerAccessManage:509 - Download File STMicroelectronics.X-CUBE-FREERTOS.pdsc
2026-02-12 13:34:44,875 [INFO] WebApp:169 - Instantiating new browser for Auth
2026-02-12 13:34:45,689 [INFO] ServerAccessManage:452 - Complete download http(s) 200
2026-02-12 13:34:45,689 [INFO] ServerAccessManage:509 - Download File STMicroelectronics.X-CUBE-GNSS1.pdsc
2026-02-12 13:34:45,877 [INFO] McuFinderGlobals:63 - Set McuFinder mode to 2 (CubeIDE integrated)
2026-02-12 13:34:47,062 [INFO] WebApp:463 - Apply proxy settings
2026-02-12 13:34:47,063 [INFO] WebApp:548 - Chromium requires no authentication
2026-02-12 13:34:47,084 [INFO] WebApp:491 - Direct internet connection detected
2026-02-12 13:34:47,120 [INFO] WebApp:900 - Register for checkConnection events
2026-02-12 13:34:47,120 [INFO] WebApp:463 - Apply proxy settings
2026-02-12 13:34:47,120 [INFO] WebApp:548 - Chromium requires no authentication
2026-02-12 13:34:47,121 [INFO] WebApp:491 - Direct internet connection detected
2026-02-12 13:34:47,344 [ERROR] ServerAccessManage:1212 - Problem, file not found on Server
2026-02-12 13:34:47,392 [WARN] MainUpdater:1193 - Updater busy. Cannot search thirdparties
2026-02-12 13:34:47,392 [INFO] ThirdPartyUpdaterWithRetryManager:96 - Updater plugin is busy. [3/15]
2026-02-12 13:34:47,465 [INFO] WebApp:225 - Starting web application
2026-02-12 13:34:47,466 [INFO] WebApp:593 - Web application path used C:\ST\STM32CubeIDE_1.19.0\STM32CubeIDE\plugins\com.st.stm32cube.common.mx_6.15.0.202507011659\db\plugins\mcufinder\reactClient1\index.html
2026-02-12 13:34:47,883 [ERROR] ServerAccessManage:1212 - Problem, file not found on Server
2026-02-12 13:34:48,063 [INFO] WebApp:191 - Connection restablished
2026-02-12 13:34:48,237 [INFO] UserAuth:487 - Internet connection configuration mode: 1
2026-02-12 13:34:48,546 [ERROR] ServerAccessManage:1212 - Problem, file not found on Server
2026-02-12 13:34:49,118 [ERROR] ServerAccessManage:1212 - Problem, file not found on Server
2026-02-12 13:34:49,684 [ERROR] ServerAccessManage:1212 - Problem, file not found on Server
2026-02-12 13:34:50,311 [ERROR] ServerAccessManage:1212 - Problem, file not found on Server
2026-02-12 13:34:50,393 [WARN] MainUpdater:1193 - Updater busy. Cannot search thirdparties
2026-02-12 13:34:50,393 [INFO] ThirdPartyUpdaterWithRetryManager:96 - Updater plugin is busy. [4/15]
2026-02-12 13:34:50,639 [INFO] ServerAccessManage:452 - Complete download http(s) 200
2026-02-12 13:34:50,640 [INFO] ServerAccessManage:509 - Download File STMicroelectronics.X-CUBE-MEMS1.pdsc
2026-02-12 13:34:53,395 [WARN] MainUpdater:1193 - Updater busy. Cannot search thirdparties
2026-02-12 13:34:53,396 [INFO] ThirdPartyUpdaterWithRetryManager:96 - Updater plugin is busy. [5/15]
2026-02-12 13:34:53,543 [INFO] ServerAccessManage:452 - Complete download http(s) 200
2026-02-12 13:34:53,544 [INFO] ServerAccessManage:509 - Download File STMicroelectronics.X-CUBE-NFC6.pdsc
2026-02-12 13:34:54,361 [INFO] ServerAccessManage:452 - Complete download http(s) 200
2026-02-12 13:34:54,362 [INFO] ServerAccessManage:509 - Download File STMicroelectronics.X-CUBE-ST67W61.pdsc
2026-02-12 13:34:54,667 [INFO] ServerAccessManage:452 - Complete download http(s) 200
2026-02-12 13:34:54,667 [INFO] ServerAccessManage:509 - Download File STMicroelectronics.X-CUBE-STSE01.pdsc
2026-02-12 13:34:55,302 [INFO] ServerAccessManage:452 - Complete download http(s) 200
2026-02-12 13:34:55,303 [INFO] ServerAccessManage:509 - Download File STMicroelectronics.X-CUBE-AZRTOS-H7RS.pdsc
2026-02-12 13:34:56,399 [WARN] MainUpdater:1193 - Updater busy. Cannot search thirdparties
2026-02-12 13:34:56,399 [INFO] ThirdPartyUpdaterWithRetryManager:96 - Updater plugin is busy. [6/15]
2026-02-12 13:34:59,401 [WARN] MainUpdater:1193 - Updater busy. Cannot search thirdparties
2026-02-12 13:34:59,402 [INFO] ThirdPartyUpdaterWithRetryManager:96 - Updater plugin is busy. [7/15]
2026-02-12 13:35:02,402 [WARN] MainUpdater:1193 - Updater busy. Cannot search thirdparties
2026-02-12 13:35:02,402 [INFO] ThirdPartyUpdaterWithRetryManager:96 - Updater plugin is busy. [8/15]
2026-02-12 13:35:05,406 [WARN] MainUpdater:1193 - Updater busy. Cannot search thirdparties
2026-02-12 13:35:05,406 [INFO] ThirdPartyUpdaterWithRetryManager:96 - Updater plugin is busy. [9/15]
2026-02-12 13:35:05,995 [INFO] MainUpdater:2872 - connection check result : 10
2026-02-12 13:35:08,408 [WARN] MainUpdater:1193 - Updater busy. Cannot search thirdparties
2026-02-12 13:35:08,409 [INFO] ThirdPartyUpdaterWithRetryManager:96 - Updater plugin is busy. [10/15]
2026-02-12 13:35:11,410 [WARN] MainUpdater:1193 - Updater busy. Cannot search thirdparties
2026-02-12 13:35:11,411 [INFO] ThirdPartyUpdaterWithRetryManager:96 - Updater plugin is busy. [11/15]
2026-02-12 13:35:14,411 [WARN] MainUpdater:1193 - Updater busy. Cannot search thirdparties
2026-02-12 13:35:14,411 [INFO] ThirdPartyUpdaterWithRetryManager:96 - Updater plugin is busy. [12/15]
2026-02-12 13:35:15,689 [INFO] ServerAccessManage:452 - Complete download http(s) 200
2026-02-12 13:35:15,692 [INFO] ServerAccessManage:509 - Download File Avnet-IOTCONNECT.X-CUBE-iotc-st67-sdk.pdsc
2026-02-12 13:35:16,514 [INFO] CheckServerUpdateThread:120 - End of CheckServer Thread
2026-02-12 13:35:16,516 [INFO] McuFinderGlobals:76 - Set McuFinderConnectedMode to true
2026-02-12 13:35:17,413 [WARN] MainUpdater:1193 - Updater busy. Cannot search thirdparties
2026-02-12 13:35:17,414 [INFO] ThirdPartyUpdaterWithRetryManager:96 - Updater plugin is busy. [13/15]
2026-02-12 13:35:17,556 [WARN] PackLoader:240 - Cannot read IP mode file for STMicroelectronics.FP-SNS-MOTENV1.5.1.0
2026-02-12 13:35:17,774 [WARN] PackLoader:240 - Cannot read IP mode file for STMicroelectronics.X-CUBE-FREERTOS.1.4.0
2026-02-12 13:35:17,808 [WARN] PackLoader:240 - Cannot read IP mode file for STMicroelectronics.X-CUBE-GNSS1.7.1.0
2026-02-12 13:35:18,015 [WARN] PackLoader:240 - Cannot read IP mode file for STMicroelectronics.X-CUBE-MEMS1.12.0.0
2026-02-12 13:35:18,265 [INFO] ServerAccessManage:452 - Complete download http(s) 200
2026-02-12 13:35:18,295 [INFO] ServerAccessManage:509 - Download File mcusAds.json._tmp_
2026-02-12 13:35:18,371 [WARN] PackLoader:240 - Cannot read IP mode file for STMicroelectronics.X-CUBE-NFC6.3.2.0
2026-02-12 13:35:18,397 [WARN] PackLoader:240 - Cannot read IP mode file for STMicroelectronics.X-CUBE-ST67W61.1.2.0
2026-02-12 13:35:18,420 [WARN] PackLoader:240 - Cannot read IP mode file for STMicroelectronics.X-CUBE-STSE01.2.0.0
2026-02-12 13:35:18,436 [INFO] LoadUrlFilesThread:156 - End of LoadUrlFiles Thread
2026-02-12 13:35:18,492 [WARN] PackLoader:240 - Cannot read IP mode file for STMicroelectronics.X-CUBE-AZRTOS-H7RS.1.2.0
2026-02-12 13:35:18,705 [INFO] PopulateThirdPartyThread:66 - Ending populate Thread
2026-02-12 13:35:18,716 [INFO] ThirdParty:1030 - CMSIS Pack Vendor :STMicroelectronics X-CUBE-FREERTOS 1.4.0
2026-02-12 13:35:18,718 [INFO] ThirdParty:1030 - CMSIS Pack Vendor :STMicroelectronics X-CUBE-MEMS1 12.0.0
2026-02-12 13:35:18,719 [INFO] ThirdParty:1030 - CMSIS Pack Vendor :STMicroelectronics X-CUBE-GNSS1 7.1.0
2026-02-12 13:35:18,720 [INFO] ThirdParty:1030 - CMSIS Pack Vendor :STMicroelectronics X-CUBE-STSE01 2.0.0
2026-02-12 13:35:18,720 [INFO] ThirdParty:1030 - CMSIS Pack Vendor :Avnet-IOTCONNECT X-CUBE-iotc-st67-sdk 1.0.0
2026-02-12 13:35:18,721 [INFO] ThirdParty:1030 - CMSIS Pack Vendor :STMicroelectronics FP-SNS-MOTENV1 5.1.0
2026-02-12 13:35:18,721 [INFO] ThirdParty:1030 - CMSIS Pack Vendor :STMicroelectronics X-CUBE-AZRTOS-H7RS 1.2.0
2026-02-12 13:35:18,721 [INFO] ThirdParty:1030 - CMSIS Pack Vendor :STMicroelectronics X-CUBE-NFC6 3.2.0
2026-02-12 13:35:18,721 [INFO] ThirdParty:1030 - CMSIS Pack Vendor :STMicroelectronics X-CUBE-ST67W61 1.2.0
2026-02-12 13:35:18,724 [INFO] LoadServerUpdatesThread:375 - End of LoadServerUpdate Thread
2026-02-12 13:35:19,851 [INFO] ServerAccessManage:452 - Complete download http(s) 200
2026-02-12 13:35:19,853 [INFO] ServerAccessManage:509 - Download File cube-finder-db.zip
2026-02-12 13:35:20,416 [WARN] MainUpdater:1193 - Updater busy. Cannot search thirdparties
2026-02-12 13:35:20,417 [INFO] ThirdPartyUpdaterWithRetryManager:96 - Updater plugin is busy. [14/15]
2026-02-12 13:35:23,421 [WARN] MainUpdater:1193 - Updater busy. Cannot search thirdparties
2026-02-12 13:35:23,423 [INFO] ThirdPartyUpdaterWithRetryManager:96 - Updater plugin is busy. [15/15]
2026-02-12 13:35:23,426 [ERROR] IntegrityCheckThread:130 - Cannot retrieve database content from updater: error -1
2026-02-12 13:35:23,430 [INFO] ThirdParty:978 - Integrity check success = false
2026-02-12 13:35:23,431 [INFO] IntegrityCheckThread:100 - exiting critical section [integrity check]
2026-02-12 13:35:23,431 [INFO] IntegrityCheckThread:103 - End integrity checks thread
2026-02-12 13:35:32,567 [INFO] FileExtend:248 - Unzip File : cube-finder-db.zip
2026-02-12 13:35:32,569 [INFO] FileExtend:263 - Standard Zip Deflate
2026-02-12 13:35:35,609 [INFO] LoadUrlFilesThread:156 - End of LoadUrlFiles Thread
2026-02-12 13:35:37,001 [INFO] ServerAccessManage:452 - Complete download http(s) 200
2026-02-12 13:35:37,002 [INFO] ServerAccessManage:509 - Download File crdb.zip
2026-02-12 13:35:38,867 [INFO] FileExtend:248 - Unzip File : crdb.zip
2026-02-12 13:35:38,867 [INFO] FileExtend:263 - Standard Zip Deflate
2026-02-12 13:35:39,051 [INFO] LoadUrlFilesThread:156 - End of LoadUrlFiles Thread
2026-02-12 13:35:40,228 [INFO] ServerAccessManage:452 - Complete download http(s) 200
2026-02-12 13:35:40,228 [INFO] ServerAccessManage:509 - Download File tutoVideoDB.zip
2026-02-12 13:35:40,310 [INFO] FileExtend:248 - Unzip File : tutoVideoDB.zip
2026-02-12 13:35:40,311 [INFO] FileExtend:263 - Standard Zip Deflate
2026-02-12 13:35:40,467 [INFO] LoadUrlFilesThread:156 - End of LoadUrlFiles Thread
2026-02-12 13:35:40,601 [WARN] DbFile:41 - Overriding database path with different value: C:\Users\Alfred\.stmcufinder\plugins\mcufinder/ => C:\Users\Alfred\.stmcufinder\plugins\mcufinder
2026-02-12 13:35:40,689 [INFO] ServerAccessManage:452 - Complete download http(s) 200
2026-02-12 13:35:40,691 [INFO] ServerAccessManage:509 - Download File api_config.json
2026-02-12 13:35:40,798 [INFO] LoadUrlFilesThread:156 - End of LoadUrlFiles Thread
2026-02-12 13:35:40,808 [INFO] DbMcusAds:53 - JSON generation date=Tue Feb 10 17:46:36 IST 2026 (1770725796209)
2026-02-12 13:35:41,499 [INFO] ServerAccessManage:452 - Complete download http(s) 200
2026-02-12 13:35:41,499 [INFO] ServerAccessManage:509 - Download File 
2026-02-12 13:35:41,556 [INFO] LoadUrlFilesThread:185 - End of LoadServerUrlFiles without Thread
2026-02-12 13:35:41,564 [INFO] TargetSelectorAdapter:259 - Refresh data is successful
2026-02-12 13:35:43,859 [INFO] ApiDb:581 - Connected to CubeFinder SQLite database (C:\Users\Alfred\.stmcufinder\plugins\mcufinder\mcu\cube-finder-db.db)
2026-02-12 13:35:44,129 [INFO] ApiDb:668 - CubeFinder database Data Model version=2.1
2026-02-12 13:35:44,130 [INFO] ApiDb:669 - CubeFinder database Configuration version=3.0.39
2026-02-12 13:35:44,131 [INFO] ApiDb:670 - CubeFinder database generation date=2025-12-22 (1766407740)
2026-02-12 13:35:44,140 [INFO] ApiDb:671 - CubeFinder database FW Pack versions=[FP-ATR-ASTRA1_V2.0.0, FP-SNS-FLIGHT1_V5.1.0, FP-SNS-MOTENV1_V5.1.0, FP-SNS-MOTENVWB1_V1.4.0, FP-SNS-SMARTAG2_V1.2.0, FP-SNS-STBOX1_V2.1.0, STM32Cube_FW_C0_V1.4.0, STM32Cube_FW_F4_V1.28.3, STM32Cube_FW_F7_V1.17.4, STM32Cube_FW_G0_V1.6.2, STM32Cube_FW_G4_V1.6.1, STM32Cube_FW_H5_V1.5.1, STM32Cube_FW_H7RS_V1.3.0, STM32Cube_FW_H7_V1.12.1, STM32Cube_FW_L0_V1.12.2, STM32Cube_FW_L4_V1.18.1, STM32Cube_FW_L5_V1.6.0, STM32Cube_FW_N6_V1.3.0, STM32Cube_FW_U0_V1.3.0, STM32Cube_FW_U3_V1.2.1, STM32Cube_FW_U5_V1.8.0, STM32Cube_FW_WB0_V1.4.0, STM32Cube_FW_WBA_V1.8.0, STM32Cube_FW_WB_V1.24.0, STM32Cube_FW_WL3_V1.3.0, STM32Cube_FW_WL_V1.4.0, X-CUBE-ALGOBUILD_V1.4.0, X-CUBE-ALS_V1.0.2, X-CUBE-AZRTOS-F4_V1.1.0, X-CUBE-AZRTOS-F7_V1.1.0, X-CUBE-AZRTOS-G0_V1.1.0, X-CUBE-AZRTOS-G4_V2.0.0, X-CUBE-AZRTOS-H7RS_V1.1.0, X-CUBE-AZRTOS-H7_V3.4.0, X-CUBE-AZRTOS-L4_V2.0.0, X-CUBE-AZRTOS-L5_V2.0.0, X-CUBE-AZRTOS-WB_V2.0.0, X-CUBE-AZRTOS-WL_V2.0.0, X-CUBE-BLE1_V7.1.0, X-CUBE-BLE2_V3.3.0, X-CUBE-BLEMGR_V4.1.0, X-CUBE-EEPRMA1_V5.2.0, X-CUBE-FREERTOS_V1.3.1, X-CUBE-GNSS1_V6.0.0, X-CUBE-MEMS1_V12.0.0, X-CUBE-NFC4_V3.0.0, X-CUBE-NFC7_V2.0.0, X-CUBE-SFXS2LP1_V4.0.0, X-CUBE-ST67W61_V1.1.0, X-CUBE-SUBG2_V5.0.0, X-CUBE-TOF1_V3.4.3]
2026-02-12 13:35:50,756 [INFO] ApiDb:240 - Found 880 in-development CPN: [B-G473E-ZEST1S, B-WB1M-WPAN1, B-WBA5M-WPAN, B-WL5M-SUBG1, NUCLEO-C031C6, NUCLEO-C051C8, NUCLEO-C071RB, NUCLEO-C092RC, NUCLEO-H503RB, NUCLEO-H533RE, NUCLEO-H563ZI, NUCLEO-H7S3L8, NUCLEO-N657X0-Q, NUCLEO-U031R8, NUCLEO-U083RC, NUCLEO-U385RG-Q, NUCLEO-U545RE-Q, NUCLEO-U5A5ZJ-Q, NUCLEO-WB05KZ, NUCLEO-WB07CC, NUCLEO-WB09KE, NUCLEO-WBA52CG, NUCLEO-WBA55CG, NUCLEO-WL33CC1, NUCLEO-WL33CC2, STEVAL-PROTEUS1, STEVAL-SMARTAG2, STEVAL-STWINBX1, STM320518-EVAL, STM32C0116-DK, STM32C011D6Y3TR, STM32C011D6Y6TR, STM32C011F4P3, STM32C011F4P6, STM32C011F4U3, STM32C011F4U6TR, STM32C011F6P3, STM32C011F6P6, STM32C011F6U3, STM32C011F6U6TR, STM32C011J4M3, STM32C011J4M6, STM32C011J6M3, STM32C011J6M6, STM32C0316-DK, STM32C031C4T3, STM32C031C4T6, STM32C031C4U3, STM32C031C4U6, STM32C031C6T3, STM32C031C6T6, STM32C031C6U3, STM32C031C6U6, STM32C031F4P3, STM32C031F4P6, STM32C031F6P3, STM32C031F6P6, STM32C031G4U3, STM32C031G4U6, STM32C031G6U3, STM32C031G6U6, STM32C031K4T3, STM32C031K4T6, STM32C031K4U3, STM32C031K4U6, STM32C031K6T3, STM32C031K6T6, STM32C031K6U3, STM32C031K6U6, STM32C051C6T6, STM32C051C6U6, STM32C051C8T6, STM32C051C8U6, STM32C051D8Y6TR, STM32C051F6P6, STM32C051F8P6, STM32C051G6U6, STM32C051G8U6, STM32C051K6T6, STM32C051K6U6, STM32C051K8T6, STM32C071C8T6, STM32C071C8T6N, STM32C071C8U6, STM32C071C8U6N, STM32C071CBT6, STM32C071CBT6N, STM32C071CBU6, STM32C071CBU6N, STM32C071F8P6, STM32C071F8P6N, STM32C071FBP6, STM32C071FBP6N, STM32C071FBY6TR, STM32C071G8U6, STM32C071G8U6N, STM32C071GBU6, STM32C071GBU6N, STM32C071K8T6, STM32C071K8T6N, STM32C071K8U6, STM32C071K8U6N, STM32C071KBT6, STM32C071KBT6N, STM32C071KBU6, STM32C071KBU6N, STM32C071R8T6, STM32C071R8T6N, STM32C071RBI6N, STM32C071RBT6, STM32C071RBT6N, STM32C091CBT6, STM32C091CBU6, STM32C091CCT6, STM32C091CCU6, STM32C091ECY6TR, STM32C091FBP6, STM32C091FCP6, STM32C091GBU6, STM32C091GCU6, STM32C091KBT6, STM32C091KBU6, STM32C091KCT6, STM32C091KCU6, STM32C091RBT6, STM32C091RCI6, STM32C091RCT6, STM32C092CBT6, STM32C092CBU6, STM32C092CCT6, STM32C092CCU6, STM32C092ECY6TR, STM32C092FBP6, STM32C092FCP6, STM32C092GBU6, STM32C092GCU6, STM32C092KBT6, STM32C092KBU6, STM32C092KCT6, STM32C092KCU6, STM32C092RBT6, STM32C092RCI6, STM32C092RCT6, STM32G071K8TXN, STM32G071K8UXN, STM32G081GBU6N, STM32G081KBT6N, STM32G081KBUXN, STM32G0B1CCT6N, STM32G0B1KCT6, STM32G0B1NEY6TR, STM32G0B1RCT6N, STM32G0C1CCT6, STM32G0C1CCT6N, STM32G0C1CCU6N, STM32G0C1CET6N, STM32G0C1CEU6N, STM32G0C1KCT6, STM32G0C1NEY6TR, STM32G0C1RCI6N, STM32G0C1RCT6N, STM32G0C1REI6N, STM32G0C1RET6N, STM32G0C1VCI6, STM32G0C1VEI6, STM32G411C6T3, STM32G411C6T6, STM32G411C6U3, STM32G411C6U6, STM32G411C8T3, STM32G411C8T6, STM32G411C8U3, STM32G411C8U6, STM32G411CBT3, STM32G411CBT6, STM32G411CBU3, STM32G411CBU6, STM32G411K6T3, STM32G411K6T6, STM32G411K6U3, STM32G411K6U6, STM32G411K8T3, STM32G411K8T6, STM32G411K8U3, STM32G411K8U6, STM32G411KBT3, STM32G411KBT6, STM32G411KBU3, STM32G411KBU6, STM32G411M6T3, STM32G411M6T6, STM32G411M8T3, STM32G411M8T6, STM32G411MBT3, STM32G411MBT6, STM32G411R6T3, STM32G411R6T6, STM32G411R8T3, STM32G411R8T6, STM32G411RBT3, STM32G411RBT6, STM32G414CBT3, STM32G414CBT6, STM32G414CBU3, STM32G414CBU6, STM32G414CCT3, STM32G414CCT6, STM32G414CCU3, STM32G414CCU6, STM32G414MBT3, STM32G414MBT6, STM32G414MCT3, STM32G414MCT6, STM32G414RBT3, STM32G414RBT6, STM32G414RCT3, STM32G414RCT6, STM32G414VBT3, STM32G414VBT6, STM32G414VCT3, STM32G414VCT6, STM32G431CBT3Z, STM32G431RBT3Z, STM32G471CCT6, STM32G471CCU6, STM32G471CET3, STM32G471CET6, STM32G471CEU3, STM32G471CEU6, STM32G471MCT6, STM32G471MET3, STM32G471MET6, STM32G471MEY6TR, STM32G471QCT6, STM32G471QET3, STM32G471RCT6, STM32G471RET3, STM32G471RET6, STM32G471VCH6, STM32G471VCI6, STM32G471VCT6, STM32G471VEH3, STM32G471VEH6, STM32G471VEI3, STM32G471VEI6, STM32G471VET3, STM32G471VET6, STM32G473QET3Z, STM32G473RET3Z, STM32G474CCT6, STM32G491RET3Z, STM32H503CBT6, STM32H503CBU6, STM32H503EBY6TR, STM32H503KBU6, STM32H503RBT6, STM32H523CCT6, STM32H523CCU6, STM32H523CET6, STM32H523CEU6, STM32H523HEY6TR, STM32H523RCT6, STM32H523RET6, STM32H523VCI6, STM32H523VCT6, STM32H523VEI6, STM32H523VET6, STM32H523ZCJ6, STM32H523ZCT6, STM32H523ZEJ6, STM32H523ZET6, STM32H533CET6, STM32H533CEU6, STM32H533HEY6TR, STM32H533RET6, STM32H533VEI6, STM32H533VET6, STM32H533ZEJ6, STM32H533ZET6, STM32H562AGI6, STM32H562AII6, STM32H562IGK6, STM32H562IGT6, STM32H562IIK6, STM32H562IIT6, STM32H562RGT6, STM32H562RGV6, STM32H562RIT6, STM32H562RIV6, STM32H562VGT6, STM32H562VIT6, STM32H562ZGT6, STM32H562ZIT6, STM32H563AGI6, STM32H563AII3Q, STM32H563AII6, STM32H563IGK6, STM32H563IGT6, STM32H563IIK3Q, STM32H563IIK6, STM32H563IIT3Q, STM32H563IIT6, STM32H563MIY3QTR, STM32H563RGT6, STM32H563RGV6, STM32H563RIT6, STM32H563RIV6, STM32H563VGT6, STM32H563VIT3Q, STM32H563VIT6, STM32H563ZGT6, STM32H563ZIT3Q, STM32H563ZIT6, STM32H573AII3Q, STM32H573AII6, STM32H573I-DK, STM32H573IIK3Q, STM32H573IIK6, STM32H573IIT3Q, STM32H573IIT6, STM32H573MIY3QTR, STM32H573RIT6, STM32H573RIV6, STM32H573VIT3Q, STM32H573VIT6, STM32H573ZIT3Q, STM32H573ZIT6, STM32H7R3A8I6, STM32H7R3I8K6, STM32H7R3I8T6, STM32H7R3L8H6, STM32H7R3L8H6H, STM32H7R3R8V6, STM32H7R3V8H6, STM32H7R3V8T6, STM32H7R3V8Y6TR, STM32H7R3Z8J6, STM32H7R3Z8T6, STM32H7R7A8I6, STM32H7R7I8K6, STM32H7R7I8T6, STM32H7R7L8H6, STM32H7R7L8H6H, STM32H7R7Z8J6, STM32H7S3A8I6, STM32H7S3I8K6, STM32H7S3I8T6, STM32H7S3L8H6, STM32H7S3L8H6H, STM32H7S3R8V6, STM32H7S3V8H6, STM32H7S3V8T6, STM32H7S3V8Y6TR, STM32H7S3Z8J6, STM32H7S3Z8T6, STM32H7S78-DK, STM32H7S7A8I6, STM32H7S7I8K6, STM32H7S7I8T6, STM32H7S7L8H6, STM32H7S7L8H6H, STM32H7S7Z8J6, STM32L4R5QGI6STR, STM32MP131AAE3, STM32MP131AAF3, STM32MP131AAG3, STM32MP131CAE3, STM32MP131CAF3, STM32MP131CAG3, STM32MP131DAE7, STM32MP131DAF7, STM32MP131DAG7, STM32MP131FAE7, STM32MP131FAF7, STM32MP131FAG7, STM32MP133AAE3, STM32MP133AAF3, STM32MP133AAG3, STM32MP133CAE3, STM32MP133CAF3, STM32MP133CAG3, STM32MP133DAE7, STM32MP133DAF7, STM32MP133DAG7, STM32MP133FAE7, STM32MP133FAF7, STM32MP133FAG7, STM32MP135AAE3, STM32MP135AAF3, STM32MP135AAG3, STM32MP135CAE3, STM32MP135CAF3, STM32MP135CAG3, STM32MP135DAE7, STM32MP135DAF7, STM32MP135DAG7, STM32MP135F-DK, STM32MP135FAE7, STM32MP135FAF7, STM32MP135FAF7T, STM32MP135FAF7U, STM32MP135FAG7, STM32MP211AAL3, STM32MP211AAM3, STM32MP211AAN3, STM32MP211AAO3, STM32MP211CAL3, STM32MP211CAM3, STM32MP211CAN3, STM32MP211CAO3, STM32MP211DAL3, STM32MP211DAM3, STM32MP211DAN3, STM32MP211DAO3, STM32MP211FAL3, STM32MP211FAM3, STM32MP211FAN3, STM32MP211FAO3, STM32MP213AAL3, STM32MP213AAM3, STM32MP213AAN3, STM32MP213AAO3, STM32MP213CAL3, STM32MP213CAM3, STM32MP213CAN3, STM32MP213CAO3, STM32MP213DAL3, STM32MP213DAM3, STM32MP213DAN3, STM32MP213DAO3, STM32MP213FAL3, STM32MP213FAM3, STM32MP213FAN3, STM32MP213FAO3, STM32MP215AAL3, STM32MP215AAM3, STM32MP215AAN3, STM32MP215AAO3, STM32MP215CAL3, STM32MP215CAM3, STM32MP215CAN3, STM32MP215CAO3, STM32MP215DAL3, STM32MP215DAM3, STM32MP215DAN3, STM32MP215DAO3, STM32MP215F-DK, STM32MP215FAL3, STM32MP215FAM3, STM32MP215FAN3, STM32MP215FAO3, STM32MP231AAJ3, STM32MP231AAK3, STM32MP231AAL3, STM32MP231CAJ3, STM32MP231CAK3, STM32MP231CAL3, STM32MP231DAJ3, STM32MP231DAK3, STM32MP231DAL3, STM32MP231FAJ3, STM32MP231FAK3, STM32MP231FAL3, STM32MP233AAJ3, STM32MP233AAK3, STM32MP233AAL3, STM32MP233CAJ3, STM32MP233CAK3, STM32MP233CAL3, STM32MP233DAJ3, STM32MP233DAK3, STM32MP233DAL3, STM32MP233FAJ3, STM32MP233FAK3, STM32MP233FAL3, STM32MP235AAJ3, STM32MP235AAK3, STM32MP235AAL3, STM32MP235CAJ3, STM32MP235CAK3, STM32MP235CAL3, STM32MP235DAJ3, STM32MP235DAK3, STM32MP235DAL3, STM32MP235FAJ3, STM32MP235FAK3, STM32MP235FAL3, STM32MP251AAI3, STM32MP251AAK3, STM32MP251AAL3, STM32MP251CAI3, STM32MP251CAK3, STM32MP251CAL3, STM32MP251DAI3, STM32MP251DAK3, STM32MP251DAL3, STM32MP251FAI3, STM32MP251FAK3, STM32MP251FAL3, STM32MP253AAI3, STM32MP253AAK3, STM32MP253AAL3, STM32MP253CAI3, STM32MP253CAK3, STM32MP253CAL3, STM32MP253DAI3, STM32MP253DAK3, STM32MP253DAL3, STM32MP253FAI3, STM32MP253FAK3, STM32MP253FAL3, STM32MP255AAI3, STM32MP255AAK3, STM32MP255AAL3, STM32MP255CAI3, STM32MP255CAK3, STM32MP255CAL3, STM32MP255DAI3, STM32MP255DAK3, STM32MP255DAL3, STM32MP255FAI3, STM32MP255FAK3, STM32MP255FAL3, STM32MP257AAI3, STM32MP257AAK3, STM32MP257AAL3, STM32MP257CAI3, STM32MP257CAK3, STM32MP257CAL3, STM32MP257DAI3, STM32MP257DAK3, STM32MP257DAL3, STM32MP257F-DK, STM32MP257F-EV1, STM32MP257FAI3, STM32MP257FAK3, STM32MP257FAL3, STM32N645A0H3Q, STM32N645B0H3Q, STM32N645I0H3Q, STM32N645L0H3Q, STM32N645X0H3Q, STM32N645Z0H3Q, STM32N647A0H3Q, STM32N647B0H3Q, STM32N647I0H3Q, STM32N647L0H3Q, STM32N647X0H3Q, STM32N647Z0H3Q, STM32N655A0H3Q, STM32N655B0H3Q, STM32N655I0H3Q, STM32N655L0H3Q, STM32N655X0H3Q, STM32N655Z0H3Q, STM32N6570-DK, STM32N657A0H3Q, STM32N657B0H3Q, STM32N657I0H3Q, STM32N657L0H3Q, STM32N657X0H3Q, STM32N657Z0H3Q, STM32U031C6T6, STM32U031C6U6, STM32U031C8T6, STM32U031C8U6, STM32U031F4P6, STM32U031F6P6, STM32U031F8P6, STM32U031G6Y6TR, STM32U031G8Y6TR, STM32U031K4U6, STM32U031K6U6, STM32U031K8U6, STM32U031R6I6, STM32U031R6T6, STM32U031R8I6, STM32U031R8T6, STM32U073C8T6, STM32U073C8U6, STM32U073CBT6, STM32U073CBU6, STM32U073CCT6, STM32U073CCU6, STM32U073H8Y6TR, STM32U073HBY6TR, STM32U073HCY6TR, STM32U073K8U6, STM32U073KBU6, STM32U073KCU6, STM32U073M8I6, STM32U073M8T6, STM32U073MBI6, STM32U073MBT6, STM32U073MCI6, STM32U073MCT6, STM32U073R8I6, STM32U073R8T6, STM32U073RBI6, STM32U073RBT6, STM32U073RCI6, STM32U073RCT6, STM32U083C-DK, STM32U083CCT6, STM32U083CCU6, STM32U083HCY6TR, STM32U083KCU6, STM32U083MCI6, STM32U083MCT6, STM32U083RCI6, STM32U083RCT6, STM32U375CET6, STM32U375CET6Q, STM32U375CEU6, STM32U375CEU6Q, STM32U375CEY6QTR, STM32U375CGT6, STM32U375CGT6Q, STM32U375CGU6, STM32U375CGU6Q, STM32U375CGY6QTR, STM32U375KEU6, STM32U375KGU6, STM32U375REI6, STM32U375REI6Q, STM32U375RET6, STM32U375RET6Q, STM32U375REY6GTR, STM32U375REY6QTR, STM32U375RGI6, STM32U375RGI6Q, STM32U375RGT6, STM32U375RGT6Q, STM32U375RGY6GTR, STM32U375RGY6QTR, STM32U375VEI6, STM32U375VEI6Q, STM32U375VET6, STM32U375VET6Q, STM32U375VGI6, STM32U375VGI6Q, STM32U375VGT6, STM32U375VGT6Q, STM32U385CGT6, STM32U385CGT6Q, STM32U385CGU6, STM32U385CGU6Q, STM32U385CGY6QTR, STM32U385KGU6, STM32U385RGI6, STM32U385RGI6Q, STM32U385RGT6, STM32U385RGT6Q, STM32U385RGY6GTR, STM32U385RGY6QTR, STM32U385VGI6, STM32U385VGI6Q, STM32U385VGT6, STM32U385VGT6Q, STM32U535CBT6, STM32U535CBT6Q, STM32U535CBU6, STM32U535CBU6Q, STM32U535CCT6, STM32U535CCT6Q, STM32U535CCU6, STM32U535CCU6Q, STM32U535CET6, STM32U535CET6Q, STM32U535CEU6, STM32U535CEU6Q, STM32U535JEY6QTR, STM32U535NCY6QTR, STM32U535NEY6QTR, STM32U535RBI6, STM32U535RBI6Q, STM32U535RBT6, STM32U535RBT6Q, STM32U535RCI6, STM32U535RCI6Q, STM32U535RCT6, STM32U535RCT6Q, STM32U535REI6, STM32U535REI6Q, STM32U535RET6, STM32U535RET6Q, STM32U535VCI6, STM32U535VCI6Q, STM32U535VCT6, STM32U535VCT6Q, STM32U535VEI6, STM32U535VEI6Q, STM32U535VET6, STM32U535VET6Q, STM32U545CET6, STM32U545CET6Q, STM32U545CEU6, STM32U545CEU6Q, STM32U545JEY6QTR, STM32U545NEY6QTR, STM32U545REI6, STM32U545REI6Q, STM32U545RET6, STM32U545RET6Q, STM32U545VEI6, STM32U545VEI6Q, STM32U545VET6, STM32U545VET6Q, STM32U595AIH6, STM32U595AIH6Q, STM32U595AJH6, STM32U595AJH6Q, STM32U595QII6, STM32U595QII6Q, STM32U595QJI6, STM32U595QJI6Q, STM32U595RIT6, STM32U595RIT6Q, STM32U595RJT6, STM32U595RJT6Q, STM32U595VIT6, STM32U595VIT6Q, STM32U595VJT6, STM32U595VJT6Q, STM32U595ZIT6, STM32U595ZIT6Q, STM32U595ZIY6QTR, STM32U595ZJT6, STM32U595ZJT6Q, STM32U595ZJY6QTR, STM32U599BJY6QTR, STM32U599NIH6Q, STM32U599NJH6Q, STM32U599VIT6Q, STM32U599VJT6, STM32U599VJT6Q, STM32U599ZIT6Q, STM32U599ZIY6QTR, STM32U599ZJT6Q, STM32U599ZJY6QTR, STM32U5A5AJH6, STM32U5A5AJH6Q, STM32U5A5QII3Q , STM32U5A5QJI6, STM32U5A5QJI6Q, STM32U5A5RJT6, STM32U5A5RJT6Q, STM32U5A5VJT6, STM32U5A5VJT6Q, STM32U5A5ZJT6, STM32U5A5ZJT6Q, STM32U5A5ZJY6QTR, STM32U5A9BJY6QTR, STM32U5A9J-DK, STM32U5A9NJH6Q, STM32U5A9VJT6Q, STM32U5A9ZJT6Q, STM32U5A9ZJY6QTR, STM32U5F7VIT6, STM32U5F7VIT6Q, STM32U5F7VJT6, STM32U5F7VJT6Q, STM32U5F9BJY6QTR, STM32U5F9NJH6Q, STM32U5F9VIT6Q, STM32U5F9VJT6Q, STM32U5F9ZIJ6QTR, STM32U5F9ZIT6Q, STM32U5F9ZJJ6QTR, STM32U5F9ZJT6Q, STM32U5G7VJT6, STM32U5G7VJT6Q, STM32U5G9BJY6QTR, STM32U5G9J-DK1, STM32U5G9J-DK2, STM32U5G9NJH6Q, STM32U5G9VJT6Q, STM32U5G9ZJJ6QTR, STM32U5G9ZJT6Q, STM32WB05KZV6TR, STM32WB05KZV7TR, STM32WB05TZF6TR, STM32WB05TZF7TR, STM32WB06CCF6TR, STM32WB06CCF7TR, STM32WB06CCV6TR, STM32WB06CCV7TR, STM32WB06KCV6TR, STM32WB06KCV7TR, STM32WB07CCF6TR, STM32WB07CCF7TR, STM32WB07CCV6TR, STM32WB07CCV7TR, STM32WB07KCV6TR, STM32WB07KCV7TR, STM32WB09KEV6TR, STM32WB09KEV7TR, STM32WB09TEF6TR, STM32WB09TEF7TR, STM32WB1MMCH6, STM32WBA50KGU6, STM32WBA50KGU6TR, STM32WBA52CEU6, STM32WBA52CEU6TR, STM32WBA52CEU7, STM32WBA52CEU7TR, STM32WBA52CGU6, STM32WBA52CGU6TR, STM32WBA52CGU6U, STM32WBA52CGU7, STM32WBA52CGU7TR, STM32WBA52KEU6, STM32WBA52KEU6TR, STM32WBA52KGU6, STM32WBA52KGU6TR, STM32WBA54CEU6, STM32WBA54CEU6TR, STM32WBA54CEU7, STM32WBA54CEU7TR, STM32WBA54CGU6, STM32WBA54CGU6TR, STM32WBA54CGU7, STM32WBA54CGU7TR, STM32WBA54KEU6, STM32WBA54KEU6TR, STM32WBA54KEU7, STM32WBA54KEU7TR, STM32WBA54KGU6, STM32WBA54KGU6TR, STM32WBA54KGU7, STM32WBA54KGU7TR, STM32WBA55CEU6, STM32WBA55CEU6TR, STM32WBA55CEU7, STM32WBA55CEU7TR, STM32WBA55CGU6, STM32WBA55CGU6TR, STM32WBA55CGU6U, STM32WBA55CGU7, STM32WBA55CGU7TR, STM32WBA55G-DK1, STM32WBA55HEF6, STM32WBA55HEF7, STM32WBA55HGF6, STM32WBA55HGF7, STM32WBA55UEI6, STM32WBA55UEI6TR, STM32WBA55UEI7, STM32WBA55UEI7TR, STM32WBA55UGI6, STM32WBA55UGI6TR, STM32WBA55UGI7, STM32WBA55UGI7TR, STM32WBA5MMGH6TR, STM32WBA62MGF6, STM32WBA62MIF6, STM32WBA65MGF7, STM32WBA65MIF6, STM32WBA65MIF7, STM32WL30K8V6, STM32WL30KBV6, STM32WL31C8V6, STM32WL31CBV6, STM32WL31K8V6, STM32WL31KBV6, STM32WL33C8V6, STM32WL33C8V6X, STM32WL33CBV6, STM32WL33CBV6X, STM32WL33CCV6, STM32WL33CCV6A, STM32WL33CCV6X, STM32WL33K8V7, STM32WL33K8V7X, STM32WL33KBV7 , STM32WL33KBV7X, STM32WL33KCV7, STM32WL33KCV7X, STM32WL5MOCH6, STM32WL5MOCH6TR]
2026-02-12 13:35:50,768 [INFO] DbMcus:218 - Found 4876 MCUs, 4876 are supported
2026-02-12 13:35:50,771 [INFO] ApiDb:414 - User favorites file not found: C:\Users\Alfred/.stm32cubeide/favorites.mcus.txt
2026-02-12 13:35:50,771 [INFO] DbMcus:224 - Set 0 / 0 favorites MCUs
2026-02-12 13:35:51,701 [INFO] ApiDb:668 - CubeFinder database Data Model version=2.1
2026-02-12 13:35:51,701 [INFO] ApiDb:669 - CubeFinder database Configuration version=3.0.39
2026-02-12 13:35:51,701 [INFO] ApiDb:670 - CubeFinder database generation date=2025-12-22 (1766407740)
2026-02-12 13:35:51,701 [INFO] ApiDb:671 - CubeFinder database FW Pack versions=[FP-ATR-ASTRA1_V2.0.0, FP-SNS-FLIGHT1_V5.1.0, FP-SNS-MOTENV1_V5.1.0, FP-SNS-MOTENVWB1_V1.4.0, FP-SNS-SMARTAG2_V1.2.0, FP-SNS-STBOX1_V2.1.0, STM32Cube_FW_C0_V1.4.0, STM32Cube_FW_F4_V1.28.3, STM32Cube_FW_F7_V1.17.4, STM32Cube_FW_G0_V1.6.2, STM32Cube_FW_G4_V1.6.1, STM32Cube_FW_H5_V1.5.1, STM32Cube_FW_H7RS_V1.3.0, STM32Cube_FW_H7_V1.12.1, STM32Cube_FW_L0_V1.12.2, STM32Cube_FW_L4_V1.18.1, STM32Cube_FW_L5_V1.6.0, STM32Cube_FW_N6_V1.3.0, STM32Cube_FW_U0_V1.3.0, STM32Cube_FW_U3_V1.2.1, STM32Cube_FW_U5_V1.8.0, STM32Cube_FW_WB0_V1.4.0, STM32Cube_FW_WBA_V1.8.0, STM32Cube_FW_WB_V1.24.0, STM32Cube_FW_WL3_V1.3.0, STM32Cube_FW_WL_V1.4.0, X-CUBE-ALGOBUILD_V1.4.0, X-CUBE-ALS_V1.0.2, X-CUBE-AZRTOS-F4_V1.1.0, X-CUBE-AZRTOS-F7_V1.1.0, X-CUBE-AZRTOS-G0_V1.1.0, X-CUBE-AZRTOS-G4_V2.0.0, X-CUBE-AZRTOS-H7RS_V1.1.0, X-CUBE-AZRTOS-H7_V3.4.0, X-CUBE-AZRTOS-L4_V2.0.0, X-CUBE-AZRTOS-L5_V2.0.0, X-CUBE-AZRTOS-WB_V2.0.0, X-CUBE-AZRTOS-WL_V2.0.0, X-CUBE-BLE1_V7.1.0, X-CUBE-BLE2_V3.3.0, X-CUBE-BLEMGR_V4.1.0, X-CUBE-EEPRMA1_V5.2.0, X-CUBE-FREERTOS_V1.3.1, X-CUBE-GNSS1_V6.0.0, X-CUBE-MEMS1_V12.0.0, X-CUBE-NFC4_V3.0.0, X-CUBE-NFC7_V2.0.0, X-CUBE-SFXS2LP1_V4.0.0, X-CUBE-ST67W61_V1.1.0, X-CUBE-SUBG2_V5.0.0, X-CUBE-TOF1_V3.4.3]
2026-02-12 13:35:51,854 [INFO] DbBoardsSqlite:226 - include board P-NUCLEO-WB55-NUCLEO as a kit item of type 'Nucleo-64'
2026-02-12 13:35:51,854 [INFO] DbBoardsSqlite:226 - include board P-NUCLEO-WB55-USBDONGLE as a kit item of type 'Nucleo USB Dongle'
2026-02-12 13:35:51,860 [INFO] DbBoardsSqlite:226 - include board STEVAL-IDP005V1 as a kit item of type 'Evaluation Board'
2026-02-12 13:35:51,861 [INFO] DbBoardsSqlite:226 - include board STEVAL-IDP005V2 as a kit item of type 'Evaluation Board'
2026-02-12 13:35:52,891 [INFO] ApiDb:240 - Found 880 in-development CPN: [B-G473E-ZEST1S, B-WB1M-WPAN1, B-WBA5M-WPAN, B-WL5M-SUBG1, NUCLEO-C031C6, NUCLEO-C051C8, NUCLEO-C071RB, NUCLEO-C092RC, NUCLEO-H503RB, NUCLEO-H533RE, NUCLEO-H563ZI, NUCLEO-H7S3L8, NUCLEO-N657X0-Q, NUCLEO-U031R8, NUCLEO-U083RC, NUCLEO-U385RG-Q, NUCLEO-U545RE-Q, NUCLEO-U5A5ZJ-Q, NUCLEO-WB05KZ, NUCLEO-WB07CC, NUCLEO-WB09KE, NUCLEO-WBA52CG, NUCLEO-WBA55CG, NUCLEO-WL33CC1, NUCLEO-WL33CC2, STEVAL-PROTEUS1, STEVAL-SMARTAG2, STEVAL-STWINBX1, STM320518-EVAL, STM32C0116-DK, STM32C011D6Y3TR, STM32C011D6Y6TR, STM32C011F4P3, STM32C011F4P6, STM32C011F4U3, STM32C011F4U6TR, STM32C011F6P3, STM32C011F6P6, STM32C011F6U3, STM32C011F6U6TR, STM32C011J4M3, STM32C011J4M6, STM32C011J6M3, STM32C011J6M6, STM32C0316-DK, STM32C031C4T3, STM32C031C4T6, STM32C031C4U3, STM32C031C4U6, STM32C031C6T3, STM32C031C6T6, STM32C031C6U3, STM32C031C6U6, STM32C031F4P3, STM32C031F4P6, STM32C031F6P3, STM32C031F6P6, STM32C031G4U3, STM32C031G4U6, STM32C031G6U3, STM32C031G6U6, STM32C031K4T3, STM32C031K4T6, STM32C031K4U3, STM32C031K4U6, STM32C031K6T3, STM32C031K6T6, STM32C031K6U3, STM32C031K6U6, STM32C051C6T6, STM32C051C6U6, STM32C051C8T6, STM32C051C8U6, STM32C051D8Y6TR, STM32C051F6P6, STM32C051F8P6, STM32C051G6U6, STM32C051G8U6, STM32C051K6T6, STM32C051K6U6, STM32C051K8T6, STM32C071C8T6, STM32C071C8T6N, STM32C071C8U6, STM32C071C8U6N, STM32C071CBT6, STM32C071CBT6N, STM32C071CBU6, STM32C071CBU6N, STM32C071F8P6, STM32C071F8P6N, STM32C071FBP6, STM32C071FBP6N, STM32C071FBY6TR, STM32C071G8U6, STM32C071G8U6N, STM32C071GBU6, STM32C071GBU6N, STM32C071K8T6, STM32C071K8T6N, STM32C071K8U6, STM32C071K8U6N, STM32C071KBT6, STM32C071KBT6N, STM32C071KBU6, STM32C071KBU6N, STM32C071R8T6, STM32C071R8T6N, STM32C071RBI6N, STM32C071RBT6, STM32C071RBT6N, STM32C091CBT6, STM32C091CBU6, STM32C091CCT6, STM32C091CCU6, STM32C091ECY6TR, STM32C091FBP6, STM32C091FCP6, STM32C091GBU6, STM32C091GCU6, STM32C091KBT6, STM32C091KBU6, STM32C091KCT6, STM32C091KCU6, STM32C091RBT6, STM32C091RCI6, STM32C091RCT6, STM32C092CBT6, STM32C092CBU6, STM32C092CCT6, STM32C092CCU6, STM32C092ECY6TR, STM32C092FBP6, STM32C092FCP6, STM32C092GBU6, STM32C092GCU6, STM32C092KBT6, STM32C092KBU6, STM32C092KCT6, STM32C092KCU6, STM32C092RBT6, STM32C092RCI6, STM32C092RCT6, STM32G071K8TXN, STM32G071K8UXN, STM32G081GBU6N, STM32G081KBT6N, STM32G081KBUXN, STM32G0B1CCT6N, STM32G0B1KCT6, STM32G0B1NEY6TR, STM32G0B1RCT6N, STM32G0C1CCT6, STM32G0C1CCT6N, STM32G0C1CCU6N, STM32G0C1CET6N, STM32G0C1CEU6N, STM32G0C1KCT6, STM32G0C1NEY6TR, STM32G0C1RCI6N, STM32G0C1RCT6N, STM32G0C1REI6N, STM32G0C1RET6N, STM32G0C1VCI6, STM32G0C1VEI6, STM32G411C6T3, STM32G411C6T6, STM32G411C6U3, STM32G411C6U6, STM32G411C8T3, STM32G411C8T6, STM32G411C8U3, STM32G411C8U6, STM32G411CBT3, STM32G411CBT6, STM32G411CBU3, STM32G411CBU6, STM32G411K6T3, STM32G411K6T6, STM32G411K6U3, STM32G411K6U6, STM32G411K8T3, STM32G411K8T6, STM32G411K8U3, STM32G411K8U6, STM32G411KBT3, STM32G411KBT6, STM32G411KBU3, STM32G411KBU6, STM32G411M6T3, STM32G411M6T6, STM32G411M8T3, STM32G411M8T6, STM32G411MBT3, STM32G411MBT6, STM32G411R6T3, STM32G411R6T6, STM32G411R8T3, STM32G411R8T6, STM32G411RBT3, STM32G411RBT6, STM32G414CBT3, STM32G414CBT6, STM32G414CBU3, STM32G414CBU6, STM32G414CCT3, STM32G414CCT6, STM32G414CCU3, STM32G414CCU6, STM32G414MBT3, STM32G414MBT6, STM32G414MCT3, STM32G414MCT6, STM32G414RBT3, STM32G414RBT6, STM32G414RCT3, STM32G414RCT6, STM32G414VBT3, STM32G414VBT6, STM32G414VCT3, STM32G414VCT6, STM32G431CBT3Z, STM32G431RBT3Z, STM32G471CCT6, STM32G471CCU6, STM32G471CET3, STM32G471CET6, STM32G471CEU3, STM32G471CEU6, STM32G471MCT6, STM32G471MET3, STM32G471MET6, STM32G471MEY6TR, STM32G471QCT6, STM32G471QET3, STM32G471RCT6, STM32G471RET3, STM32G471RET6, STM32G471VCH6, STM32G471VCI6, STM32G471VCT6, STM32G471VEH3, STM32G471VEH6, STM32G471VEI3, STM32G471VEI6, STM32G471VET3, STM32G471VET6, STM32G473QET3Z, STM32G473RET3Z, STM32G474CCT6, STM32G491RET3Z, STM32H503CBT6, STM32H503CBU6, STM32H503EBY6TR, STM32H503KBU6, STM32H503RBT6, STM32H523CCT6, STM32H523CCU6, STM32H523CET6, STM32H523CEU6, STM32H523HEY6TR, STM32H523RCT6, STM32H523RET6, STM32H523VCI6, STM32H523VCT6, STM32H523VEI6, STM32H523VET6, STM32H523ZCJ6, STM32H523ZCT6, STM32H523ZEJ6, STM32H523ZET6, STM32H533CET6, STM32H533CEU6, STM32H533HEY6TR, STM32H533RET6, STM32H533VEI6, STM32H533VET6, STM32H533ZEJ6, STM32H533ZET6, STM32H562AGI6, STM32H562AII6, STM32H562IGK6, STM32H562IGT6, STM32H562IIK6, STM32H562IIT6, STM32H562RGT6, STM32H562RGV6, STM32H562RIT6, STM32H562RIV6, STM32H562VGT6, STM32H562VIT6, STM32H562ZGT6, STM32H562ZIT6, STM32H563AGI6, STM32H563AII3Q, STM32H563AII6, STM32H563IGK6, STM32H563IGT6, STM32H563IIK3Q, STM32H563IIK6, STM32H563IIT3Q, STM32H563IIT6, STM32H563MIY3QTR, STM32H563RGT6, STM32H563RGV6, STM32H563RIT6, STM32H563RIV6, STM32H563VGT6, STM32H563VIT3Q, STM32H563VIT6, STM32H563ZGT6, STM32H563ZIT3Q, STM32H563ZIT6, STM32H573AII3Q, STM32H573AII6, STM32H573I-DK, STM32H573IIK3Q, STM32H573IIK6, STM32H573IIT3Q, STM32H573IIT6, STM32H573MIY3QTR, STM32H573RIT6, STM32H573RIV6, STM32H573VIT3Q, STM32H573VIT6, STM32H573ZIT3Q, STM32H573ZIT6, STM32H7R3A8I6, STM32H7R3I8K6, STM32H7R3I8T6, STM32H7R3L8H6, STM32H7R3L8H6H, STM32H7R3R8V6, STM32H7R3V8H6, STM32H7R3V8T6, STM32H7R3V8Y6TR, STM32H7R3Z8J6, STM32H7R3Z8T6, STM32H7R7A8I6, STM32H7R7I8K6, STM32H7R7I8T6, STM32H7R7L8H6, STM32H7R7L8H6H, STM32H7R7Z8J6, STM32H7S3A8I6, STM32H7S3I8K6, STM32H7S3I8T6, STM32H7S3L8H6, STM32H7S3L8H6H, STM32H7S3R8V6, STM32H7S3V8H6, STM32H7S3V8T6, STM32H7S3V8Y6TR, STM32H7S3Z8J6, STM32H7S3Z8T6, STM32H7S78-DK, STM32H7S7A8I6, STM32H7S7I8K6, STM32H7S7I8T6, STM32H7S7L8H6, STM32H7S7L8H6H, STM32H7S7Z8J6, STM32L4R5QGI6STR, STM32MP131AAE3, STM32MP131AAF3, STM32MP131AAG3, STM32MP131CAE3, STM32MP131CAF3, STM32MP131CAG3, STM32MP131DAE7, STM32MP131DAF7, STM32MP131DAG7, STM32MP131FAE7, STM32MP131FAF7, STM32MP131FAG7, STM32MP133AAE3, STM32MP133AAF3, STM32MP133AAG3, STM32MP133CAE3, STM32MP133CAF3, STM32MP133CAG3, STM32MP133DAE7, STM32MP133DAF7, STM32MP133DAG7, STM32MP133FAE7, STM32MP133FAF7, STM32MP133FAG7, STM32MP135AAE3, STM32MP135AAF3, STM32MP135AAG3, STM32MP135CAE3, STM32MP135CAF3, STM32MP135CAG3, STM32MP135DAE7, STM32MP135DAF7, STM32MP135DAG7, STM32MP135F-DK, STM32MP135FAE7, STM32MP135FAF7, STM32MP135FAF7T, STM32MP135FAF7U, STM32MP135FAG7, STM32MP211AAL3, STM32MP211AAM3, STM32MP211AAN3, STM32MP211AAO3, STM32MP211CAL3, STM32MP211CAM3, STM32MP211CAN3, STM32MP211CAO3, STM32MP211DAL3, STM32MP211DAM3, STM32MP211DAN3, STM32MP211DAO3, STM32MP211FAL3, STM32MP211FAM3, STM32MP211FAN3, STM32MP211FAO3, STM32MP213AAL3, STM32MP213AAM3, STM32MP213AAN3, STM32MP213AAO3, STM32MP213CAL3, STM32MP213CAM3, STM32MP213CAN3, STM32MP213CAO3, STM32MP213DAL3, STM32MP213DAM3, STM32MP213DAN3, STM32MP213DAO3, STM32MP213FAL3, STM32MP213FAM3, STM32MP213FAN3, STM32MP213FAO3, STM32MP215AAL3, STM32MP215AAM3, STM32MP215AAN3, STM32MP215AAO3, STM32MP215CAL3, STM32MP215CAM3, STM32MP215CAN3, STM32MP215CAO3, STM32MP215DAL3, STM32MP215DAM3, STM32MP215DAN3, STM32MP215DAO3, STM32MP215F-DK, STM32MP215FAL3, STM32MP215FAM3, STM32MP215FAN3, STM32MP215FAO3, STM32MP231AAJ3, STM32MP231AAK3, STM32MP231AAL3, STM32MP231CAJ3, STM32MP231CAK3, STM32MP231CAL3, STM32MP231DAJ3, STM32MP231DAK3, STM32MP231DAL3, STM32MP231FAJ3, STM32MP231FAK3, STM32MP231FAL3, STM32MP233AAJ3, STM32MP233AAK3, STM32MP233AAL3, STM32MP233CAJ3, STM32MP233CAK3, STM32MP233CAL3, STM32MP233DAJ3, STM32MP233DAK3, STM32MP233DAL3, STM32MP233FAJ3, STM32MP233FAK3, STM32MP233FAL3, STM32MP235AAJ3, STM32MP235AAK3, STM32MP235AAL3, STM32MP235CAJ3, STM32MP235CAK3, STM32MP235CAL3, STM32MP235DAJ3, STM32MP235DAK3, STM32MP235DAL3, STM32MP235FAJ3, STM32MP235FAK3, STM32MP235FAL3, STM32MP251AAI3, STM32MP251AAK3, STM32MP251AAL3, STM32MP251CAI3, STM32MP251CAK3, STM32MP251CAL3, STM32MP251DAI3, STM32MP251DAK3, STM32MP251DAL3, STM32MP251FAI3, STM32MP251FAK3, STM32MP251FAL3, STM32MP253AAI3, STM32MP253AAK3, STM32MP253AAL3, STM32MP253CAI3, STM32MP253CAK3, STM32MP253CAL3, STM32MP253DAI3, STM32MP253DAK3, STM32MP253DAL3, STM32MP253FAI3, STM32MP253FAK3, STM32MP253FAL3, STM32MP255AAI3, STM32MP255AAK3, STM32MP255AAL3, STM32MP255CAI3, STM32MP255CAK3, STM32MP255CAL3, STM32MP255DAI3, STM32MP255DAK3, STM32MP255DAL3, STM32MP255FAI3, STM32MP255FAK3, STM32MP255FAL3, STM32MP257AAI3, STM32MP257AAK3, STM32MP257AAL3, STM32MP257CAI3, STM32MP257CAK3, STM32MP257CAL3, STM32MP257DAI3, STM32MP257DAK3, STM32MP257DAL3, STM32MP257F-DK, STM32MP257F-EV1, STM32MP257FAI3, STM32MP257FAK3, STM32MP257FAL3, STM32N645A0H3Q, STM32N645B0H3Q, STM32N645I0H3Q, STM32N645L0H3Q, STM32N645X0H3Q, STM32N645Z0H3Q, STM32N647A0H3Q, STM32N647B0H3Q, STM32N647I0H3Q, STM32N647L0H3Q, STM32N647X0H3Q, STM32N647Z0H3Q, STM32N655A0H3Q, STM32N655B0H3Q, STM32N655I0H3Q, STM32N655L0H3Q, STM32N655X0H3Q, STM32N655Z0H3Q, STM32N6570-DK, STM32N657A0H3Q, STM32N657B0H3Q, STM32N657I0H3Q, STM32N657L0H3Q, STM32N657X0H3Q, STM32N657Z0H3Q, STM32U031C6T6, STM32U031C6U6, STM32U031C8T6, STM32U031C8U6, STM32U031F4P6, STM32U031F6P6, STM32U031F8P6, STM32U031G6Y6TR, STM32U031G8Y6TR, STM32U031K4U6, STM32U031K6U6, STM32U031K8U6, STM32U031R6I6, STM32U031R6T6, STM32U031R8I6, STM32U031R8T6, STM32U073C8T6, STM32U073C8U6, STM32U073CBT6, STM32U073CBU6, STM32U073CCT6, STM32U073CCU6, STM32U073H8Y6TR, STM32U073HBY6TR, STM32U073HCY6TR, STM32U073K8U6, STM32U073KBU6, STM32U073KCU6, STM32U073M8I6, STM32U073M8T6, STM32U073MBI6, STM32U073MBT6, STM32U073MCI6, STM32U073MCT6, STM32U073R8I6, STM32U073R8T6, STM32U073RBI6, STM32U073RBT6, STM32U073RCI6, STM32U073RCT6, STM32U083C-DK, STM32U083CCT6, STM32U083CCU6, STM32U083HCY6TR, STM32U083KCU6, STM32U083MCI6, STM32U083MCT6, STM32U083RCI6, STM32U083RCT6, STM32U375CET6, STM32U375CET6Q, STM32U375CEU6, STM32U375CEU6Q, STM32U375CEY6QTR, STM32U375CGT6, STM32U375CGT6Q, STM32U375CGU6, STM32U375CGU6Q, STM32U375CGY6QTR, STM32U375KEU6, STM32U375KGU6, STM32U375REI6, STM32U375REI6Q, STM32U375RET6, STM32U375RET6Q, STM32U375REY6GTR, STM32U375REY6QTR, STM32U375RGI6, STM32U375RGI6Q, STM32U375RGT6, STM32U375RGT6Q, STM32U375RGY6GTR, STM32U375RGY6QTR, STM32U375VEI6, STM32U375VEI6Q, STM32U375VET6, STM32U375VET6Q, STM32U375VGI6, STM32U375VGI6Q, STM32U375VGT6, STM32U375VGT6Q, STM32U385CGT6, STM32U385CGT6Q, STM32U385CGU6, STM32U385CGU6Q, STM32U385CGY6QTR, STM32U385KGU6, STM32U385RGI6, STM32U385RGI6Q, STM32U385RGT6, STM32U385RGT6Q, STM32U385RGY6GTR, STM32U385RGY6QTR, STM32U385VGI6, STM32U385VGI6Q, STM32U385VGT6, STM32U385VGT6Q, STM32U535CBT6, STM32U535CBT6Q, STM32U535CBU6, STM32U535CBU6Q, STM32U535CCT6, STM32U535CCT6Q, STM32U535CCU6, STM32U535CCU6Q, STM32U535CET6, STM32U535CET6Q, STM32U535CEU6, STM32U535CEU6Q, STM32U535JEY6QTR, STM32U535NCY6QTR, STM32U535NEY6QTR, STM32U535RBI6, STM32U535RBI6Q, STM32U535RBT6, STM32U535RBT6Q, STM32U535RCI6, STM32U535RCI6Q, STM32U535RCT6, STM32U535RCT6Q, STM32U535REI6, STM32U535REI6Q, STM32U535RET6, STM32U535RET6Q, STM32U535VCI6, STM32U535VCI6Q, STM32U535VCT6, STM32U535VCT6Q, STM32U535VEI6, STM32U535VEI6Q, STM32U535VET6, STM32U535VET6Q, STM32U545CET6, STM32U545CET6Q, STM32U545CEU6, STM32U545CEU6Q, STM32U545JEY6QTR, STM32U545NEY6QTR, STM32U545REI6, STM32U545REI6Q, STM32U545RET6, STM32U545RET6Q, STM32U545VEI6, STM32U545VEI6Q, STM32U545VET6, STM32U545VET6Q, STM32U595AIH6, STM32U595AIH6Q, STM32U595AJH6, STM32U595AJH6Q, STM32U595QII6, STM32U595QII6Q, STM32U595QJI6, STM32U595QJI6Q, STM32U595RIT6, STM32U595RIT6Q, STM32U595RJT6, STM32U595RJT6Q, STM32U595VIT6, STM32U595VIT6Q, STM32U595VJT6, STM32U595VJT6Q, STM32U595ZIT6, STM32U595ZIT6Q, STM32U595ZIY6QTR, STM32U595ZJT6, STM32U595ZJT6Q, STM32U595ZJY6QTR, STM32U599BJY6QTR, STM32U599NIH6Q, STM32U599NJH6Q, STM32U599VIT6Q, STM32U599VJT6, STM32U599VJT6Q, STM32U599ZIT6Q, STM32U599ZIY6QTR, STM32U599ZJT6Q, STM32U599ZJY6QTR, STM32U5A5AJH6, STM32U5A5AJH6Q, STM32U5A5QII3Q , STM32U5A5QJI6, STM32U5A5QJI6Q, STM32U5A5RJT6, STM32U5A5RJT6Q, STM32U5A5VJT6, STM32U5A5VJT6Q, STM32U5A5ZJT6, STM32U5A5ZJT6Q, STM32U5A5ZJY6QTR, STM32U5A9BJY6QTR, STM32U5A9J-DK, STM32U5A9NJH6Q, STM32U5A9VJT6Q, STM32U5A9ZJT6Q, STM32U5A9ZJY6QTR, STM32U5F7VIT6, STM32U5F7VIT6Q, STM32U5F7VJT6, STM32U5F7VJT6Q, STM32U5F9BJY6QTR, STM32U5F9NJH6Q, STM32U5F9VIT6Q, STM32U5F9VJT6Q, STM32U5F9ZIJ6QTR, STM32U5F9ZIT6Q, STM32U5F9ZJJ6QTR, STM32U5F9ZJT6Q, STM32U5G7VJT6, STM32U5G7VJT6Q, STM32U5G9BJY6QTR, STM32U5G9J-DK1, STM32U5G9J-DK2, STM32U5G9NJH6Q, STM32U5G9VJT6Q, STM32U5G9ZJJ6QTR, STM32U5G9ZJT6Q, STM32WB05KZV6TR, STM32WB05KZV7TR, STM32WB05TZF6TR, STM32WB05TZF7TR, STM32WB06CCF6TR, STM32WB06CCF7TR, STM32WB06CCV6TR, STM32WB06CCV7TR, STM32WB06KCV6TR, STM32WB06KCV7TR, STM32WB07CCF6TR, STM32WB07CCF7TR, STM32WB07CCV6TR, STM32WB07CCV7TR, STM32WB07KCV6TR, STM32WB07KCV7TR, STM32WB09KEV6TR, STM32WB09KEV7TR, STM32WB09TEF6TR, STM32WB09TEF7TR, STM32WB1MMCH6, STM32WBA50KGU6, STM32WBA50KGU6TR, STM32WBA52CEU6, STM32WBA52CEU6TR, STM32WBA52CEU7, STM32WBA52CEU7TR, STM32WBA52CGU6, STM32WBA52CGU6TR, STM32WBA52CGU6U, STM32WBA52CGU7, STM32WBA52CGU7TR, STM32WBA52KEU6, STM32WBA52KEU6TR, STM32WBA52KGU6, STM32WBA52KGU6TR, STM32WBA54CEU6, STM32WBA54CEU6TR, STM32WBA54CEU7, STM32WBA54CEU7TR, STM32WBA54CGU6, STM32WBA54CGU6TR, STM32WBA54CGU7, STM32WBA54CGU7TR, STM32WBA54KEU6, STM32WBA54KEU6TR, STM32WBA54KEU7, STM32WBA54KEU7TR, STM32WBA54KGU6, STM32WBA54KGU6TR, STM32WBA54KGU7, STM32WBA54KGU7TR, STM32WBA55CEU6, STM32WBA55CEU6TR, STM32WBA55CEU7, STM32WBA55CEU7TR, STM32WBA55CGU6, STM32WBA55CGU6TR, STM32WBA55CGU6U, STM32WBA55CGU7, STM32WBA55CGU7TR, STM32WBA55G-DK1, STM32WBA55HEF6, STM32WBA55HEF7, STM32WBA55HGF6, STM32WBA55HGF7, STM32WBA55UEI6, STM32WBA55UEI6TR, STM32WBA55UEI7, STM32WBA55UEI7TR, STM32WBA55UGI6, STM32WBA55UGI6TR, STM32WBA55UGI7, STM32WBA55UGI7TR, STM32WBA5MMGH6TR, STM32WBA62MGF6, STM32WBA62MIF6, STM32WBA65MGF7, STM32WBA65MIF6, STM32WBA65MIF7, STM32WL30K8V6, STM32WL30KBV6, STM32WL31C8V6, STM32WL31CBV6, STM32WL31K8V6, STM32WL31KBV6, STM32WL33C8V6, STM32WL33C8V6X, STM32WL33CBV6, STM32WL33CBV6X, STM32WL33CCV6, STM32WL33CCV6A, STM32WL33CCV6X, STM32WL33K8V7, STM32WL33K8V7X, STM32WL33KBV7 , STM32WL33KBV7X, STM32WL33KCV7, STM32WL33KCV7X, STM32WL5MOCH6, STM32WL5MOCH6TR]
2026-02-12 13:35:53,400 [INFO] BoardInfo:889 - No configuration file found for board P-NUCLEO-WB55
2026-02-12 13:35:53,403 [INFO] DbBoards:161 - Kit is not supported: P-NUCLEO-WB55
2026-02-12 13:35:53,418 [INFO] BoardInfo:889 - No configuration file found for board STEVAL-BFA001V1B
2026-02-12 13:35:53,420 [INFO] DbBoards:161 - Kit is not supported: STEVAL-BFA001V1B
2026-02-12 13:35:53,422 [INFO] BoardInfo:889 - No configuration file found for board STEVAL-BFA001V2B
2026-02-12 13:35:53,424 [INFO] DbBoards:161 - Kit is not supported: STEVAL-BFA001V2B
2026-02-12 13:35:53,818 [INFO] DbBoards:168 - Found 212 boards, 209 are supported
2026-02-12 13:35:53,818 [INFO] DbBoards:169 - Found 212 boards, 43 of them is supported for  Bsp
2026-02-12 13:35:53,821 [INFO] ApiDb:414 - User favorites file not found: C:\Users\Alfred/.stm32cubeide/favorites.boards.txt
2026-02-12 13:35:53,821 [INFO] DbBoards:198 - Set 0 / 0 favorites Boards
2026-02-12 13:35:53,826 [INFO] ApiDb:668 - CubeFinder database Data Model version=2.1
2026-02-12 13:35:53,826 [INFO] ApiDb:669 - CubeFinder database Configuration version=3.0.39
2026-02-12 13:35:53,826 [INFO] ApiDb:670 - CubeFinder database generation date=2025-12-22 (1766407740)
2026-02-12 13:35:53,826 [INFO] ApiDb:671 - CubeFinder database FW Pack versions=[FP-ATR-ASTRA1_V2.0.0, FP-SNS-FLIGHT1_V5.1.0, FP-SNS-MOTENV1_V5.1.0, FP-SNS-MOTENVWB1_V1.4.0, FP-SNS-SMARTAG2_V1.2.0, FP-SNS-STBOX1_V2.1.0, STM32Cube_FW_C0_V1.4.0, STM32Cube_FW_F4_V1.28.3, STM32Cube_FW_F7_V1.17.4, STM32Cube_FW_G0_V1.6.2, STM32Cube_FW_G4_V1.6.1, STM32Cube_FW_H5_V1.5.1, STM32Cube_FW_H7RS_V1.3.0, STM32Cube_FW_H7_V1.12.1, STM32Cube_FW_L0_V1.12.2, STM32Cube_FW_L4_V1.18.1, STM32Cube_FW_L5_V1.6.0, STM32Cube_FW_N6_V1.3.0, STM32Cube_FW_U0_V1.3.0, STM32Cube_FW_U3_V1.2.1, STM32Cube_FW_U5_V1.8.0, STM32Cube_FW_WB0_V1.4.0, STM32Cube_FW_WBA_V1.8.0, STM32Cube_FW_WB_V1.24.0, STM32Cube_FW_WL3_V1.3.0, STM32Cube_FW_WL_V1.4.0, X-CUBE-ALGOBUILD_V1.4.0, X-CUBE-ALS_V1.0.2, X-CUBE-AZRTOS-F4_V1.1.0, X-CUBE-AZRTOS-F7_V1.1.0, X-CUBE-AZRTOS-G0_V1.1.0, X-CUBE-AZRTOS-G4_V2.0.0, X-CUBE-AZRTOS-H7RS_V1.1.0, X-CUBE-AZRTOS-H7_V3.4.0, X-CUBE-AZRTOS-L4_V2.0.0, X-CUBE-AZRTOS-L5_V2.0.0, X-CUBE-AZRTOS-WB_V2.0.0, X-CUBE-AZRTOS-WL_V2.0.0, X-CUBE-BLE1_V7.1.0, X-CUBE-BLE2_V3.3.0, X-CUBE-BLEMGR_V4.1.0, X-CUBE-EEPRMA1_V5.2.0, X-CUBE-FREERTOS_V1.3.1, X-CUBE-GNSS1_V6.0.0, X-CUBE-MEMS1_V12.0.0, X-CUBE-NFC4_V3.0.0, X-CUBE-NFC7_V2.0.0, X-CUBE-SFXS2LP1_V4.0.0, X-CUBE-ST67W61_V1.1.0, X-CUBE-SUBG2_V5.0.0, X-CUBE-TOF1_V3.4.3]
2026-02-12 13:35:55,612 [ERROR] DbExamplesSqlite:437 - Missing JSON key: board_cpn
2026-02-12 13:35:55,612 [ERROR] DbExamplesSqlite:437 - Missing JSON key: board_cpn
2026-02-12 13:35:55,612 [ERROR] DbExamplesSqlite:437 - Missing JSON key: board_cpn
2026-02-12 13:35:55,613 [ERROR] DbExamplesSqlite:437 - Missing JSON key: board_cpn
2026-02-12 13:35:56,438 [ERROR] DbExamplesSqlite:437 - Missing JSON key: board_cpn
2026-02-12 13:35:56,440 [ERROR] DbExamplesSqlite:437 - Missing JSON key: board_cpn
2026-02-12 13:35:56,474 [INFO] DbExamplesSqlite:395 - Ignored 42 examples not supported by CubeIDE
2026-02-12 13:35:56,474 [INFO] DbExamplesSqlite:396 - Found 10819 examples active
2026-02-12 13:35:56,475 [INFO] DbExamplesSqlite:397 - Found 0 examples obsolete
2026-02-12 13:35:56,475 [INFO] DbExamplesSqlite:398 - Found 0 examples under development
2026-02-12 13:35:56,475 [INFO] DbExamplesSqlite:399 - Found 85 examples not building
2026-02-12 13:35:56,479 [INFO] DbExamples:125 - Found 10862 examples
2026-02-12 13:35:56,575 [ERROR] DbExamples:208 - Found 73 examples with invalid data (board or MCU)
2026-02-12 13:35:56,576 [INFO] DbExamples:222 - Found 134 boards with related examples
2026-02-12 13:35:56,578 [INFO] DbExamples:235 - Found 111 MCUs with related examples
2026-02-12 13:35:56,606 [INFO] ApiDb:414 - User favorites file not found: C:\Users\Alfred/.stm32cubeide/favorites.examples.txt
2026-02-12 13:35:56,607 [INFO] DbExamples:250 - Set 0 / 0 favorites Examples
2026-02-12 13:35:57,950 [INFO] McuFinderGlobals:76 - Set McuFinderConnectedMode to true
2026-02-12 13:35:57,982 [INFO] MultiScanPanel:200 - Auto-refresh data requested => check proxy status ongoing
2026-02-12 13:35:57,996 [INFO] FinderPluginLoader:96 - Searching for filters in installed packs
2026-02-12 13:36:01,594 [INFO] LoadUrlFilesThread:185 - End of LoadServerUrlFiles without Thread
2026-02-12 13:36:01,627 [INFO] DetailPanel:341 - Set advertising image to C:/Users/Alfred/STM32Cube/Repository/\en.prom-stm32c0-entry-level-graphic-0226.png
2026-02-12 13:36:10,562 [INFO] MultiScanPanel:200 - Auto-refresh data requested => check proxy status ongoing
2026-02-12 13:36:10,932 [INFO] LoadUrlFilesThread:185 - End of LoadServerUrlFiles without Thread
2026-02-12 13:36:10,933 [INFO] DetailPanel:341 - Set advertising image to C:/Users/Alfred/STM32Cube/Repository/\en.prom-stm32c0-entry-level-graphic-0226.png
2026-02-12 13:36:10,983 [INFO] DbBoards:642 - Loading board mini-images...
2026-02-12 13:36:14,753 [ERROR] DbBoards:659 - Image file not found for board STM32MP215F-DK: C:\Users\Alfred\.stmcufinder\plugins\mcufinder//mcu//boards_images/STM32MP215F-DK.jpg
2026-02-12 13:36:14,913 [INFO] DbBoards:665 - Loaded 211 board mini-images
2026-02-12 13:37:00,807 [INFO] MainUpdater:2872 - connection check result : 10
2026-02-12 13:37:00,816 [INFO] MainUpdater:2872 - connection check result : 10
2026-02-12 13:37:01,003 [INFO] MicroXplorer:468 - Change Database Path : 
2026-02-12 13:37:01,004 [INFO] MicroXplorer:498 - Change Database Version : DB.6.0.150
2026-02-12 13:37:01,031 [WARN] ThirdParty:871 - waiting for thirdparty lock release [close project]
2026-02-12 13:37:01,031 [INFO] ThirdParty:873 - entering critical section [close project]
2026-02-12 13:37:01,035 [INFO] ThirdParty:883 - exiting critical section [close project]
2026-02-12 13:37:01,045 [INFO] PinOutPanel:1589 - setPackage(No Configuration,No Configuration)
2026-02-12 13:37:01,052 [INFO] UtilMem:75 - Begin LoadConfig() Used Memory: 764723184 Bytes (1073741824)
2026-02-12 13:37:01,124 [INFO] MicroXplorer:468 - Change Database Path : 
2026-02-12 13:37:01,125 [INFO] MicroXplorer:498 - Change Database Version : DB.6.0.150
2026-02-12 13:37:01,125 [INFO] OpenFileManager:355 - Change cursor
2026-02-12 13:37:01,229 [WARN] IntegrityCheckThread:84 - waiting for thirdparty lock release [integrity check]
2026-02-12 13:37:01,230 [INFO] IntegrityCheckThread:86 - entering critical section [integrity check]
2026-02-12 13:37:01,779 [WARN] PackLoader:240 - Cannot read IP mode file for STMicroelectronics.FP-SNS-MOTENVWB1.1.4.0
2026-02-12 13:37:01,791 [WARN] PackLoader:240 - Cannot read IP mode file for STMicroelectronics.FP-ATR-ASTRA1.2.0.2
2026-02-12 13:37:01,832 [WARN] PackLoader:240 - Cannot read IP mode file for STMicroelectronics.X-CUBE-SMBUS.2.1.0
2026-02-12 13:37:01,892 [WARN] PackLoader:240 - Cannot read IP mode file for STMicroelectronics.X-CUBE-AZRTOS-F7.1.1.0
2026-02-12 13:37:01,909 [WARN] PackLoader:240 - Cannot read IP mode file for Cesanta.I-CUBE-Mongoose.7.19.0
2026-02-12 13:37:01,915 [WARN] PackLoader:240 - Cannot read IP mode file for STMicroelectronics.FP-SNS-MOTENV1.5.1.0
2026-02-12 13:37:01,953 [WARN] PackLoader:240 - Cannot read IP mode file for WES.I-CUBE-Cesium.1.4.0
2026-02-12 13:37:02,006 [WARN] PackLoader:240 - Cannot read IP mode file for Infineon.AIROC-Wi-Fi-Bluetooth-STM32.1.7.1
2026-02-12 13:37:02,063 [WARN] PackLoader:240 - Cannot read IP mode file for STMicroelectronics.X-CUBE-AZRTOS-H7.3.4.0
2026-02-12 13:37:02,101 [WARN] PackLoader:240 - Cannot read IP mode file for STMicroelectronics.X-CUBE-DISPLAY.3.0.0
2026-02-12 13:37:02,134 [WARN] PackLoader:240 - Cannot read IP mode file for STMicroelectronics.X-CUBE-NFC10.1.0.0
2026-02-12 13:37:02,161 [WARN] PackLoader:240 - Cannot read IP mode file for STMicroelectronics.X-CUBE-ST60.1.1.0
2026-02-12 13:37:02,189 [WARN] PackLoader:240 - Cannot read IP mode file for emotas.I-CUBE-CANOPEN.1.3.0
2026-02-12 13:37:02,196 [WARN] PackLoader:240 - Cannot read IP mode file for STMicroelectronics.X-CUBE-GNSS1.7.1.0
2026-02-12 13:37:02,225 [WARN] PackLoader:240 - Cannot read IP mode file for STMicroelectronics.FP-SNS-STBOX1.2.1.0
2026-02-12 13:37:02,249 [WARN] PackLoader:240 - Cannot read IP mode file for STMicroelectronics.FP-SNS-SMARTAG2.1.2.0
2026-02-12 13:37:02,259 [WARN] PackLoader:240 - Cannot read IP mode file for STMicroelectronics.FP-SNS-FLIGHT1.5.1.0
2026-02-12 13:37:02,309 [INFO] LogOutputStream:77 - [STDOUT_REDIRECT] 1 : Invalid condition id : UX_CORESTACK_Condition cause : null
2026-02-12 13:37:02,318 [INFO] LogOutputStream:77 - [STDOUT_REDIRECT] 1 : Invalid condition id : UX_CORESTACK_Condition cause : null
2026-02-12 13:37:02,319 [INFO] LogOutputStream:77 - [STDOUT_REDIRECT] 1 : Invalid condition id : UX_CORESTACK_Condition cause : null
2026-02-12 13:37:02,321 [INFO] LogOutputStream:77 - [STDOUT_REDIRECT] 1 : Invalid condition id : UX_CORESTACK_Condition cause : null
2026-02-12 13:37:02,323 [INFO] LogOutputStream:77 - [STDOUT_REDIRECT] 1 : Invalid condition id : UX_CORESTACK_Condition cause : null
2026-02-12 13:37:02,327 [WARN] PackLoader:240 - Cannot read IP mode file for STMicroelectronics.X-CUBE-AZRTOS-WL.2.0.0
2026-02-12 13:37:02,364 [WARN] PackLoader:240 - Cannot read IP mode file for STMicroelectronics.FP-SNS-MOTENV1.5.0.0
2026-02-12 13:37:02,391 [WARN] PackLoader:240 - Cannot read IP mode file for STMicroelectronics.X-CUBE-AZRTOS-H7RS.1.2.0
2026-02-12 13:37:02,444 [WARN] PackLoader:240 - Cannot read IP mode file for STMicroelectronics.X-CUBE-BLE2.3.3.0
2026-02-12 13:37:02,531 [WARN] PackLoader:240 - Cannot read IP mode file for STMicroelectronics.X-CUBE-NFC9.1.0.0
2026-02-12 13:37:02,564 [WARN] PackLoader:240 - Cannot read IP mode file for wolfSSL.I-CUBE-wolfSSL.5.8.2
2026-02-12 13:37:02,588 [WARN] PackLoader:240 - Cannot read IP mode file for STMicroelectronics.X-CUBE-BLE1.7.1.0
2026-02-12 13:37:02,596 [WARN] PackLoader:240 - Cannot read IP mode file for wolfSSL.I-CUBE-wolfMQTT.1.19.2
2026-02-12 13:37:02,606 [WARN] PackLoader:240 - Cannot read IP mode file for STMicroelectronics.X-CUBE-FREERTOS.1.4.0
2026-02-12 13:37:02,641 [WARN] PackLoader:240 - Cannot read IP mode file for STMicroelectronics.X-CUBE-EEPRMA1.5.2.0
2026-02-12 13:37:02,671 [WARN] PackLoader:240 - Cannot read IP mode file for STMicroelectronics.X-CUBE-ST67W61.1.1.0
2026-02-12 13:37:02,719 [WARN] PackLoader:240 - Cannot read IP mode file for STMicroelectronics.X-CUBE-MEMS1.12.0.0
2026-02-12 13:37:02,830 [WARN] PackLoader:240 - Cannot read IP mode file for STMicroelectronics.X-CUBE-AZRTOS-G0.1.1.0
2026-02-12 13:37:02,867 [WARN] PackLoader:240 - Cannot read IP mode file for STMicroelectronics.X-CUBE-SAFEA1.1.2.2
2026-02-12 13:37:02,897 [WARN] PackLoader:240 - Cannot read IP mode file for STMicroelectronics.X-CUBE-NFC4.3.0.0
2026-02-12 13:37:02,935 [WARN] PackLoader:240 - Cannot read IP mode file for EmbeddedOffice.I-CUBE-FS-RTOS.1.0.1
2026-02-12 13:37:02,977 [WARN] PackLoader:240 - Cannot read IP mode file for STMicroelectronics.X-CUBE-WB05N.2.0.0
2026-02-12 13:37:02,991 [WARN] PackLoader:240 - Cannot read IP mode file for wolfSSL.I-CUBE-wolfTPM.3.8.0
2026-02-12 13:37:03,037 [WARN] PackLoader:240 - Cannot read IP mode file for STMicroelectronics.X-CUBE-TCPP.4.2.0
2026-02-12 13:37:03,092 [WARN] PackLoader:240 - Cannot read IP mode file for RealThread.X-CUBE-RT-Thread_Nano.4.1.1
2026-02-12 13:37:03,109 [WARN] PackLoader:240 - Cannot read IP mode file for STMicroelectronics.FP-ATR-SIGFOX1.3.2.0
2026-02-12 13:37:03,133 [WARN] PackLoader:240 - Cannot read IP mode file for ITTIA_DB.I-CUBE-ITTIADB.8.9.0
2026-02-12 13:37:03,141 [WARN] PackLoader:240 - Cannot read IP mode file for STMicroelectronics.X-CUBE-NFC6.3.2.0
2026-02-12 13:37:03,173 [WARN] PackLoader:240 - Cannot read IP mode file for STMicroelectronics.X-CUBE-AI.10.2.0
2026-02-12 13:37:03,215 [WARN] PackLoader:240 - Cannot read IP mode file for SEGGER.I-CUBE-embOS.1.3.1
2026-02-12 13:37:03,318 [WARN] PackLoader:240 - Cannot read IP mode file for STMicroelectronics.X-CUBE-ALGOBUILD.1.4.0
2026-02-12 13:37:03,399 [WARN] PackLoader:240 - Cannot read IP mode file for STMicroelectronics.X-CUBE-MEMS1.11.3.0
2026-02-12 13:37:03,528 [WARN] PackLoader:240 - Cannot read IP mode file for STMicroelectronics.X-CUBE-PM33A1.1.0.0
2026-02-12 13:37:03,578 [WARN] PackLoader:240 - Cannot read IP mode file for STMicroelectronics.X-CUBE-AZRTOS-F4.1.1.0
2026-02-12 13:37:03,604 [WARN] PackLoader:240 - Cannot read IP mode file for STMicroelectronics.X-CUBE-ISPU.2.1.0
2026-02-12 13:37:03,638 [WARN] PackLoader:240 - Cannot read IP mode file for STMicroelectronics.X-CUBE-IPS.3.2.0
2026-02-12 13:37:03,672 [WARN] PackLoader:240 - Cannot read IP mode file for STMicroelectronics.X-CUBE-NFC12.1.0.0
2026-02-12 13:37:03,716 [WARN] PackLoader:240 - Cannot read IP mode file for STMicroelectronics.X-CUBE-AZRTOS-L5.2.0.0
2026-02-12 13:37:03,767 [WARN] PackLoader:240 - Cannot read IP mode file for STMicroelectronics.X-CUBE-NFC6.3.1.0
2026-02-12 13:37:03,791 [WARN] PackLoader:240 - Cannot read IP mode file for STMicroelectronics.X-CUBE-FREERTOS.1.3.1
2026-02-12 13:37:03,824 [WARN] PackLoader:240 - Cannot read IP mode file for STMicroelectronics.X-CUBE-TOUCHGFX.4.26.0
2026-02-12 13:37:03,854 [WARN] PackLoader:240 - Cannot read IP mode file for STMicroelectronics.FP-SNS-STAIOTCFT.1.0.0
2026-02-12 13:37:03,881 [WARN] PackLoader:240 - Cannot read IP mode file for STMicroelectronics.X-CUBE-DPower.1.3.0
2026-02-12 13:37:03,926 [WARN] ConditionMgr:438 - getConditionDescription Invalid condition id : LAN8742 Phy interface Condition cause : null
2026-02-12 13:37:03,928 [WARN] PackLoader:240 - Cannot read IP mode file for STMicroelectronics.X-CUBE-AZRTOS-L4.2.0.0
2026-02-12 13:37:03,930 [WARN] ConditionMgr:1044 - genDependencies : Invalid condition id : LAN8742 Phy interface Condition cause : null
2026-02-12 13:37:03,930 [WARN] ConditionMgr:1044 - genDependencies : Invalid condition id : LAN8742 Phy interface Condition cause : null
2026-02-12 13:37:03,931 [WARN] ConditionMgr:1044 - genDependencies : Invalid condition id : LAN8742 Phy interface Condition cause : null
2026-02-12 13:37:03,960 [WARN] PackLoader:240 - Cannot read IP mode file for STMicroelectronics.X-CUBE-SFXS2LP1.4.0.0
2026-02-12 13:37:03,967 [WARN] PackLoader:240 - Cannot read IP mode file for STMicroelectronics.X-CUBE-ST67W61.1.2.0
2026-02-12 13:37:03,999 [WARN] PackLoader:240 - Cannot read IP mode file for STMicroelectronics.X-CUBE-BLEMGR.4.1.0
2026-02-12 13:37:04,044 [WARN] ConditionMgr:438 - getConditionDescription Invalid condition id : UX DEVICE CLASS RTOS Condition cause : null
2026-02-12 13:37:04,044 [WARN] ConditionMgr:438 - getConditionDescription Invalid condition id : UX DEVICE CLASS RTOS Condition cause : null
2026-02-12 13:37:04,046 [WARN] PackLoader:240 - Cannot read IP mode file for STMicroelectronics.X-CUBE-AZRTOS-WB.2.0.0
2026-02-12 13:37:04,047 [WARN] ConditionMgr:1044 - genDependencies : Invalid condition id : UX DEVICE CLASS RTOS Condition cause : null
2026-02-12 13:37:04,047 [WARN] ConditionMgr:1044 - genDependencies : Invalid condition id : UX DEVICE CLASS RTOS Condition cause : null
2026-02-12 13:37:04,047 [WARN] ConditionMgr:1044 - genDependencies : Invalid condition id : UX DEVICE CLASS RTOS Condition cause : null
2026-02-12 13:37:04,047 [WARN] ConditionMgr:1044 - genDependencies : Invalid condition id : UX DEVICE CLASS RTOS Condition cause : null
2026-02-12 13:37:04,047 [WARN] ConditionMgr:1044 - genDependencies : Invalid condition id : UX DEVICE CLASS RTOS Condition cause : null
2026-02-12 13:37:04,076 [WARN] PackLoader:240 - Cannot read IP mode file for STMicroelectronics.X-CUBE-GNSS1.7.0.1
2026-02-12 13:37:04,085 [WARN] ConditionMgr:438 - getConditionDescription Invalid condition id : Cortex-A Device cause : null
2026-02-12 13:37:04,117 [WARN] ConditionMgr:1044 - genDependencies : Invalid condition id : Cortex-A Device cause : null
2026-02-12 13:37:04,118 [WARN] ConditionMgr:1044 - genDependencies : Invalid condition id : Cortex-A Device cause : null
2026-02-12 13:37:04,118 [WARN] ConditionMgr:1044 - genDependencies : Invalid condition id : Cortex-A Device cause : null
2026-02-12 13:37:04,127 [WARN] PackLoader:240 - Cannot read IP mode file for STMicroelectronics.X-CUBE-STSE01.2.0.0
2026-02-12 13:37:04,167 [WARN] PackLoader:240 - Cannot read IP mode file for STMicroelectronics.X-CUBE-SUBG2.5.0.0
2026-02-12 13:37:04,210 [WARN] PackLoader:240 - Cannot read IP mode file for STMicroelectronics.X-CUBE-AZRTOS-H7RS.1.1.0
2026-02-12 13:37:04,260 [WARN] PackLoader:240 - Cannot read IP mode file for STMicroelectronics.X-CUBE-AZRTOS-G4.2.0.0
2026-02-12 13:37:04,269 [WARN] PackLoader:240 - Cannot read IP mode file for wolfSSL.I-CUBE-wolfSSH.1.4.20
2026-02-12 13:37:04,296 [WARN] PackLoader:240 - Cannot read IP mode file for STMicroelectronics.X-CUBE-NFC7.2.0.0
2026-02-12 13:37:04,325 [WARN] PackLoader:240 - Cannot read IP mode file for STMicroelectronics.X-CUBE-ALS.1.0.2
2026-02-12 13:37:04,357 [WARN] PackLoader:240 - Cannot read IP mode file for STMicroelectronics.X-CUBE-STSE01.1.0.0
2026-02-12 13:37:04,394 [WARN] PackLoader:240 - Cannot read IP mode file for STMicroelectronics.X-CUBE-TOF1.3.4.3
2026-02-12 13:37:04,403 [INFO] ThirdParty:978 - Integrity check success = true
2026-02-12 13:37:04,404 [INFO] IntegrityCheckThread:100 - exiting critical section [integrity check]
2026-02-12 13:37:04,404 [INFO] IntegrityCheckThread:103 - End integrity checks thread
2026-02-12 13:37:04,471 [INFO] Mcu:2029 - Initializing MCU STM32G0B1R(B-C-E)Tx STM32G0B1RETx STM32G0B1RET6
2026-02-12 13:37:09,560 [INFO] Context:786 - Trying to add GPIOservice into a context  which must be forbidden
2026-02-12 13:37:11,382 [INFO] Rule:233 - rule Adapt Old IOC before rework replace old CORTEX_M33/CORTEX_M55 attributes by the new one. is applicable
2026-02-12 13:37:11,382 [INFO] Rule:233 - rule Rename parametre of RCC RCC_APBDBG_DIV2 to RCC_TIMPRES_DIV2 is applicable
2026-02-12 13:37:11,382 [INFO] Rule:233 - rule Rename DIE493 pin PA10 [PA12] -> PA10 is applicable
2026-02-12 13:37:11,382 [INFO] Rule:233 - rule Rename DIE493 pin PA9 [PA11] -> PA9 is applicable
2026-02-12 13:37:11,382 [INFO] Rule:233 - rule Rename DIE492 PartNumber CPN STM32WBA5MJGHx -> STM32WBA5MMGHx is applicable
2026-02-12 13:37:11,383 [INFO] Rule:233 - rule Rename DIE492 PartNumber  Name STM32WBA5MJGHx -> STM32WBA5MMGHx is applicable
2026-02-12 13:37:11,383 [INFO] Rule:233 - rule Rename DIE492 PartNumber UserName STM32WBA5MJGHx -> STM32WBA5MMGHx is applicable
2026-02-12 13:37:11,383 [INFO] Rule:233 - rule Rename DIE492 PartNumber DeviceId STM32WBA5MJGHx -> STM32WBA5MMGHx is applicable
2026-02-12 13:37:11,383 [INFO] Rule:233 - rule Adapt Old IOC CSI. is applicable
2026-02-12 13:37:11,383 [INFO] Rule:233 - rule Adapt Old IOC DCMIPP. is applicable
2026-02-12 13:37:11,383 [INFO] Rule:233 - rule Adapt Old IOC DCMIPP Mode Parallel. is applicable
2026-02-12 13:37:11,383 [INFO] Rule:233 - rule Adapt Old IOC LTDC. is applicable
2026-02-12 13:37:11,383 [INFO] Rule:233 - rule Rename STM32MP2 RIF Peripheral LTDC RIF.RISUP.LTDC_L0L1.Privilege -> RIF.RISUP.LTDC_L1L2.Privilege is applicable
2026-02-12 13:37:11,383 [INFO] Rule:233 - rule Rename STM32MP2 RIF Peripheral LTDC RIF.RISUP.LTDC_L0L1.Privilege -> RIF.RISUP.LTDC_L1L2.Privilege is applicable
2026-02-12 13:37:11,383 [INFO] Rule:233 - rule Rename STM32MP2 RIF Peripheral LTDC RIF.RISUP.LTDC_L0L1.Lock -> RIF.RISUP.LTDC_L1L2.Lock is applicable
2026-02-12 13:37:11,384 [INFO] Rule:233 - rule Rename STM32MP2 RIF Peripheral LTDC RIF.RISUP.LTDC_L2.Lock -> RIF.RISUP.LTDC_L3.Lock is applicable
2026-02-12 13:37:11,384 [INFO] Rule:233 - rule Adapt the old IOC example for updating the SYS when it is misconfigured. is applicable
2026-02-12 13:37:11,384 [INFO] Rule:233 - rule Rename STM32C09 Mcu.Package LQFP64 -> LQFP48 is applicable
2026-02-12 13:37:11,384 [INFO] Rule:233 - rule Adapt the old IOC example for updating the SYS when it is misconfigured. is applicable
2026-02-12 13:37:11,384 [INFO] Rule:233 - rule Adapt the old IOC example for updating the SYS when it is misconfigured. is applicable
2026-02-12 13:37:11,387 [INFO] DbConfProperties:307 - Apply Compatibility (4/20 Rules)
2026-02-12 13:37:11,446 [INFO] ImportTextPane:234 - (OptionalMessage_ERROR) Pin10 (VP_RIF_VS_RIF1) cannot be retrieved for this MCU
2026-02-12 13:37:11,734 [INFO] RtosManager:558 - Registered RTOS mode: class=CMSIS, group=RTOS, mode=CMSIS_V1, owner=FREERTOS
2026-02-12 13:37:11,735 [INFO] RtosManager:558 - Registered RTOS mode: class=CMSIS, group=RTOS2, mode=CMSIS_V2, owner=FREERTOS
2026-02-12 13:37:11,735 [INFO] RtosManager:558 - Registered RTOS mode: class=RTOS, group=Core, mode=CMSIS_V1, owner=FREERTOS
2026-02-12 13:37:11,735 [INFO] RtosManager:558 - Registered RTOS mode: class=RTOS, group=Core, mode=CMSIS_V2, owner=FREERTOS
2026-02-12 13:37:11,735 [WARN] ModelIntegratedComponent:184 - Missing modes for component STMicroelectronics:FreeRTOS:0.0.1:STMicroelectronics:RTOS:FreeRTOS:Core:::10.2.0:
2026-02-12 13:37:11,761 [WARN] ModelIntegratedComponent:63 - No mode defined for component null
2026-02-12 13:37:11,761 [WARN] ModelIntegratedComponent:63 - No mode defined for component null
2026-02-12 13:37:11,761 [WARN] ModelIntegratedComponent:63 - No mode defined for component null
2026-02-12 13:37:11,761 [WARN] ModelIntegratedComponent:63 - No mode defined for component null
2026-02-12 13:37:11,761 [WARN] ModelIntegratedComponent:63 - No mode defined for component null
2026-02-12 13:37:11,761 [WARN] ModelIntegratedComponent:63 - No mode defined for component null
2026-02-12 13:37:11,761 [WARN] ModelIntegratedComponent:63 - No mode defined for component null
2026-02-12 13:37:11,761 [WARN] ModelIntegratedComponent:63 - No mode defined for component null
2026-02-12 13:37:11,761 [WARN] ModelIntegratedComponent:63 - No mode defined for component null
2026-02-12 13:37:11,761 [WARN] ModelIntegratedComponent:63 - No mode defined for component null
2026-02-12 13:37:11,761 [WARN] ModelIntegratedComponent:63 - No mode defined for component null
2026-02-12 13:37:11,761 [WARN] ModelIntegratedComponent:63 - No mode defined for component null
2026-02-12 13:37:11,761 [WARN] ModelIntegratedComponent:63 - No mode defined for component null
2026-02-12 13:37:11,761 [WARN] ModelIntegratedComponent:63 - No mode defined for component null
2026-02-12 13:37:11,761 [WARN] ModelIntegratedComponent:63 - No mode defined for component null
2026-02-12 13:37:11,761 [WARN] ModelIntegratedComponent:63 - No mode defined for component null
2026-02-12 13:37:11,761 [WARN] ModelIntegratedComponent:63 - No mode defined for component null
2026-02-12 13:37:11,762 [WARN] ModelIntegratedComponent:63 - No mode defined for component null
2026-02-12 13:37:11,762 [WARN] ModelIntegratedComponent:63 - No mode defined for component null
2026-02-12 13:37:11,762 [WARN] ModelIntegratedComponent:63 - No mode defined for component null
2026-02-12 13:37:11,762 [WARN] ModelIntegratedComponent:63 - No mode defined for component null
2026-02-12 13:37:11,762 [WARN] ModelIntegratedComponent:63 - No mode defined for component null
2026-02-12 13:37:11,762 [WARN] ModelIntegratedComponent:63 - No mode defined for component null
2026-02-12 13:37:11,762 [WARN] ModelIntegratedComponent:63 - No mode defined for component null
2026-02-12 13:37:11,762 [WARN] ModelIntegratedComponent:63 - No mode defined for component null
2026-02-12 13:37:11,762 [WARN] ModelIntegratedComponent:63 - No mode defined for component null
2026-02-12 13:37:11,762 [WARN] ModelIntegratedComponent:63 - No mode defined for component null
2026-02-12 13:37:11,762 [WARN] ModelIntegratedComponent:63 - No mode defined for component null
2026-02-12 13:37:11,762 [WARN] ModelIntegratedComponent:63 - No mode defined for component null
2026-02-12 13:37:11,762 [WARN] ModelIntegratedComponent:63 - No mode defined for component null
2026-02-12 13:37:11,762 [WARN] ModelIntegratedComponent:63 - No mode defined for component null
2026-02-12 13:37:11,762 [WARN] ModelIntegratedComponent:63 - No mode defined for component null
2026-02-12 13:37:11,762 [WARN] ModelIntegratedComponent:63 - No mode defined for component null
2026-02-12 13:37:11,762 [WARN] ModelIntegratedComponent:63 - No mode defined for component null
2026-02-12 13:37:11,763 [WARN] ModelIntegratedComponent:63 - No mode defined for component null
2026-02-12 13:37:11,763 [WARN] ModelPack:524 - Component already loaded: STMicroelectronics:HAL Drivers:0.0.0:STMicroelectronics:Device:STMicro_Driver:XSPI:HAL::0.0.1:HAL_XSPI
2026-02-12 13:37:11,901 [INFO] ThirdPartyModel:298 - Start build external matchings
2026-02-12 13:37:13,474 [INFO] ThirdPartyModel:316 - End build external matchings
2026-02-12 13:37:13,505 [INFO] ImportTextPane:234 - (OptionalMessage_ERROR) IP (RCC) : Invalid parameter (FamilyName)
2026-02-12 13:37:13,506 [INFO] ImportTextPane:234 - (OptionalMessage_ERROR) IP (RCC) : Parameter (PLLPoutputFreq_Value) has invalid value (64000000)
2026-02-12 13:37:13,508 [INFO] ImportTextPane:234 - (OptionalMessage_ERROR) IP (RCC) : Parameter (PLLRCLKFreq_Value) has invalid value (64000000)
2026-02-12 13:37:13,942 [INFO] UtilMem:75 - End LoadConfig() Used Memory: 936372304 Bytes (1073741824)
2026-02-12 13:37:14,497 [WARN] ThirdParty:833 - waiting for thirdparty lock release [change project]
2026-02-12 13:37:14,498 [INFO] ThirdParty:835 - entering critical section [change project]
2026-02-12 13:37:14,498 [INFO] ThirdParty:1030 - CMSIS Pack Vendor :STMicroelectronics X-CUBE-PM33A1 1.0.0
2026-02-12 13:37:14,498 [INFO] ThirdParty:1030 - CMSIS Pack Vendor :STMicroelectronics USBPD 4.1
2026-02-12 13:37:14,498 [INFO] ThirdParty:1030 - CMSIS Pack Vendor :STMicroelectronics X-CUBE-NFC9 1.0.0
2026-02-12 13:37:14,498 [INFO] ThirdParty:1030 - CMSIS Pack Vendor :STMicroelectronics USB_HOST 2.0.0
2026-02-12 13:37:14,498 [INFO] ThirdParty:1030 - CMSIS Pack Vendor :STMicroelectronics FP-SNS-MOTENVWB1 1.4.0
2026-02-12 13:37:14,498 [INFO] ThirdParty:1030 - CMSIS Pack Vendor :STMicroelectronics X-CUBE-AZRTOS-F4 1.1.0
2026-02-12 13:37:14,498 [INFO] ThirdParty:1030 - CMSIS Pack Vendor :STMicroelectronics LIBJPEG 8.0.0
2026-02-12 13:37:14,498 [INFO] ThirdParty:1030 - CMSIS Pack Vendor :STMicroelectronics FP-ATR-ASTRA1 2.0.2
2026-02-12 13:37:14,499 [INFO] ThirdParty:1030 - CMSIS Pack Vendor :wolfSSL I-CUBE-wolfSSL 5.8.2
2026-02-12 13:37:14,499 [INFO] ThirdParty:1030 - CMSIS Pack Vendor :STMicroelectronics X-CUBE-BLE1 7.1.0
2026-02-12 13:37:14,499 [INFO] ThirdParty:1030 - CMSIS Pack Vendor :STMicroelectronics X-CUBE-SMBUS 2.1.0
2026-02-12 13:37:14,499 [INFO] ThirdParty:1030 - CMSIS Pack Vendor :wolfSSL I-CUBE-wolfMQTT 1.19.2
2026-02-12 13:37:14,499 [INFO] ThirdParty:1030 - CMSIS Pack Vendor :STMicroelectronics USB_DEVICE 3.0.0
2026-02-12 13:37:14,499 [INFO] ThirdParty:1030 - CMSIS Pack Vendor :STMicroelectronics X-CUBE-ISPU 2.1.0
2026-02-12 13:37:14,499 [INFO] ThirdParty:1030 - CMSIS Pack Vendor :STMicroelectronics X-CUBE-FREERTOS 1.4.0
2026-02-12 13:37:14,499 [INFO] ThirdParty:1030 - CMSIS Pack Vendor :STMicroelectronics X-CUBE-EEPRMA1 5.2.0
2026-02-12 13:37:14,499 [INFO] ThirdParty:1030 - CMSIS Pack Vendor :STMicroelectronics X-CUBE-IPS 3.2.0
2026-02-12 13:37:14,499 [INFO] ThirdParty:1030 - CMSIS Pack Vendor :STMicroelectronics X-CUBE-BLEMGR 4.1.0
2026-02-12 13:37:14,499 [INFO] ThirdParty:1030 - CMSIS Pack Vendor :STMicroelectronics X-CUBE-AZRTOS-WB 2.0.0
2026-02-12 13:37:14,499 [INFO] ThirdParty:1030 - CMSIS Pack Vendor :STMicroelectronics X-CUBE-GNSS1 7.0.1
2026-02-12 13:37:14,499 [INFO] ThirdParty:1030 - CMSIS Pack Vendor :STMicroelectronics X-CUBE-NFC12 1.0.0
2026-02-12 13:37:14,500 [INFO] ThirdParty:1030 - CMSIS Pack Vendor :STMicroelectronics X-CUBE-AZRTOS-F7 1.1.0
2026-02-12 13:37:14,500 [INFO] ThirdParty:1030 - CMSIS Pack Vendor :STMicroelectronics X-CUBE-AZRTOS-L5 2.0.0
2026-02-12 13:37:14,500 [INFO] ThirdParty:1030 - CMSIS Pack Vendor :STMicroelectronics USB_DEVICE 2.0.0
2026-02-12 13:37:14,500 [INFO] ThirdParty:1030 - CMSIS Pack Vendor :STMicroelectronics X-CUBE-NFC6 3.1.0
2026-02-12 13:37:14,500 [INFO] ThirdParty:1030 - CMSIS Pack Vendor :STMicroelectronics X-CUBE-ST67W61 1.1.0
2026-02-12 13:37:14,500 [INFO] ThirdParty:1030 - CMSIS Pack Vendor :Cesanta I-CUBE-Mongoose 7.19.0
2026-02-12 13:37:14,500 [INFO] ThirdParty:1030 - CMSIS Pack Vendor :quantropi X-CUBE-qispace-sdk-base 2.1.0
2026-02-12 13:37:14,500 [INFO] ThirdParty:1030 - CMSIS Pack Vendor :STMicroelectronics X-CUBE-MEMS1 12.0.0
2026-02-12 13:37:14,500 [INFO] ThirdParty:1030 - CMSIS Pack Vendor :STMicroelectronics X-CUBE-STSE01 2.0.0
2026-02-12 13:37:14,500 [INFO] ThirdParty:1030 - CMSIS Pack Vendor :STMicroelectronics FP-SNS-MOTENV1 5.1.0
2026-02-12 13:37:14,500 [INFO] ThirdParty:1030 - CMSIS Pack Vendor :STMicroelectronics FreeRTOS 0.0.1
2026-02-12 13:37:14,500 [INFO] ThirdParty:1030 - CMSIS Pack Vendor :STMicroelectronics X-CUBE-AZRTOS-G0 1.1.0
2026-02-12 13:37:14,501 [INFO] ThirdParty:1030 - CMSIS Pack Vendor :STMicroelectronics X-CUBE-SAFEA1 1.2.2
2026-02-12 13:37:14,501 [INFO] ThirdParty:1030 - CMSIS Pack Vendor :STMicroelectronics X-CUBE-NFC4 3.0.0
2026-02-12 13:37:14,501 [INFO] ThirdParty:1030 - CMSIS Pack Vendor :STMicroelectronics X-CUBE-SUBG2 5.0.0
2026-02-12 13:37:14,501 [INFO] ThirdParty:1030 - CMSIS Pack Vendor :STMicroelectronics X-CUBE-AZRTOS-H7RS 1.1.0
2026-02-12 13:37:14,501 [INFO] ThirdParty:1030 - CMSIS Pack Vendor :STMicroelectronics STM32_WPAN 1.0.0
2026-02-12 13:37:14,501 [INFO] ThirdParty:1030 - CMSIS Pack Vendor :EmbeddedOffice I-CUBE-FS-RTOS 1.0.1
2026-02-12 13:37:14,501 [INFO] ThirdParty:1030 - CMSIS Pack Vendor :STMicroelectronics lwIP 2.0.3
2026-02-12 13:37:14,501 [INFO] ThirdParty:1030 - CMSIS Pack Vendor :WES I-CUBE-Cesium 1.4.0
2026-02-12 13:37:14,501 [INFO] ThirdParty:1030 - CMSIS Pack Vendor :STMicroelectronics USB_HOST 1.0.0
2026-02-12 13:37:14,501 [INFO] ThirdParty:1030 - CMSIS Pack Vendor :Infineon AIROC-Wi-Fi-Bluetooth-STM32 1.7.1
2026-02-12 13:37:14,501 [INFO] ThirdParty:1030 - CMSIS Pack Vendor :STMicroelectronics X-CUBE-AZRTOS-G4 2.0.0
2026-02-12 13:37:14,501 [INFO] ThirdParty:1030 - CMSIS Pack Vendor :STMicroelectronics X-CUBE-WB05N 2.0.0
2026-02-12 13:37:14,501 [INFO] ThirdParty:1030 - CMSIS Pack Vendor :STMicroelectronics PDM2PCM 3.1.0
2026-02-12 13:37:14,501 [INFO] ThirdParty:1030 - CMSIS Pack Vendor :STMicroelectronics PDM2PCM 3.3.0
2026-02-12 13:37:14,501 [INFO] ThirdParty:1030 - CMSIS Pack Vendor :wolfSSL I-CUBE-wolfTPM 3.8.0
2026-02-12 13:37:14,501 [INFO] ThirdParty:1030 - CMSIS Pack Vendor :STMicroelectronics X-CUBE-AZRTOS-H7 3.4.0
2026-02-12 13:37:14,501 [INFO] ThirdParty:1030 - CMSIS Pack Vendor :STMicroelectronics X-CUBE-DISPLAY 3.0.0
2026-02-12 13:37:14,501 [INFO] ThirdParty:1030 - CMSIS Pack Vendor :wolfSSL I-CUBE-wolfSSH 1.4.20
2026-02-12 13:37:14,501 [INFO] ThirdParty:1030 - CMSIS Pack Vendor :STMicroelectronics X-CUBE-NFC7 2.0.0
2026-02-12 13:37:14,501 [INFO] ThirdParty:1030 - CMSIS Pack Vendor :STMicroelectronics X-CUBE-TCPP 4.2.0
2026-02-12 13:37:14,501 [INFO] ThirdParty:1030 - CMSIS Pack Vendor :RealThread X-CUBE-RT-Thread_Nano 4.1.1
2026-02-12 13:37:14,501 [INFO] ThirdParty:1030 - CMSIS Pack Vendor :STMicroelectronics FP-ATR-SIGFOX1 3.2.0
2026-02-12 13:37:14,502 [INFO] ThirdParty:1030 - CMSIS Pack Vendor :STMicroelectronics X-CUBE-NFC10 1.0.0
2026-02-12 13:37:14,502 [INFO] ThirdParty:1030 - CMSIS Pack Vendor :STMicroelectronics X-CUBE-FREERTOS 1.3.1
2026-02-12 13:37:14,502 [INFO] ThirdParty:1030 - CMSIS Pack Vendor :STMicroelectronics HAL Drivers 0.0.0
2026-02-12 13:37:14,502 [INFO] ThirdParty:1030 - CMSIS Pack Vendor :STMicroelectronics MBEDTLS 2.16.2
2026-02-12 13:37:14,502 [INFO] ThirdParty:1030 - CMSIS Pack Vendor :STMicroelectronics X-CUBE-ST60 1.1.0
2026-02-12 13:37:14,502 [INFO] ThirdParty:1030 - CMSIS Pack Vendor :STMicroelectronics X-CUBE-ALS 1.0.2
2026-02-12 13:37:14,502 [INFO] ThirdParty:1030 - CMSIS Pack Vendor :emotas I-CUBE-CANOPEN 1.3.0
2026-02-12 13:37:14,502 [INFO] ThirdParty:1030 - CMSIS Pack Vendor :STMicroelectronics MBEDTLS 2.14.1
2026-02-12 13:37:14,502 [INFO] ThirdParty:1030 - CMSIS Pack Vendor :STMicroelectronics X-CUBE-GNSS1 7.1.0
2026-02-12 13:37:14,502 [INFO] ThirdParty:1030 - CMSIS Pack Vendor :ITTIA_DB I-CUBE-ITTIADB 8.9.0
2026-02-12 13:37:14,502 [INFO] ThirdParty:1030 - CMSIS Pack Vendor :STMicroelectronics X-CUBE-TOUCHGFX 4.26.0
2026-02-12 13:37:14,502 [INFO] ThirdParty:1030 - CMSIS Pack Vendor :STMicroelectronics X-CUBE-STSE01 1.0.0
2026-02-12 13:37:14,502 [INFO] ThirdParty:1030 - CMSIS Pack Vendor :STMicroelectronics X-CUBE-NFC6 3.2.0
2026-02-12 13:37:14,502 [INFO] ThirdParty:1030 - CMSIS Pack Vendor :STMicroelectronics FP-SNS-STBOX1 2.1.0
2026-02-12 13:37:14,502 [INFO] ThirdParty:1030 - CMSIS Pack Vendor :STMicroelectronics X-CUBE-AI 10.2.0
2026-02-12 13:37:14,502 [INFO] ThirdParty:1030 - CMSIS Pack Vendor :STMicroelectronics FP-SNS-STAIOTCFT 1.0.0
2026-02-12 13:37:14,502 [INFO] ThirdParty:1030 - CMSIS Pack Vendor :STMicroelectronics ThreadX 1.0.0
2026-02-12 13:37:14,503 [INFO] ThirdParty:1030 - CMSIS Pack Vendor :STMicroelectronics FP-SNS-SMARTAG2 1.2.0
2026-02-12 13:37:14,503 [INFO] ThirdParty:1030 - CMSIS Pack Vendor :STMicroelectronics FP-SNS-FLIGHT1 5.1.0
2026-02-12 13:37:14,503 [INFO] ThirdParty:1030 - CMSIS Pack Vendor :STMicroelectronics X-CUBE-AZRTOS-WL 2.0.0
2026-02-12 13:37:14,503 [INFO] ThirdParty:1030 - CMSIS Pack Vendor :SEGGER I-CUBE-embOS 1.3.1
2026-02-12 13:37:14,503 [INFO] ThirdParty:1030 - CMSIS Pack Vendor :STMicroelectronics X-CUBE-ALGOBUILD 1.4.0
2026-02-12 13:37:14,503 [INFO] ThirdParty:1030 - CMSIS Pack Vendor :STMicroelectronics X-CUBE-DPower 1.3.0
2026-02-12 13:37:14,503 [INFO] ThirdParty:1030 - CMSIS Pack Vendor :STMicroelectronics X-CUBE-MEMS1 11.3.0
2026-02-12 13:37:14,503 [INFO] ThirdParty:1030 - CMSIS Pack Vendor :STMicroelectronics FP-SNS-MOTENV1 5.0.0
2026-02-12 13:37:14,503 [INFO] ThirdParty:1030 - CMSIS Pack Vendor :STMicroelectronics USB_DEVICE 1.0.0
2026-02-12 13:37:14,503 [INFO] ThirdParty:1030 - CMSIS Pack Vendor :STMicroelectronics X-CUBE-AZRTOS-H7RS 1.2.0
2026-02-12 13:37:14,503 [INFO] ThirdParty:1030 - CMSIS Pack Vendor :STMicroelectronics X-CUBE-AZRTOS-L4 2.0.0
2026-02-12 13:37:14,504 [INFO] ThirdParty:1030 - CMSIS Pack Vendor :STMicroelectronics ThreadX 0.0.2
2026-02-12 13:37:14,504 [INFO] ThirdParty:1030 - CMSIS Pack Vendor :STMicroelectronics lwIP 2.1.2
2026-02-12 13:37:14,504 [INFO] ThirdParty:1030 - CMSIS Pack Vendor :STMicroelectronics X-CUBE-SFXS2LP1 4.0.0
2026-02-12 13:37:14,504 [INFO] ThirdParty:1030 - CMSIS Pack Vendor :STMicroelectronics X-CUBE-BLE2 3.3.0
2026-02-12 13:37:14,504 [INFO] ThirdParty:1030 - CMSIS Pack Vendor :Avnet-IOTCONNECT X-CUBE-iotc-st67-sdk 1.0.0
2026-02-12 13:37:14,504 [INFO] ThirdParty:1030 - CMSIS Pack Vendor :STMicroelectronics X-CUBE-TOF1 3.4.3
2026-02-12 13:37:14,504 [INFO] ThirdParty:1030 - CMSIS Pack Vendor :STMicroelectronics PDM2PCM 3.2.0
2026-02-12 13:37:14,504 [INFO] ThirdParty:1030 - CMSIS Pack Vendor :STMicroelectronics X-CUBE-ST67W61 1.2.0
2026-02-12 13:37:14,504 [INFO] ThirdParty:841 - exiting critical section [change project]
2026-02-12 13:37:15,252 [INFO] PinOutPanel:1589 - setPackage(No Configuration,No Configuration)
2026-02-12 13:37:15,266 [INFO] PinOutPanel:1589 - setPackage(STM32G0B1RETx,LQFP64)
2026-02-12 13:37:16,452 [INFO] UtilMem:75 - Before build in PCC Used Memory: 995800552 Bytes (1073741824)
2026-02-12 13:37:18,366 [INFO] UtilMem:75 - After build in PCC Used Memory: 988894672 Bytes (1073741824)
2026-02-12 13:37:18,449 [INFO] IPUIPlugin:80 - create IPUIPlugin
2026-02-12 13:37:18,450 [INFO] IPUIPlugin:80 - create IPUIPlugin
2026-02-12 13:37:18,450 [INFO] IPUIPlugin:80 - create IPUIPlugin
2026-02-12 13:37:18,450 [INFO] IPUIPlugin:80 - create IPUIPlugin
2026-02-12 13:37:18,451 [INFO] IPUIPlugin:80 - create IPUIPlugin
2026-02-12 13:37:18,451 [INFO] IPUIPlugin:80 - create IPUIPlugin
2026-02-12 13:37:18,451 [INFO] IPUIPlugin:80 - create IPUIPlugin
2026-02-12 13:37:18,452 [INFO] IPUIPlugin:80 - create IPUIPlugin
2026-02-12 13:37:18,452 [INFO] IPUIPlugin:80 - create IPUIPlugin
2026-02-12 13:37:18,452 [INFO] IPUIPlugin:80 - create IPUIPlugin
2026-02-12 13:37:18,453 [INFO] IPUIPlugin:80 - create IPUIPlugin
2026-02-12 13:37:18,453 [INFO] IPUIPlugin:80 - create IPUIPlugin
2026-02-12 13:37:18,454 [INFO] IPUIPlugin:80 - create IPUIPlugin
2026-02-12 13:37:18,454 [INFO] IPUIPlugin:80 - create IPUIPlugin
2026-02-12 13:37:18,455 [INFO] IPUIPlugin:80 - create IPUIPlugin
2026-02-12 13:37:18,455 [INFO] IPUIPlugin:80 - create IPUIPlugin
2026-02-12 13:37:18,455 [INFO] IPUIPlugin:80 - create IPUIPlugin
2026-02-12 13:37:18,455 [INFO] IPUIPlugin:80 - create IPUIPlugin
2026-02-12 13:37:18,456 [INFO] IPUIPlugin:80 - create IPUIPlugin
2026-02-12 13:37:18,456 [INFO] IPUIPlugin:80 - create IPUIPlugin
2026-02-12 13:37:18,457 [INFO] IPUIPlugin:80 - create IPUIPlugin
2026-02-12 13:37:18,457 [INFO] IPUIPlugin:80 - create IPUIPlugin
2026-02-12 13:37:18,458 [INFO] IPUIPlugin:80 - create IPUIPlugin
2026-02-12 13:37:18,458 [INFO] IPUIPlugin:80 - create IPUIPlugin
2026-02-12 13:37:18,459 [INFO] IPUIPlugin:80 - create IPUIPlugin
2026-02-12 13:37:18,459 [INFO] IPUIPlugin:80 - create IPUIPlugin
2026-02-12 13:37:18,460 [INFO] IPUIPlugin:80 - create IPUIPlugin
2026-02-12 13:37:18,460 [INFO] IPUIPlugin:80 - create IPUIPlugin
2026-02-12 13:37:18,461 [INFO] IPUIPlugin:80 - create IPUIPlugin
2026-02-12 13:37:18,461 [INFO] IPUIPlugin:80 - create IPUIPlugin
2026-02-12 13:37:18,462 [INFO] IPUIPlugin:80 - create IPUIPlugin
2026-02-12 13:37:18,462 [INFO] IPUIPlugin:80 - create IPUIPlugin
2026-02-12 13:37:18,462 [INFO] IPUIPlugin:80 - create IPUIPlugin
2026-02-12 13:37:18,463 [INFO] IPUIPlugin:80 - create IPUIPlugin
2026-02-12 13:37:18,463 [INFO] IPUIPlugin:80 - create IPUIPlugin
2026-02-12 13:37:18,464 [INFO] IPUIPlugin:80 - create IPUIPlugin
2026-02-12 13:37:18,464 [INFO] IPUIPlugin:80 - create IPUIPlugin
2026-02-12 13:37:18,464 [INFO] IPUIPlugin:80 - create IPUIPlugin
2026-02-12 13:37:18,465 [INFO] IPUIPlugin:80 - create IPUIPlugin
2026-02-12 13:37:18,465 [INFO] IPUIPlugin:80 - create IPUIPlugin
2026-02-12 13:37:18,466 [INFO] IPUIPlugin:80 - create IPUIPlugin
2026-02-12 13:37:18,466 [INFO] IPUIPlugin:80 - create IPUIPlugin
2026-02-12 13:37:18,471 [INFO] IPUIPlugin:80 - create IPUIPlugin
2026-02-12 13:37:18,472 [INFO] IPUIPlugin:80 - create IPUIPlugin
2026-02-12 13:37:18,473 [INFO] IPUIPlugin:80 - create IPUIPlugin
2026-02-12 13:37:18,473 [INFO] IPUIPlugin:80 - create IPUIPlugin
2026-02-12 13:37:18,474 [INFO] IPUIPlugin:80 - create IPUIPlugin
2026-02-12 13:37:18,475 [INFO] IPUIPlugin:80 - create IPUIPlugin
2026-02-12 13:37:18,475 [INFO] IPUIPlugin:80 - create IPUIPlugin
2026-02-12 13:37:18,476 [INFO] IPUIPlugin:80 - create IPUIPlugin
2026-02-12 13:37:18,476 [INFO] IPUIPlugin:80 - create IPUIPlugin
2026-02-12 13:37:18,477 [INFO] IPUIPlugin:80 - create IPUIPlugin
2026-02-12 13:37:18,478 [INFO] IPUIPlugin:80 - create IPUIPlugin
2026-02-12 13:37:18,479 [INFO] IPUIPlugin:80 - create IPUIPlugin
2026-02-12 13:37:18,479 [INFO] IPUIPlugin:80 - create IPUIPlugin
2026-02-12 13:37:18,479 [INFO] IPUIPlugin:80 - create IPUIPlugin
2026-02-12 13:37:19,293 [INFO] CADModel:165 - CPN selected for project levelSTM32G0B1RET6
2026-02-12 13:37:19,293 [INFO] CADModel:114 - Register for checkConnection events
2026-02-12 13:37:19,360 [INFO] OpenFileManager:386 - Restore cursor
2026-02-12 13:37:24,162 [INFO] UtilMem:75 - End SaveConfig() Used Memory: 909810080 Bytes (1073741824)
2026-02-12 13:37:25,446 [INFO] ServerAccessManage:452 - Complete download http(s) 200
2026-02-12 13:37:25,447 [INFO] ServerAccessManage:509 - Download File stm32cube_fw_g0_v160.zip
2026-02-12 13:38:41,703 [ERROR] LogOutputStream:75 - [STDERR_REDIRECT] Exception in thread "AWT-EventQueue-0" java.lang.NullPointerException: Cannot read field "width" because "this.componentInnards" is null
2026-02-12 13:38:41,720 [ERROR] LogOutputStream:75 - [STDERR_REDIRECT] 	at java.desktop/javax.swing.plaf.basic.BasicProgressBarUI.updateSizes(BasicProgressBarUI.java:542)
2026-02-12 13:38:41,722 [ERROR] LogOutputStream:75 - [STDERR_REDIRECT] 	at java.desktop/javax.swing.plaf.basic.BasicProgressBarUI.getBox(BasicProgressBarUI.java:499)
2026-02-12 13:38:41,726 [ERROR] LogOutputStream:75 - [STDERR_REDIRECT] 	at java.desktop/javax.swing.plaf.basic.BasicProgressBarUI.paintIndeterminate(BasicProgressBarUI.java:656)
2026-02-12 13:38:41,728 [ERROR] LogOutputStream:75 - [STDERR_REDIRECT] 	at java.desktop/javax.swing.plaf.metal.MetalProgressBarUI.paintIndeterminate(MetalProgressBarUI.java:155)
2026-02-12 13:38:41,730 [ERROR] LogOutputStream:75 - [STDERR_REDIRECT] 	at java.desktop/javax.swing.plaf.basic.BasicProgressBarUI.paint(BasicProgressBarUI.java:464)
2026-02-12 13:38:41,733 [ERROR] LogOutputStream:75 - [STDERR_REDIRECT] 	at java.desktop/javax.swing.plaf.ComponentUI.update(ComponentUI.java:161)
2026-02-12 13:38:41,735 [ERROR] LogOutputStream:75 - [STDERR_REDIRECT] 	at java.desktop/javax.swing.JComponent.paintComponent(JComponent.java:852)
2026-02-12 13:38:41,737 [ERROR] LogOutputStream:75 - [STDERR_REDIRECT] 	at java.desktop/javax.swing.JComponent.paint(JComponent.java:1128)
2026-02-12 13:38:41,739 [ERROR] LogOutputStream:75 - [STDERR_REDIRECT] 	at java.desktop/javax.swing.JComponent.paintToOffscreen(JComponent.java:5318)
2026-02-12 13:38:41,741 [ERROR] LogOutputStream:75 - [STDERR_REDIRECT] 	at java.desktop/javax.swing.RepaintManager$PaintManager.paintDoubleBufferedFPScales(RepaintManager.java:1720)
2026-02-12 13:38:41,744 [ERROR] LogOutputStream:75 - [STDERR_REDIRECT] 	at java.desktop/javax.swing.RepaintManager$PaintManager.paintDoubleBuffered(RepaintManager.java:1629)
2026-02-12 13:38:41,745 [ERROR] LogOutputStream:75 - [STDERR_REDIRECT] 	at java.desktop/javax.swing.RepaintManager$PaintManager.paint(RepaintManager.java:1569)
2026-02-12 13:38:41,746 [ERROR] LogOutputStream:75 - [STDERR_REDIRECT] 	at java.desktop/javax.swing.RepaintManager.paint(RepaintManager.java:1336)
2026-02-12 13:38:41,747 [ERROR] LogOutputStream:75 - [STDERR_REDIRECT] 	at java.desktop/javax.swing.JComponent._paintImmediately(JComponent.java:5266)
2026-02-12 13:38:41,749 [ERROR] LogOutputStream:75 - [STDERR_REDIRECT] 	at java.desktop/javax.swing.JComponent.paintImmediately(JComponent.java:5076)
2026-02-12 13:38:41,751 [ERROR] LogOutputStream:75 - [STDERR_REDIRECT] 	at java.desktop/javax.swing.RepaintManager$4.run(RepaintManager.java:878)
2026-02-12 13:38:41,753 [ERROR] LogOutputStream:75 - [STDERR_REDIRECT] 	at java.desktop/javax.swing.RepaintManager$4.run(RepaintManager.java:861)
2026-02-12 13:38:41,755 [ERROR] LogOutputStream:75 - [STDERR_REDIRECT] 	at java.base/java.security.AccessController.doPrivileged(AccessController.java:400)
2026-02-12 13:38:41,759 [ERROR] LogOutputStream:75 - [STDERR_REDIRECT] 	at java.base/java.security.ProtectionDomain$JavaSecurityAccessImpl.doIntersectionPrivilege(ProtectionDomain.java:87)
2026-02-12 13:38:41,760 [ERROR] LogOutputStream:75 - [STDERR_REDIRECT] 	at java.desktop/javax.swing.RepaintManager.paintDirtyRegions(RepaintManager.java:861)
2026-02-12 13:38:41,763 [ERROR] LogOutputStream:75 - [STDERR_REDIRECT] 	at java.desktop/javax.swing.RepaintManager.paintDirtyRegions(RepaintManager.java:834)
2026-02-12 13:38:41,766 [ERROR] LogOutputStream:75 - [STDERR_REDIRECT] 	at java.desktop/javax.swing.RepaintManager.prePaintDirtyRegions(RepaintManager.java:784)
2026-02-12 13:38:41,768 [ERROR] LogOutputStream:75 - [STDERR_REDIRECT] 	at java.desktop/javax.swing.RepaintManager$ProcessingRunnable.run(RepaintManager.java:1897)
2026-02-12 13:38:41,770 [ERROR] LogOutputStream:75 - [STDERR_REDIRECT] 	at java.desktop/java.awt.event.InvocationEvent.dispatch(InvocationEvent.java:318)
2026-02-12 13:38:41,772 [ERROR] LogOutputStream:75 - [STDERR_REDIRECT] 	at java.desktop/java.awt.EventQueue.dispatchEventImpl(EventQueue.java:773)
2026-02-12 13:38:41,773 [ERROR] LogOutputStream:75 - [STDERR_REDIRECT] 	at java.desktop/java.awt.EventQueue$4.run(EventQueue.java:720)
2026-02-12 13:38:41,774 [ERROR] LogOutputStream:75 - [STDERR_REDIRECT] 	at java.desktop/java.awt.EventQueue$4.run(EventQueue.java:714)
2026-02-12 13:38:41,777 [ERROR] LogOutputStream:75 - [STDERR_REDIRECT] 	at java.base/java.security.AccessController.doPrivileged(AccessController.java:400)
2026-02-12 13:38:41,779 [ERROR] LogOutputStream:75 - [STDERR_REDIRECT] 	at java.base/java.security.ProtectionDomain$JavaSecurityAccessImpl.doIntersectionPrivilege(ProtectionDomain.java:87)
2026-02-12 13:38:41,781 [ERROR] LogOutputStream:75 - [STDERR_REDIRECT] 	at java.desktop/java.awt.EventQueue.dispatchEvent(EventQueue.java:742)
2026-02-12 13:38:41,783 [ERROR] LogOutputStream:75 - [STDERR_REDIRECT] 	at java.desktop/java.awt.EventDispatchThread.pumpOneEventForFilters(EventDispatchThread.java:203)
2026-02-12 13:38:41,785 [ERROR] LogOutputStream:75 - [STDERR_REDIRECT] 	at java.desktop/java.awt.EventDispatchThread.pumpEventsForFilter(EventDispatchThread.java:124)
2026-02-12 13:38:41,787 [ERROR] LogOutputStream:75 - [STDERR_REDIRECT] 	at java.desktop/java.awt.EventDispatchThread.pumpEventsForFilter(EventDispatchThread.java:117)
2026-02-12 13:38:41,789 [ERROR] LogOutputStream:75 - [STDERR_REDIRECT] 	at java.desktop/java.awt.WaitDispatchSupport$2.run(WaitDispatchSupport.java:191)
2026-02-12 13:38:41,790 [ERROR] LogOutputStream:75 - [STDERR_REDIRECT] 	at java.desktop/java.awt.WaitDispatchSupport$4.run(WaitDispatchSupport.java:236)
2026-02-12 13:38:41,792 [ERROR] LogOutputStream:75 - [STDERR_REDIRECT] 	at java.desktop/java.awt.WaitDispatchSupport$4.run(WaitDispatchSupport.java:234)
2026-02-12 13:38:41,795 [ERROR] LogOutputStream:75 - [STDERR_REDIRECT] 	at java.base/java.security.AccessController.doPrivileged(AccessController.java:319)
2026-02-12 13:38:41,797 [ERROR] LogOutputStream:75 - [STDERR_REDIRECT] 	at java.desktop/java.awt.WaitDispatchSupport.enter(WaitDispatchSupport.java:234)
2026-02-12 13:38:41,799 [ERROR] LogOutputStream:75 - [STDERR_REDIRECT] 	at java.desktop/java.awt.Dialog.show(Dialog.java:1079)
2026-02-12 13:38:41,803 [ERROR] LogOutputStream:75 - [STDERR_REDIRECT] 	at com.st.microxplorer.plugins.updater.gui.ProgressBarDialog.startProgressBar(ProgressBarDialog.java:161)
2026-02-12 13:38:41,804 [ERROR] LogOutputStream:75 - [STDERR_REDIRECT] 	at com.st.microxplorer.plugins.updater.engine.MainUpdater.loadFirmwareName(MainUpdater.java:2447)
2026-02-12 13:38:41,806 [ERROR] LogOutputStream:75 - [STDERR_REDIRECT] 	at com.st.microxplorer.plugins.updater.Updater.getSpecificTask(Updater.java:386)
2026-02-12 13:38:41,809 [ERROR] LogOutputStream:75 - [STDERR_REDIRECT] 	at com.st.microxplorer.plugins.projectmanager.engine.MainProjectManager.startGenerateCode(MainProjectManager.java:1465)
2026-02-12 13:38:41,813 [ERROR] LogOutputStream:75 - [STDERR_REDIRECT] 	at com.st.stm32cube.common.mx.editor.CubeMxEditor.doGenerate(CubeMxEditor.java:2582)
2026-02-12 13:38:41,815 [ERROR] LogOutputStream:75 - [STDERR_REDIRECT] 	at com.st.stm32cube.common.mx.editor.CubeMxEditor$22.run(CubeMxEditor.java:2282)
2026-02-12 13:38:41,817 [ERROR] LogOutputStream:75 - [STDERR_REDIRECT] 	at com.st.stm32cube.common.mx.oss.core.awtswtbridge.AwtEnvironment$2.run(AwtEnvironment.java:166)
2026-02-12 13:38:41,819 [ERROR] LogOutputStream:75 - [STDERR_REDIRECT] 	at java.desktop/java.awt.event.InvocationEvent.dispatch(InvocationEvent.java:318)
2026-02-12 13:38:41,821 [ERROR] LogOutputStream:75 - [STDERR_REDIRECT] 	at java.desktop/java.awt.EventQueue.dispatchEventImpl(EventQueue.java:773)
2026-02-12 13:38:41,822 [ERROR] LogOutputStream:75 - [STDERR_REDIRECT] 	at java.desktop/java.awt.EventQueue$4.run(EventQueue.java:720)
2026-02-12 13:38:41,824 [ERROR] LogOutputStream:75 - [STDERR_REDIRECT] 	at java.desktop/java.awt.EventQueue$4.run(EventQueue.java:714)
2026-02-12 13:38:41,825 [ERROR] LogOutputStream:75 - [STDERR_REDIRECT] 	at java.base/java.security.AccessController.doPrivileged(AccessController.java:400)
2026-02-12 13:38:41,828 [ERROR] LogOutputStream:75 - [STDERR_REDIRECT] 	at java.base/java.security.ProtectionDomain$JavaSecurityAccessImpl.doIntersectionPrivilege(ProtectionDomain.java:87)
2026-02-12 13:38:41,829 [ERROR] LogOutputStream:75 - [STDERR_REDIRECT] 	at java.desktop/java.awt.EventQueue.dispatchEvent(EventQueue.java:742)
2026-02-12 13:38:41,831 [ERROR] LogOutputStream:75 - [STDERR_REDIRECT] 	at java.desktop/java.awt.EventDispatchThread.pumpOneEventForFilters(EventDispatchThread.java:203)
2026-02-12 13:38:41,833 [ERROR] LogOutputStream:75 - [STDERR_REDIRECT] 	at java.desktop/java.awt.EventDispatchThread.pumpEventsForFilter(EventDispatchThread.java:124)
2026-02-12 13:38:41,841 [ERROR] LogOutputStream:75 - [STDERR_REDIRECT] 	at java.desktop/java.awt.EventDispatchThread.pumpEventsForHierarchy(EventDispatchThread.java:113)
2026-02-12 13:38:41,843 [ERROR] LogOutputStream:75 - [STDERR_REDIRECT] 	at java.desktop/java.awt.EventDispatchThread.pumpEvents(EventDispatchThread.java:109)
2026-02-12 13:38:41,845 [ERROR] LogOutputStream:75 - [STDERR_REDIRECT] 	at java.desktop/java.awt.EventDispatchThread.pumpEvents(EventDispatchThread.java:101)
2026-02-12 13:38:41,846 [ERROR] LogOutputStream:75 - [STDERR_REDIRECT] 	at java.desktop/java.awt.EventDispatchThread.run(EventDispatchThread.java:90)
2026-02-12 13:38:47,447 [INFO] AnalyticsPlugin:368 - Accepted License(s): [FW.G0.1.6.0]
2026-02-12 13:38:47,471 [INFO] FileExtend:248 - Unzip File : stm32cube_fw_g0_v160.zip
2026-02-12 13:38:47,474 [INFO] FileExtend:263 - Standard Zip Deflate
2026-02-12 13:39:52,827 [INFO] ServerAccessManage:452 - Complete download http(s) 200
2026-02-12 13:39:52,841 [INFO] ServerAccessManage:509 - Download File stm32cube_fw_g0_v162.zip
2026-02-12 13:40:45,115 [INFO] FileExtend:248 - Unzip File : stm32cube_fw_g0_v162.zip
2026-02-12 13:40:45,119 [INFO] FileExtend:263 - Standard Zip Deflate
2026-02-12 13:41:33,377 [INFO] LoadServerPackagesThread:196 - End of LoadServerPackages Thread
2026-02-12 13:41:33,957 [INFO] ThirdPartyModel:298 - Start build external matchings
2026-02-12 13:41:34,024 [INFO] UtilMem:75 - End SaveConfig() Used Memory: 900903768 Bytes (1073741824)
2026-02-12 13:41:38,468 [INFO] BlockDiagram:2775 - set Specific Code input for plugin: SYS
2026-02-12 13:41:38,471 [INFO] BlockDiagram:2775 - set Specific Code input for plugin: RCC
2026-02-12 13:41:38,471 [INFO] BlockDiagram:2775 - set Specific Code input for plugin: NVIC
2026-02-12 13:41:38,471 [INFO] BlockDiagram:2775 - set Specific Code input for plugin: USART
2026-02-12 13:41:38,475 [INFO] BlockDiagram:2775 - set Specific Code input for plugin: GPIO
2026-02-12 13:41:38,488 [INFO] CodeGenerator:892 - code generatio: config db path: C:\ST\STM32CubeIDE_1.19.0\STM32CubeIDE\plugins\com.st.stm32cube.common.mx_6.15.0.202507011659\\db\
2026-02-12 13:41:39,301 [INFO] CodeEngine:265 - oldGeneratedFile, C:\Users\Alfred\STM32CubeIDE\workspace_1.19.0\alf_brain_child_molested\MXTmpFiles\license.tmp_save
2026-02-12 13:41:39,509 [INFO] ThirdPartyModel:316 - End build external matchings
2026-02-12 13:41:39,569 [INFO] CheckServerUpdateThread:120 - End of CheckServer Thread
2026-02-12 13:41:40,492 [INFO] CodeEngine:289 - Generated code: C:\Users\Alfred\STM32CubeIDE\workspace_1.19.0\alf_brain_child_molested\MXTmpFiles\license.tmp
2026-02-12 13:41:40,749 [INFO] CodeEngine:265 - oldGeneratedFile, C:\Users\Alfred\STM32CubeIDE\workspace_1.19.0\alf_brain_child_molested\MXTmpFiles\gpio.tmp_save
2026-02-12 13:41:41,141 [INFO] CodeEngine:289 - Generated code: C:\Users\Alfred\STM32CubeIDE\workspace_1.19.0\alf_brain_child_molested\MXTmpFiles\gpio.tmp
2026-02-12 13:41:41,750 [INFO] CodeEngine:265 - oldGeneratedFile, C:\Users\Alfred\STM32CubeIDE\workspace_1.19.0\alf_brain_child_molested\Core\Src\stm32g0xx_it.c_save
2026-02-12 13:41:42,176 [INFO] CodeEngine:289 - Generated code: C:\Users\Alfred\STM32CubeIDE\workspace_1.19.0\alf_brain_child_molested\Core\Src\stm32g0xx_it.c
2026-02-12 13:41:42,219 [INFO] CodeEngine:265 - oldGeneratedFile, C:\Users\Alfred\STM32CubeIDE\workspace_1.19.0\alf_brain_child_molested\Core\Inc\stm32g0xx_it.h_save
2026-02-12 13:41:42,360 [INFO] CodeEngine:289 - Generated code: C:\Users\Alfred\STM32CubeIDE\workspace_1.19.0\alf_brain_child_molested\Core\Inc\stm32g0xx_it.h
2026-02-12 13:41:42,412 [INFO] CodeEngine:265 - oldGeneratedFile, C:\Users\Alfred\STM32CubeIDE\workspace_1.19.0\alf_brain_child_molested\Core\Src\stm32g0xx_hal_msp.c_save
2026-02-12 13:41:42,760 [INFO] CodeEngine:289 - Generated code: C:\Users\Alfred\STM32CubeIDE\workspace_1.19.0\alf_brain_child_molested\Core\Src\stm32g0xx_hal_msp.c
2026-02-12 13:41:42,799 [INFO] CodeEngine:265 - oldGeneratedFile, C:\Users\Alfred\STM32CubeIDE\workspace_1.19.0\alf_brain_child_molested\MXTmpFiles\system.tmp_save
2026-02-12 13:41:42,922 [INFO] CodeEngine:289 - Generated code: C:\Users\Alfred\STM32CubeIDE\workspace_1.19.0\alf_brain_child_molested\MXTmpFiles\system.tmp
2026-02-12 13:41:42,967 [INFO] CodeEngine:321 - oldGeneratedFile, C:\Users\Alfred\STM32CubeIDE\workspace_1.19.0\alf_brain_child_molested\Core\Inc\stm32g0xx_hal_conf.h_save
2026-02-12 13:41:43,204 [INFO] CodeEngine:345 - Generated code: C:\Users\Alfred\STM32CubeIDE\workspace_1.19.0\alf_brain_child_molested\Core\Inc\stm32g0xx_hal_conf.h
2026-02-12 13:41:43,309 [INFO] ApiDbMcu:532 - Load IP Config File for USART2
2026-02-12 13:41:43,313 [INFO] ApiDbMcu:532 - Load IP Config File for RCC
2026-02-12 13:41:43,337 [INFO] CodeEngine:265 - oldGeneratedFile, C:\Users\Alfred\STM32CubeIDE\workspace_1.19.0\alf_brain_child_molested\Core\Inc\main.h_save
2026-02-12 13:41:43,629 [INFO] CodeEngine:289 - Generated code: C:\Users\Alfred\STM32CubeIDE\workspace_1.19.0\alf_brain_child_molested\Core\Inc\main.h
2026-02-12 13:41:43,659 [INFO] CodeEngine:265 - oldGeneratedFile, C:\Users\Alfred\STM32CubeIDE\workspace_1.19.0\alf_brain_child_molested\Core\Src\main.c_save
2026-02-12 13:41:43,905 [INFO] CodeEngine:289 - Generated code: C:\Users\Alfred\STM32CubeIDE\workspace_1.19.0\alf_brain_child_molested\Core\Src\main.c
2026-02-12 13:41:44,559 [INFO] ProjectBuilder:3606 - Time for Copy HAL[1] : 227mS.
2026-02-12 13:41:44,571 [INFO] ProjectBuilder:5216 - Project Generator version: 4.7.0-B52
2026-02-12 13:41:44,742 [INFO] ConfigFileManager:1595 - The Die is : DIE467
2026-02-12 13:41:44,768 [INFO] ApiDbMcu:532 - Load IP Config File for FATFS
2026-02-12 13:41:44,795 [INFO] ApiDbMcu:532 - Load IP Config File for FREERTOS
2026-02-12 13:41:44,823 [INFO] ApiDbMcu:532 - Load IP Config File for USBPD
2026-02-12 13:41:44,854 [INFO] ApiDbMcu:532 - Load IP Config File for USB_DEVICE
2026-02-12 13:41:44,878 [INFO] ApiDbMcu:532 - Load IP Config File for USB_HOST
2026-02-12 13:41:46,362 [INFO] LogOutputStream:77 - [STDOUT_REDIRECT] 
2026-02-12 13:41:56,547 [INFO] ProjectBuilder:5496 - Time for Generating toolchain IDE Files: 11971mS.
2026-02-12 13:41:56,554 [INFO] ProjectBuilder:3463 - Time for Copy CMSIS : 1mS.
2026-02-12 13:41:56,560 [INFO] ProjectBuilder:3463 - Time for Copy CMSIS : 1mS.
2026-02-12 13:41:59,696 [INFO] McuFinderGlobals:76 - Set McuFinderConnectedMode to true
2026-02-12 13:41:59,736 [INFO] ApiDb:448 - Save user favorites file C:\Users\Alfred/.stm32cubeide/favorites.mcus.txt: 0 item(s)
2026-02-12 13:41:59,737 [INFO] ApiDb:452 - User favorites MCUs=[]
2026-02-12 13:41:59,750 [INFO] ApiDb:448 - Save user favorites file C:\Users\Alfred/.stm32cubeide/favorites.boards.txt: 0 item(s)
2026-02-12 13:41:59,750 [INFO] ApiDb:452 - User favorites Boards=[]
2026-02-12 13:45:38,585 [INFO] UtilMem:75 - End SaveConfig() Used Memory: 990194032 Bytes (1073741824)
2026-02-12 13:45:40,726 [INFO] UtilMem:75 - End SaveConfig() Used Memory: 1018495464 Bytes (1073741824)
2026-02-12 13:45:52,289 [INFO] UtilMem:75 - End SaveConfig() Used Memory: 842697824 Bytes (1073741824)
2026-02-12 13:45:53,437 [INFO] BlockDiagram:2775 - set Specific Code input for plugin: TIM1_8G0
2026-02-12 13:45:53,438 [INFO] BlockDiagram:2775 - set Specific Code input for plugin: TIM1_8G0
2026-02-12 13:45:53,438 [INFO] BlockDiagram:2775 - set Specific Code input for plugin: SYS
2026-02-12 13:45:53,438 [INFO] BlockDiagram:2775 - set Specific Code input for plugin: RCC
2026-02-12 13:45:53,438 [INFO] BlockDiagram:2775 - set Specific Code input for plugin: NVIC
2026-02-12 13:45:53,440 [INFO] BlockDiagram:2775 - set Specific Code input for plugin: TIM1_8G0
2026-02-12 13:45:53,441 [INFO] BlockDiagram:2775 - set Specific Code input for plugin: GPIO
2026-02-12 13:45:53,448 [INFO] CodeGenerator:892 - code generatio: config db path: C:\ST\STM32CubeIDE_1.19.0\STM32CubeIDE\plugins\com.st.stm32cube.common.mx_6.15.0.202507011659\\db\
2026-02-12 13:45:53,901 [INFO] CodeEngine:265 - oldGeneratedFile, C:\Users\Alfred\STM32CubeIDE\workspace_1.19.0\alf_brain_child_molested\MXTmpFiles\license.tmp_save
2026-02-12 13:45:54,676 [INFO] CodeEngine:289 - Generated code: C:\Users\Alfred\STM32CubeIDE\workspace_1.19.0\alf_brain_child_molested\MXTmpFiles\license.tmp
2026-02-12 13:45:54,987 [INFO] CodeEngine:265 - oldGeneratedFile, C:\Users\Alfred\STM32CubeIDE\workspace_1.19.0\alf_brain_child_molested\MXTmpFiles\gpio.tmp_save
2026-02-12 13:45:55,435 [INFO] CodeEngine:289 - Generated code: C:\Users\Alfred\STM32CubeIDE\workspace_1.19.0\alf_brain_child_molested\MXTmpFiles\gpio.tmp
2026-02-12 13:45:56,283 [WARN] IPConfigManager:3238 - Warning: the RefConfig RCC_RNGDIV_CONFIG is not available in your config.xml file
2026-02-12 13:45:56,510 [WARN] IPConfigManager:3238 - Warning: the RefConfig RCC_RNGDIV_CONFIG is not available in your config.xml file
2026-02-12 13:45:56,988 [WARN] IPConfigManager:3238 - Warning: the RefConfig RCC_RNGDIV_CONFIG is not available in your config.xml file
2026-02-12 13:45:57,074 [INFO] CodeEngine:265 - oldGeneratedFile, C:\Users\Alfred\STM32CubeIDE\workspace_1.19.0\alf_brain_child_molested\Core\Src\stm32g0xx_it.c_save
2026-02-12 13:45:57,679 [INFO] CodeEngine:289 - Generated code: C:\Users\Alfred\STM32CubeIDE\workspace_1.19.0\alf_brain_child_molested\Core\Src\stm32g0xx_it.c
2026-02-12 13:45:57,699 [INFO] CodeEngine:265 - oldGeneratedFile, C:\Users\Alfred\STM32CubeIDE\workspace_1.19.0\alf_brain_child_molested\Core\Inc\stm32g0xx_it.h_save
2026-02-12 13:45:58,153 [INFO] CodeEngine:289 - Generated code: C:\Users\Alfred\STM32CubeIDE\workspace_1.19.0\alf_brain_child_molested\Core\Inc\stm32g0xx_it.h
2026-02-12 13:45:58,211 [INFO] CodeEngine:265 - oldGeneratedFile, C:\Users\Alfred\STM32CubeIDE\workspace_1.19.0\alf_brain_child_molested\MXTmpFiles\system.tmp_save
2026-02-12 13:45:58,575 [INFO] CodeEngine:289 - Generated code: C:\Users\Alfred\STM32CubeIDE\workspace_1.19.0\alf_brain_child_molested\MXTmpFiles\system.tmp
2026-02-12 13:45:58,605 [INFO] CodeEngine:265 - oldGeneratedFile, C:\Users\Alfred\STM32CubeIDE\workspace_1.19.0\alf_brain_child_molested\Core\Inc\stm32_assert.h_save
2026-02-12 13:45:58,835 [INFO] CodeEngine:289 - Generated code: C:\Users\Alfred\STM32CubeIDE\workspace_1.19.0\alf_brain_child_molested\Core\Inc\stm32_assert.h
2026-02-12 13:45:58,924 [WARN] IPConfigManager:3238 - Warning: the RefConfig RCC_ConfigVoltageScaling is not available in your config.xml file
2026-02-12 13:45:58,924 [WARN] IPConfigManager:3238 - Warning: the RefConfig RCC_LSEDRIVE_CONFIG is not available in your config.xml file
2026-02-12 13:45:58,949 [WARN] IPConfigManager:3238 - Warning: the RefConfig RCC_ClockConfig is not available in your config.xml file
2026-02-12 13:45:58,949 [WARN] IPConfigManager:3238 - Warning: the RefConfig RCC_MCOConfig is not available in your config.xml file
2026-02-12 13:45:58,949 [WARN] IPConfigManager:3238 - Warning: the RefConfig RCC_MCO2Config is not available in your config.xml file
2026-02-12 13:45:58,949 [WARN] IPConfigManager:3238 - Warning: the RefConfig RCC_LSCOConfig is not available in your config.xml file
2026-02-12 13:45:59,109 [INFO] ApiDbMcu:532 - Load IP Config File for TIM1
2026-02-12 13:45:59,174 [INFO] ApiDbMcu:532 - Load IP Config File for TIM3
2026-02-12 13:45:59,260 [INFO] ApiDbMcu:532 - Load IP Config File for TIM14
2026-02-12 13:45:59,270 [WARN] IPConfigManager:3811 - IP not found : TIM
2026-02-12 13:45:59,273 [WARN] CodeGenerator:4259 - IP not found : null
2026-02-12 13:45:59,298 [INFO] CodeEngine:265 - oldGeneratedFile, C:\Users\Alfred\STM32CubeIDE\workspace_1.19.0\alf_brain_child_molested\Core\Inc\main.h_save
2026-02-12 13:45:59,665 [INFO] CodeEngine:289 - Generated code: C:\Users\Alfred\STM32CubeIDE\workspace_1.19.0\alf_brain_child_molested\Core\Inc\main.h
2026-02-12 13:45:59,686 [INFO] CodeEngine:265 - oldGeneratedFile, C:\Users\Alfred\STM32CubeIDE\workspace_1.19.0\alf_brain_child_molested\Core\Src\main.c_save
2026-02-12 13:46:00,141 [INFO] CodeEngine:289 - Generated code: C:\Users\Alfred\STM32CubeIDE\workspace_1.19.0\alf_brain_child_molested\Core\Src\main.c
2026-02-12 13:46:00,914 [INFO] ProjectBuilder:3606 - Time for Copy HAL[1] : 258mS.
2026-02-12 13:46:00,930 [INFO] ProjectBuilder:5216 - Project Generator version: 4.7.0-B52
2026-02-12 13:46:01,105 [INFO] ConfigFileManager:1595 - The Die is : DIE467
2026-02-12 13:46:07,553 [INFO] ProjectBuilder:5496 - Time for Generating toolchain IDE Files: 6617mS.
2026-02-12 13:46:07,559 [INFO] ProjectBuilder:3463 - Time for Copy CMSIS : 2mS.
2026-02-12 13:46:07,565 [INFO] ProjectBuilder:3463 - Time for Copy CMSIS : 1mS.
2026-02-12 13:53:20,052 [INFO] UtilMem:75 - End SaveConfig() Used Memory: 715924688 Bytes (1073741824)
2026-02-12 13:53:22,465 [INFO] UtilMem:75 - End SaveConfig() Used Memory: 740564176 Bytes (1073741824)
2026-02-12 13:53:25,285 [INFO] UtilMem:75 - End SaveConfig() Used Memory: 803478736 Bytes (1073741824)
2026-02-12 13:53:26,118 [INFO] BlockDiagram:2775 - set Specific Code input for plugin: TIM1_8G0
2026-02-12 13:53:26,119 [INFO] BlockDiagram:2775 - set Specific Code input for plugin: TIM1_8G0
2026-02-12 13:53:26,120 [INFO] BlockDiagram:2775 - set Specific Code input for plugin: SYS
2026-02-12 13:53:26,120 [INFO] BlockDiagram:2775 - set Specific Code input for plugin: RCC
2026-02-12 13:53:26,120 [INFO] BlockDiagram:2775 - set Specific Code input for plugin: NVIC
2026-02-12 13:53:26,120 [INFO] BlockDiagram:2775 - set Specific Code input for plugin: TIM1_8G0
2026-02-12 13:53:26,122 [INFO] BlockDiagram:2775 - set Specific Code input for plugin: GPIO
2026-02-12 13:53:26,136 [INFO] CodeGenerator:892 - code generatio: config db path: C:\ST\STM32CubeIDE_1.19.0\STM32CubeIDE\plugins\com.st.stm32cube.common.mx_6.15.0.202507011659\\db\
2026-02-12 13:53:26,481 [INFO] CodeEngine:265 - oldGeneratedFile, C:\Users\Alfred\STM32CubeIDE\workspace_1.19.0\alf_brain_child_molested\MXTmpFiles\license.tmp_save
2026-02-12 13:53:27,092 [INFO] CodeEngine:289 - Generated code: C:\Users\Alfred\STM32CubeIDE\workspace_1.19.0\alf_brain_child_molested\MXTmpFiles\license.tmp
2026-02-12 13:53:27,208 [INFO] CodeEngine:265 - oldGeneratedFile, C:\Users\Alfred\STM32CubeIDE\workspace_1.19.0\alf_brain_child_molested\MXTmpFiles\gpio.tmp_save
2026-02-12 13:53:27,434 [INFO] CodeEngine:289 - Generated code: C:\Users\Alfred\STM32CubeIDE\workspace_1.19.0\alf_brain_child_molested\MXTmpFiles\gpio.tmp
2026-02-12 13:53:27,594 [WARN] IPConfigManager:3238 - Warning: the RefConfig RCC_RNGDIV_CONFIG is not available in your config.xml file
2026-02-12 13:53:27,651 [WARN] IPConfigManager:3238 - Warning: the RefConfig RCC_RNGDIV_CONFIG is not available in your config.xml file
2026-02-12 13:53:27,820 [WARN] IPConfigManager:3238 - Warning: the RefConfig RCC_RNGDIV_CONFIG is not available in your config.xml file
2026-02-12 13:53:27,845 [INFO] CodeEngine:265 - oldGeneratedFile, C:\Users\Alfred\STM32CubeIDE\workspace_1.19.0\alf_brain_child_molested\Core\Src\stm32g0xx_it.c_save
2026-02-12 13:53:28,061 [INFO] CodeEngine:289 - Generated code: C:\Users\Alfred\STM32CubeIDE\workspace_1.19.0\alf_brain_child_molested\Core\Src\stm32g0xx_it.c
2026-02-12 13:53:28,074 [INFO] CodeEngine:265 - oldGeneratedFile, C:\Users\Alfred\STM32CubeIDE\workspace_1.19.0\alf_brain_child_molested\Core\Inc\stm32g0xx_it.h_save
2026-02-12 13:53:28,158 [INFO] CodeEngine:289 - Generated code: C:\Users\Alfred\STM32CubeIDE\workspace_1.19.0\alf_brain_child_molested\Core\Inc\stm32g0xx_it.h
2026-02-12 13:53:28,184 [INFO] CodeEngine:265 - oldGeneratedFile, C:\Users\Alfred\STM32CubeIDE\workspace_1.19.0\alf_brain_child_molested\MXTmpFiles\system.tmp_save
2026-02-12 13:53:28,391 [INFO] CodeEngine:289 - Generated code: C:\Users\Alfred\STM32CubeIDE\workspace_1.19.0\alf_brain_child_molested\MXTmpFiles\system.tmp
2026-02-12 13:53:28,408 [INFO] CodeEngine:265 - oldGeneratedFile, C:\Users\Alfred\STM32CubeIDE\workspace_1.19.0\alf_brain_child_molested\Core\Inc\stm32_assert.h_save
2026-02-12 13:53:28,503 [INFO] CodeEngine:289 - Generated code: C:\Users\Alfred\STM32CubeIDE\workspace_1.19.0\alf_brain_child_molested\Core\Inc\stm32_assert.h
2026-02-12 13:53:28,518 [WARN] IPConfigManager:3238 - Warning: the RefConfig RCC_ConfigVoltageScaling is not available in your config.xml file
2026-02-12 13:53:28,518 [WARN] IPConfigManager:3238 - Warning: the RefConfig RCC_LSEDRIVE_CONFIG is not available in your config.xml file
2026-02-12 13:53:28,527 [WARN] IPConfigManager:3238 - Warning: the RefConfig RCC_ClockConfig is not available in your config.xml file
2026-02-12 13:53:28,527 [WARN] IPConfigManager:3238 - Warning: the RefConfig RCC_MCOConfig is not available in your config.xml file
2026-02-12 13:53:28,527 [WARN] IPConfigManager:3238 - Warning: the RefConfig RCC_MCO2Config is not available in your config.xml file
2026-02-12 13:53:28,527 [WARN] IPConfigManager:3238 - Warning: the RefConfig RCC_LSCOConfig is not available in your config.xml file
2026-02-12 13:53:28,550 [WARN] IPConfigManager:3811 - IP not found : TIM
2026-02-12 13:53:28,553 [WARN] CodeGenerator:4259 - IP not found : null
2026-02-12 13:53:28,574 [INFO] CodeEngine:265 - oldGeneratedFile, C:\Users\Alfred\STM32CubeIDE\workspace_1.19.0\alf_brain_child_molested\Core\Inc\main.h_save
2026-02-12 13:53:28,866 [INFO] CodeEngine:289 - Generated code: C:\Users\Alfred\STM32CubeIDE\workspace_1.19.0\alf_brain_child_molested\Core\Inc\main.h
2026-02-12 13:53:28,880 [INFO] CodeEngine:265 - oldGeneratedFile, C:\Users\Alfred\STM32CubeIDE\workspace_1.19.0\alf_brain_child_molested\Core\Src\main.c_save
2026-02-12 13:53:29,124 [INFO] CodeEngine:289 - Generated code: C:\Users\Alfred\STM32CubeIDE\workspace_1.19.0\alf_brain_child_molested\Core\Src\main.c
2026-02-12 13:53:29,666 [INFO] ProjectBuilder:3606 - Time for Copy HAL[1] : 217mS.
2026-02-12 13:53:29,675 [INFO] ProjectBuilder:5216 - Project Generator version: 4.7.0-B52
2026-02-12 13:53:29,783 [INFO] ConfigFileManager:1595 - The Die is : DIE467
2026-02-12 13:53:33,008 [INFO] ProjectBuilder:5496 - Time for Generating toolchain IDE Files: 3327mS.
2026-02-12 13:53:33,020 [INFO] ProjectBuilder:3463 - Time for Copy CMSIS : 4mS.
2026-02-12 13:53:33,030 [INFO] ProjectBuilder:3463 - Time for Copy CMSIS : 0mS.
2026-02-12 13:54:18,285 [INFO] MainUpdater:2872 - connection check result : 10
2026-02-12 13:54:18,894 [INFO] McuFinderGlobals:76 - Set McuFinderConnectedMode to true
2026-02-12 13:54:18,927 [INFO] MultiScanPanel:200 - Auto-refresh data requested => check proxy status ongoing
2026-02-12 13:54:18,934 [INFO] FinderPluginLoader:96 - Searching for filters in installed packs
2026-02-12 13:54:23,008 [INFO] LoadUrlFilesThread:185 - End of LoadServerUrlFiles without Thread
2026-02-12 13:54:23,020 [INFO] DetailPanel:341 - Set advertising image to C:/Users/Alfred/STM32Cube/Repository/\en.prom-stm32c0-entry-level-graphic-0226.png
2026-02-12 13:54:32,661 [INFO] MultiScanPanel:200 - Auto-refresh data requested => check proxy status ongoing
2026-02-12 13:54:33,064 [INFO] LoadUrlFilesThread:185 - End of LoadServerUrlFiles without Thread
2026-02-12 13:54:33,067 [INFO] DetailPanel:341 - Set advertising image to C:/Users/Alfred/STM32Cube/Repository/\en.prom-stm32c0-entry-level-graphic-0226.png
2026-02-12 13:54:38,618 [INFO] ApiDb:581 - Connected to CubeFinder SQLite database (C:\Users\Alfred\.stmcufinder\plugins\mcufinder\mcu\cube-finder-db.db)
2026-02-12 13:55:49,777 [INFO] MainUpdater:2872 - connection check result : 10
2026-02-12 13:55:49,780 [INFO] MainUpdater:2872 - connection check result : 10
2026-02-12 13:55:50,035 [INFO] MicroXplorer:468 - Change Database Path : 
2026-02-12 13:55:50,036 [INFO] MicroXplorer:498 - Change Database Version : DB.6.0.150
2026-02-12 13:55:50,202 [ERROR] ProjectManagerView:395 - 
java.lang.NullPointerException: Cannot invoke "javax.swing.JTextField.getText()" because the return value of "java.util.List.get(int)" is null
	at com.st.microxplorer.plugins.projectmanager.gui.ProjectChoiceTab$9.caretUpdate(ProjectChoiceTab.java:2706) ~[filemanager.jar:?]
	at javax.swing.text.JTextComponent.fireCaretUpdate(JTextComponent.java:408) ~[?:?]
	at javax.swing.text.JTextComponent$MutableCaretEvent.fire(JTextComponent.java:4484) ~[?:?]
	at javax.swing.text.JTextComponent$MutableCaretEvent.stateChanged(JTextComponent.java:4506) ~[?:?]
	at javax.swing.text.DefaultCaret.fireStateChanged(DefaultCaret.java:857) ~[?:?]
	at javax.swing.text.DefaultCaret.changeCaretPosition(DefaultCaret.java:1343) ~[?:?]
	at javax.swing.text.DefaultCaret.handleSetDot(DefaultCaret.java:1242) ~[?:?]
	at javax.swing.text.DefaultCaret.setDot(DefaultCaret.java:1223) ~[?:?]
	at javax.swing.text.DefaultCaret$Handler.insertUpdate(DefaultCaret.java:1819) ~[?:?]
	at javax.swing.text.AbstractDocument.fireInsertUpdate(AbstractDocument.java:227) ~[?:?]
	at javax.swing.text.AbstractDocument.handleInsertString(AbstractDocument.java:781) ~[?:?]
	at javax.swing.text.AbstractDocument.insertString(AbstractDocument.java:740) ~[?:?]
	at javax.swing.text.PlainDocument.insertString(PlainDocument.java:131) ~[?:?]
	at javax.swing.text.AbstractDocument.replace(AbstractDocument.java:699) ~[?:?]
	at javax.swing.text.JTextComponent.setText(JTextComponent.java:1725) ~[?:?]
	at com.st.microxplorer.plugins.projectmanager.gui.ProjectChoiceTab.createHeapStackFields(ProjectChoiceTab.java:993) ~[filemanager.jar:?]
	at com.st.microxplorer.plugins.projectmanager.gui.ProjectChoiceTab.buildLinkSettingsPanel(ProjectChoiceTab.java:3813) ~[filemanager.jar:?]
	at com.st.microxplorer.plugins.projectmanager.gui.ProjectChoiceTab.defineWindowsFields(ProjectChoiceTab.java:1987) ~[filemanager.jar:?]
	at com.st.microxplorer.plugins.projectmanager.gui.ProjectChoiceTab.updateSettings(ProjectChoiceTab.java:558) ~[filemanager.jar:?]
	at com.st.microxplorer.plugins.projectmanager.gui.ProjectSettingsPanel.UpdateDialog(ProjectSettingsPanel.java:247) ~[filemanager.jar:?]
	at com.st.microxplorer.plugins.projectmanager.ProjectManagerView.propertyChange(ProjectManagerView.java:392) ~[filemanager.jar:?]
	at java.beans.PropertyChangeSupport.fire(PropertyChangeSupport.java:343) ~[?:?]
	at java.beans.PropertyChangeSupport.firePropertyChange(PropertyChangeSupport.java:335) ~[?:?]
	at java.beans.PropertyChangeSupport.firePropertyChange(PropertyChangeSupport.java:268) ~[?:?]
	at com.st.microxplorer.util.MXPropertyChangeSupport.firePropertyChange(MXPropertyChangeSupport.java:54) ~[STM32CubeMX.jar:?]
	at com.st.microxplorer.mxsystem.MxSystem.closeConfig(MxSystem.java:899) ~[STM32CubeMX.jar:?]
	at com.st.microxplorer.maingui.MainPanel.closeConfig(MainPanel.java:792) ~[STM32CubeMX.jar:?]
	at com.st.microxplorer.plugins.filemanager.engine.OpenFileManager.loadConfigurationFile(OpenFileManager.java:288) ~[filemanager.jar:?]
	at com.st.microxplorer.plugins.filemanager.engine.MainFileManager.userLoadConfig(MainFileManager.java:364) ~[filemanager.jar:?]
	at com.st.microxplorer.plugins.filemanager.engine.MainFileManager.userLoadConfig(MainFileManager.java:342) ~[filemanager.jar:?]
	at com.st.microxplorer.plugins.filemanager.FileManagerView.getSpecificTask(FileManagerView.java:264) ~[filemanager.jar:?]
	at com.st.stm32cube.common.mx.editor.CubeMxEditor.getMxTabbedPaneInstance(CubeMxEditor.java:1198) ~[com.st.stm32cube.common.mx_6.15.0.202507011659/:?]
	at com.st.stm32cube.common.mx.editor.CubeMxEditor$12$1.createSwingComponent(CubeMxEditor.java:1068) ~[com.st.stm32cube.common.mx_6.15.0.202507011659/:?]
	at com.st.stm32cube.common.mx.oss.core.awtswtbridge.EmbeddedSwingComposite.doComponentCreation(EmbeddedSwingComposite.java:492) ~[com.st.stm32cube.common.mx.oss_6.15.0.202507011659/:?]
	at com.st.stm32cube.common.mx.oss.core.awtswtbridge.EmbeddedSwingComposite$4.run(EmbeddedSwingComposite.java:291) ~[com.st.stm32cube.common.mx.oss_6.15.0.202507011659/:?]
	at com.st.stm32cube.common.mx.oss.core.awtswtbridge.AwtEnvironment$2.run(AwtEnvironment.java:166) ~[com.st.stm32cube.common.mx.oss_6.15.0.202507011659/:?]
	at java.awt.event.InvocationEvent.dispatch(InvocationEvent.java:318) ~[?:?]
	at java.awt.EventQueue.dispatchEventImpl(EventQueue.java:773) ~[?:?]
	at java.awt.EventQueue$4.run(EventQueue.java:720) ~[?:?]
	at java.awt.EventQueue$4.run(EventQueue.java:714) ~[?:?]
	at java.security.AccessController.doPrivileged(AccessController.java:400) ~[?:?]
	at java.security.ProtectionDomain$JavaSecurityAccessImpl.doIntersectionPrivilege(ProtectionDomain.java:87) ~[?:?]
	at java.awt.EventQueue.dispatchEvent(EventQueue.java:742) ~[?:?]
	at java.awt.EventDispatchThread.pumpOneEventForFilters(EventDispatchThread.java:203) ~[?:?]
	at java.awt.EventDispatchThread.pumpEventsForFilter(EventDispatchThread.java:124) ~[?:?]
	at java.awt.EventDispatchThread.pumpEventsForHierarchy(EventDispatchThread.java:113) ~[?:?]
	at java.awt.EventDispatchThread.pumpEvents(EventDispatchThread.java:109) ~[?:?]
	at java.awt.EventDispatchThread.pumpEvents(EventDispatchThread.java:101) ~[?:?]
	at java.awt.EventDispatchThread.run(EventDispatchThread.java:90) ~[?:?]
2026-02-12 13:55:50,403 [WARN] ThirdParty:871 - waiting for thirdparty lock release [close project]
2026-02-12 13:55:50,403 [INFO] ThirdParty:873 - entering critical section [close project]
2026-02-12 13:55:50,407 [INFO] ThirdParty:883 - exiting critical section [close project]
2026-02-12 13:55:50,497 [INFO] PinOutPanel:1589 - setPackage(No Configuration,No Configuration)
2026-02-12 13:55:50,598 [INFO] UtilMem:75 - Begin LoadConfig() Used Memory: 801757768 Bytes (1073741824)
2026-02-12 13:55:50,605 [INFO] MicroXplorer:468 - Change Database Path : 
2026-02-12 13:55:50,605 [INFO] MicroXplorer:498 - Change Database Version : DB.6.0.150
2026-02-12 13:55:50,606 [INFO] OpenFileManager:355 - Change cursor
2026-02-12 13:55:50,872 [INFO] RulesReader:64 - Compatibility file has been processed (317 Rules)
2026-02-12 13:55:50,982 [INFO] Mcu:2029 - Initializing MCU STM32F030F4Px STM32F030F4Px STM32F030F4P6
2026-02-12 13:55:53,052 [INFO] Context:786 - Trying to add GPIOservice into a context  which must be forbidden
2026-02-12 13:55:53,803 [INFO] ImportTextPane:234 - (OptionalMessage_ERROR) Unable to find key (Mcu.ThirdPartyNb) in loaded IOC file
2026-02-12 13:55:53,804 [INFO] ImportTextPane:234 - (OptionalMessage_ERROR) Unable to find key (Mcu.PinsNb) in loaded IOC file
2026-02-12 13:55:53,809 [INFO] ImportTextPane:234 - (OptionalMessage_ERROR) Pin0 (VP_RIF_VS_RIF1) cannot be retrieved for this MCU
2026-02-12 13:55:53,809 [INFO] ImportTextPane:234 - (OptionalMessage_ERROR) Unable to find key (Mcu.IPNb) in loaded IOC file
2026-02-12 13:55:54,177 [INFO] RtosManager:558 - Registered RTOS mode: class=CMSIS, group=RTOS, mode=CMSIS_V1, owner=FREERTOS
2026-02-12 13:55:54,177 [INFO] RtosManager:558 - Registered RTOS mode: class=CMSIS, group=RTOS2, mode=CMSIS_V2, owner=FREERTOS
2026-02-12 13:55:54,177 [INFO] RtosManager:558 - Registered RTOS mode: class=RTOS, group=Core, mode=CMSIS_V1, owner=FREERTOS
2026-02-12 13:55:54,177 [INFO] RtosManager:558 - Registered RTOS mode: class=RTOS, group=Core, mode=CMSIS_V2, owner=FREERTOS
2026-02-12 13:55:54,178 [WARN] ModelIntegratedComponent:184 - Missing modes for component STMicroelectronics:FreeRTOS:0.0.1:STMicroelectronics:RTOS:FreeRTOS:Core:::10.2.0:
2026-02-12 13:55:54,210 [WARN] ModelIntegratedComponent:63 - No mode defined for component null
2026-02-12 13:55:54,210 [WARN] ModelIntegratedComponent:63 - No mode defined for component null
2026-02-12 13:55:54,210 [WARN] ModelIntegratedComponent:63 - No mode defined for component null
2026-02-12 13:55:54,210 [WARN] ModelIntegratedComponent:63 - No mode defined for component null
2026-02-12 13:55:54,211 [WARN] ModelIntegratedComponent:63 - No mode defined for component null
2026-02-12 13:55:54,211 [WARN] ModelIntegratedComponent:63 - No mode defined for component null
2026-02-12 13:55:54,211 [WARN] ModelIntegratedComponent:63 - No mode defined for component null
2026-02-12 13:55:54,211 [WARN] ModelIntegratedComponent:63 - No mode defined for component null
2026-02-12 13:55:54,211 [WARN] ModelIntegratedComponent:63 - No mode defined for component null
2026-02-12 13:55:54,211 [WARN] ModelIntegratedComponent:63 - No mode defined for component null
2026-02-12 13:55:54,211 [WARN] ModelIntegratedComponent:63 - No mode defined for component null
2026-02-12 13:55:54,211 [WARN] ModelIntegratedComponent:63 - No mode defined for component null
2026-02-12 13:55:54,211 [WARN] ModelIntegratedComponent:63 - No mode defined for component null
2026-02-12 13:55:54,211 [WARN] ModelIntegratedComponent:63 - No mode defined for component null
2026-02-12 13:55:54,211 [WARN] ModelIntegratedComponent:63 - No mode defined for component null
2026-02-12 13:55:54,211 [WARN] ModelIntegratedComponent:63 - No mode defined for component null
2026-02-12 13:55:54,211 [WARN] ModelIntegratedComponent:63 - No mode defined for component null
2026-02-12 13:55:54,211 [WARN] ModelIntegratedComponent:63 - No mode defined for component null
2026-02-12 13:55:54,212 [WARN] ModelIntegratedComponent:63 - No mode defined for component null
2026-02-12 13:55:54,212 [WARN] ModelIntegratedComponent:63 - No mode defined for component null
2026-02-12 13:55:54,212 [WARN] ModelIntegratedComponent:63 - No mode defined for component null
2026-02-12 13:55:54,212 [WARN] ModelIntegratedComponent:63 - No mode defined for component null
2026-02-12 13:55:54,212 [WARN] ModelIntegratedComponent:63 - No mode defined for component null
2026-02-12 13:55:54,212 [WARN] ModelIntegratedComponent:63 - No mode defined for component null
2026-02-12 13:55:54,212 [WARN] ModelIntegratedComponent:63 - No mode defined for component null
2026-02-12 13:55:54,212 [WARN] ModelIntegratedComponent:63 - No mode defined for component null
2026-02-12 13:55:54,212 [WARN] ModelIntegratedComponent:63 - No mode defined for component null
2026-02-12 13:55:54,212 [WARN] ModelIntegratedComponent:63 - No mode defined for component null
2026-02-12 13:55:54,212 [WARN] ModelIntegratedComponent:63 - No mode defined for component null
2026-02-12 13:55:54,212 [WARN] ModelIntegratedComponent:63 - No mode defined for component null
2026-02-12 13:55:54,212 [WARN] ModelIntegratedComponent:63 - No mode defined for component null
2026-02-12 13:55:54,212 [WARN] ModelIntegratedComponent:63 - No mode defined for component null
2026-02-12 13:55:54,212 [WARN] ModelIntegratedComponent:63 - No mode defined for component null
2026-02-12 13:55:54,213 [WARN] ModelIntegratedComponent:63 - No mode defined for component null
2026-02-12 13:55:54,213 [WARN] ModelIntegratedComponent:63 - No mode defined for component null
2026-02-12 13:55:54,214 [WARN] ModelPack:524 - Component already loaded: STMicroelectronics:HAL Drivers:0.0.0:STMicroelectronics:Device:STMicro_Driver:XSPI:HAL::0.0.1:HAL_XSPI
2026-02-12 13:55:54,710 [INFO] ThirdPartyModel:298 - Start build external matchings
2026-02-12 13:55:57,509 [INFO] ThirdPartyModel:316 - End build external matchings
2026-02-12 13:55:58,514 [INFO] UtilMem:75 - End LoadConfig() Used Memory: 956350704 Bytes (1073741824)
2026-02-12 13:55:58,665 [WARN] ThirdParty:833 - waiting for thirdparty lock release [change project]
2026-02-12 13:55:58,669 [INFO] ThirdParty:835 - entering critical section [change project]
2026-02-12 13:55:58,672 [INFO] ThirdParty:1030 - CMSIS Pack Vendor :STMicroelectronics X-CUBE-PM33A1 1.0.0
2026-02-12 13:55:58,673 [INFO] ThirdParty:1030 - CMSIS Pack Vendor :STMicroelectronics USBPD 4.1
2026-02-12 13:55:58,673 [INFO] ThirdParty:1030 - CMSIS Pack Vendor :STMicroelectronics X-CUBE-NFC9 1.0.0
2026-02-12 13:55:58,674 [INFO] ThirdParty:1030 - CMSIS Pack Vendor :STMicroelectronics USB_HOST 2.0.0
2026-02-12 13:55:58,674 [INFO] ThirdParty:1030 - CMSIS Pack Vendor :STMicroelectronics FP-SNS-MOTENVWB1 1.4.0
2026-02-12 13:55:58,674 [INFO] ThirdParty:1030 - CMSIS Pack Vendor :STMicroelectronics X-CUBE-AZRTOS-F4 1.1.0
2026-02-12 13:55:58,674 [INFO] ThirdParty:1030 - CMSIS Pack Vendor :STMicroelectronics LIBJPEG 8.0.0
2026-02-12 13:55:58,674 [INFO] ThirdParty:1030 - CMSIS Pack Vendor :STMicroelectronics FP-ATR-ASTRA1 2.0.2
2026-02-12 13:55:58,674 [INFO] ThirdParty:1030 - CMSIS Pack Vendor :wolfSSL I-CUBE-wolfSSL 5.8.2
2026-02-12 13:55:58,674 [INFO] ThirdParty:1030 - CMSIS Pack Vendor :STMicroelectronics X-CUBE-BLE1 7.1.0
2026-02-12 13:55:58,674 [INFO] ThirdParty:1030 - CMSIS Pack Vendor :STMicroelectronics X-CUBE-SMBUS 2.1.0
2026-02-12 13:55:58,674 [INFO] ThirdParty:1030 - CMSIS Pack Vendor :wolfSSL I-CUBE-wolfMQTT 1.19.2
2026-02-12 13:55:58,674 [INFO] ThirdParty:1030 - CMSIS Pack Vendor :STMicroelectronics USB_DEVICE 3.0.0
2026-02-12 13:55:58,674 [INFO] ThirdParty:1030 - CMSIS Pack Vendor :STMicroelectronics X-CUBE-ISPU 2.1.0
2026-02-12 13:55:58,674 [INFO] ThirdParty:1030 - CMSIS Pack Vendor :STMicroelectronics X-CUBE-FREERTOS 1.4.0
2026-02-12 13:55:58,675 [INFO] ThirdParty:1030 - CMSIS Pack Vendor :STMicroelectronics X-CUBE-EEPRMA1 5.2.0
2026-02-12 13:55:58,675 [INFO] ThirdParty:1030 - CMSIS Pack Vendor :STMicroelectronics X-CUBE-IPS 3.2.0
2026-02-12 13:55:58,675 [INFO] ThirdParty:1030 - CMSIS Pack Vendor :STMicroelectronics X-CUBE-BLEMGR 4.1.0
2026-02-12 13:55:58,675 [INFO] ThirdParty:1030 - CMSIS Pack Vendor :STMicroelectronics X-CUBE-AZRTOS-WB 2.0.0
2026-02-12 13:55:58,675 [INFO] ThirdParty:1030 - CMSIS Pack Vendor :STMicroelectronics X-CUBE-GNSS1 7.0.1
2026-02-12 13:55:58,675 [INFO] ThirdParty:1030 - CMSIS Pack Vendor :STMicroelectronics X-CUBE-NFC12 1.0.0
2026-02-12 13:55:58,676 [INFO] ThirdParty:1030 - CMSIS Pack Vendor :STMicroelectronics X-CUBE-AZRTOS-F7 1.1.0
2026-02-12 13:55:58,676 [INFO] ThirdParty:1030 - CMSIS Pack Vendor :STMicroelectronics X-CUBE-AZRTOS-L5 2.0.0
2026-02-12 13:55:58,676 [INFO] ThirdParty:1030 - CMSIS Pack Vendor :STMicroelectronics USB_DEVICE 2.0.0
2026-02-12 13:55:58,676 [INFO] ThirdParty:1030 - CMSIS Pack Vendor :STMicroelectronics X-CUBE-NFC6 3.1.0
2026-02-12 13:55:58,676 [INFO] ThirdParty:1030 - CMSIS Pack Vendor :STMicroelectronics X-CUBE-ST67W61 1.1.0
2026-02-12 13:55:58,676 [INFO] ThirdParty:1030 - CMSIS Pack Vendor :Cesanta I-CUBE-Mongoose 7.19.0
2026-02-12 13:55:58,676 [INFO] ThirdParty:1030 - CMSIS Pack Vendor :quantropi X-CUBE-qispace-sdk-base 2.1.0
2026-02-12 13:55:58,676 [INFO] ThirdParty:1030 - CMSIS Pack Vendor :STMicroelectronics X-CUBE-MEMS1 12.0.0
2026-02-12 13:55:58,677 [INFO] ThirdParty:1030 - CMSIS Pack Vendor :STMicroelectronics X-CUBE-STSE01 2.0.0
2026-02-12 13:55:58,677 [INFO] ThirdParty:1030 - CMSIS Pack Vendor :STMicroelectronics FP-SNS-MOTENV1 5.1.0
2026-02-12 13:55:58,677 [INFO] ThirdParty:1030 - CMSIS Pack Vendor :STMicroelectronics FreeRTOS 0.0.1
2026-02-12 13:55:58,677 [INFO] ThirdParty:1030 - CMSIS Pack Vendor :STMicroelectronics X-CUBE-AZRTOS-G0 1.1.0
2026-02-12 13:55:58,677 [INFO] ThirdParty:1030 - CMSIS Pack Vendor :STMicroelectronics X-CUBE-SAFEA1 1.2.2
2026-02-12 13:55:58,677 [INFO] ThirdParty:1030 - CMSIS Pack Vendor :STMicroelectronics X-CUBE-NFC4 3.0.0
2026-02-12 13:55:58,677 [INFO] ThirdParty:1030 - CMSIS Pack Vendor :STMicroelectronics X-CUBE-SUBG2 5.0.0
2026-02-12 13:55:58,677 [INFO] ThirdParty:1030 - CMSIS Pack Vendor :STMicroelectronics X-CUBE-AZRTOS-H7RS 1.1.0
2026-02-12 13:55:58,677 [INFO] ThirdParty:1030 - CMSIS Pack Vendor :STMicroelectronics STM32_WPAN 1.0.0
2026-02-12 13:55:58,677 [INFO] ThirdParty:1030 - CMSIS Pack Vendor :EmbeddedOffice I-CUBE-FS-RTOS 1.0.1
2026-02-12 13:55:58,677 [INFO] ThirdParty:1030 - CMSIS Pack Vendor :STMicroelectronics lwIP 2.0.3
2026-02-12 13:55:58,678 [INFO] ThirdParty:1030 - CMSIS Pack Vendor :WES I-CUBE-Cesium 1.4.0
2026-02-12 13:55:58,678 [INFO] ThirdParty:1030 - CMSIS Pack Vendor :STMicroelectronics USB_HOST 1.0.0
2026-02-12 13:55:58,678 [INFO] ThirdParty:1030 - CMSIS Pack Vendor :Infineon AIROC-Wi-Fi-Bluetooth-STM32 1.7.1
2026-02-12 13:55:58,678 [INFO] ThirdParty:1030 - CMSIS Pack Vendor :STMicroelectronics X-CUBE-AZRTOS-G4 2.0.0
2026-02-12 13:55:58,678 [INFO] ThirdParty:1030 - CMSIS Pack Vendor :STMicroelectronics X-CUBE-WB05N 2.0.0
2026-02-12 13:55:58,678 [INFO] ThirdParty:1030 - CMSIS Pack Vendor :STMicroelectronics PDM2PCM 3.1.0
2026-02-12 13:55:58,678 [INFO] ThirdParty:1030 - CMSIS Pack Vendor :STMicroelectronics PDM2PCM 3.3.0
2026-02-12 13:55:58,678 [INFO] ThirdParty:1030 - CMSIS Pack Vendor :wolfSSL I-CUBE-wolfTPM 3.8.0
2026-02-12 13:55:58,678 [INFO] ThirdParty:1030 - CMSIS Pack Vendor :STMicroelectronics X-CUBE-AZRTOS-H7 3.4.0
2026-02-12 13:55:58,678 [INFO] ThirdParty:1030 - CMSIS Pack Vendor :STMicroelectronics X-CUBE-DISPLAY 3.0.0
2026-02-12 13:55:58,678 [INFO] ThirdParty:1030 - CMSIS Pack Vendor :wolfSSL I-CUBE-wolfSSH 1.4.20
2026-02-12 13:55:58,679 [INFO] ThirdParty:1030 - CMSIS Pack Vendor :STMicroelectronics X-CUBE-NFC7 2.0.0
2026-02-12 13:55:58,679 [INFO] ThirdParty:1030 - CMSIS Pack Vendor :STMicroelectronics X-CUBE-TCPP 4.2.0
2026-02-12 13:55:58,679 [INFO] ThirdParty:1030 - CMSIS Pack Vendor :RealThread X-CUBE-RT-Thread_Nano 4.1.1
2026-02-12 13:55:58,679 [INFO] ThirdParty:1030 - CMSIS Pack Vendor :STMicroelectronics FP-ATR-SIGFOX1 3.2.0
2026-02-12 13:55:58,679 [INFO] ThirdParty:1030 - CMSIS Pack Vendor :STMicroelectronics X-CUBE-NFC10 1.0.0
2026-02-12 13:55:58,679 [INFO] ThirdParty:1030 - CMSIS Pack Vendor :STMicroelectronics X-CUBE-FREERTOS 1.3.1
2026-02-12 13:55:58,679 [INFO] ThirdParty:1030 - CMSIS Pack Vendor :STMicroelectronics HAL Drivers 0.0.0
2026-02-12 13:55:58,679 [INFO] ThirdParty:1030 - CMSIS Pack Vendor :STMicroelectronics MBEDTLS 2.16.2
2026-02-12 13:55:58,679 [INFO] ThirdParty:1030 - CMSIS Pack Vendor :STMicroelectronics X-CUBE-ST60 1.1.0
2026-02-12 13:55:58,679 [INFO] ThirdParty:1030 - CMSIS Pack Vendor :STMicroelectronics X-CUBE-ALS 1.0.2
2026-02-12 13:55:58,679 [INFO] ThirdParty:1030 - CMSIS Pack Vendor :emotas I-CUBE-CANOPEN 1.3.0
2026-02-12 13:55:58,679 [INFO] ThirdParty:1030 - CMSIS Pack Vendor :STMicroelectronics MBEDTLS 2.14.1
2026-02-12 13:55:58,679 [INFO] ThirdParty:1030 - CMSIS Pack Vendor :STMicroelectronics X-CUBE-GNSS1 7.1.0
2026-02-12 13:55:58,679 [INFO] ThirdParty:1030 - CMSIS Pack Vendor :ITTIA_DB I-CUBE-ITTIADB 8.9.0
2026-02-12 13:55:58,679 [INFO] ThirdParty:1030 - CMSIS Pack Vendor :STMicroelectronics X-CUBE-TOUCHGFX 4.26.0
2026-02-12 13:55:58,679 [INFO] ThirdParty:1030 - CMSIS Pack Vendor :STMicroelectronics X-CUBE-STSE01 1.0.0
2026-02-12 13:55:58,680 [INFO] ThirdParty:1030 - CMSIS Pack Vendor :STMicroelectronics X-CUBE-NFC6 3.2.0
2026-02-12 13:55:58,680 [INFO] ThirdParty:1030 - CMSIS Pack Vendor :STMicroelectronics FP-SNS-STBOX1 2.1.0
2026-02-12 13:55:58,680 [INFO] ThirdParty:1030 - CMSIS Pack Vendor :STMicroelectronics X-CUBE-AI 10.2.0
2026-02-12 13:55:58,680 [INFO] ThirdParty:1030 - CMSIS Pack Vendor :STMicroelectronics FP-SNS-STAIOTCFT 1.0.0
2026-02-12 13:55:58,680 [INFO] ThirdParty:1030 - CMSIS Pack Vendor :STMicroelectronics ThreadX 1.0.0
2026-02-12 13:55:58,680 [INFO] ThirdParty:1030 - CMSIS Pack Vendor :STMicroelectronics FP-SNS-SMARTAG2 1.2.0
2026-02-12 13:55:58,680 [INFO] ThirdParty:1030 - CMSIS Pack Vendor :STMicroelectronics FP-SNS-FLIGHT1 5.1.0
2026-02-12 13:55:58,680 [INFO] ThirdParty:1030 - CMSIS Pack Vendor :STMicroelectronics X-CUBE-AZRTOS-WL 2.0.0
2026-02-12 13:55:58,680 [INFO] ThirdParty:1030 - CMSIS Pack Vendor :SEGGER I-CUBE-embOS 1.3.1
2026-02-12 13:55:58,680 [INFO] ThirdParty:1030 - CMSIS Pack Vendor :STMicroelectronics X-CUBE-ALGOBUILD 1.4.0
2026-02-12 13:55:58,681 [INFO] ThirdParty:1030 - CMSIS Pack Vendor :STMicroelectronics X-CUBE-DPower 1.3.0
2026-02-12 13:55:58,681 [INFO] ThirdParty:1030 - CMSIS Pack Vendor :STMicroelectronics X-CUBE-MEMS1 11.3.0
2026-02-12 13:55:58,681 [INFO] ThirdParty:1030 - CMSIS Pack Vendor :STMicroelectronics FP-SNS-MOTENV1 5.0.0
2026-02-12 13:55:58,681 [INFO] ThirdParty:1030 - CMSIS Pack Vendor :STMicroelectronics USB_DEVICE 1.0.0
2026-02-12 13:55:58,681 [INFO] ThirdParty:1030 - CMSIS Pack Vendor :STMicroelectronics X-CUBE-AZRTOS-H7RS 1.2.0
2026-02-12 13:55:58,681 [INFO] ThirdParty:1030 - CMSIS Pack Vendor :STMicroelectronics X-CUBE-AZRTOS-L4 2.0.0
2026-02-12 13:55:58,681 [INFO] ThirdParty:1030 - CMSIS Pack Vendor :STMicroelectronics ThreadX 0.0.2
2026-02-12 13:55:58,681 [INFO] ThirdParty:1030 - CMSIS Pack Vendor :STMicroelectronics lwIP 2.1.2
2026-02-12 13:55:58,681 [INFO] ThirdParty:1030 - CMSIS Pack Vendor :STMicroelectronics X-CUBE-SFXS2LP1 4.0.0
2026-02-12 13:55:58,681 [INFO] ThirdParty:1030 - CMSIS Pack Vendor :STMicroelectronics X-CUBE-BLE2 3.3.0
2026-02-12 13:55:58,682 [INFO] ThirdParty:1030 - CMSIS Pack Vendor :Avnet-IOTCONNECT X-CUBE-iotc-st67-sdk 1.0.0
2026-02-12 13:55:58,682 [INFO] ThirdParty:1030 - CMSIS Pack Vendor :STMicroelectronics X-CUBE-TOF1 3.4.3
2026-02-12 13:55:58,682 [INFO] ThirdParty:1030 - CMSIS Pack Vendor :STMicroelectronics PDM2PCM 3.2.0
2026-02-12 13:55:58,682 [INFO] ThirdParty:1030 - CMSIS Pack Vendor :STMicroelectronics X-CUBE-ST67W61 1.2.0
2026-02-12 13:55:58,686 [INFO] ThirdParty:841 - exiting critical section [change project]
2026-02-12 13:55:59,606 [INFO] PinOutPanel:1589 - setPackage(No Configuration,No Configuration)
2026-02-12 13:55:59,623 [INFO] PinOutPanel:1589 - setPackage(STM32F030F4Px,TSSOP20)
2026-02-12 13:56:05,161 [INFO] UtilMem:75 - Before build in PCC Used Memory: 814895568 Bytes (1073741824)
2026-02-12 13:56:06,153 [INFO] UtilMem:75 - After build in PCC Used Memory: 856623312 Bytes (1073741824)
2026-02-12 13:56:06,210 [INFO] IPUIPlugin:80 - create IPUIPlugin
2026-02-12 13:56:06,213 [INFO] IPUIPlugin:80 - create IPUIPlugin
2026-02-12 13:56:06,215 [INFO] IPUIPlugin:80 - create IPUIPlugin
2026-02-12 13:56:06,217 [INFO] IPUIPlugin:80 - create IPUIPlugin
2026-02-12 13:56:06,219 [INFO] IPUIPlugin:80 - create IPUIPlugin
2026-02-12 13:56:06,220 [INFO] IPUIPlugin:80 - create IPUIPlugin
2026-02-12 13:56:06,221 [INFO] IPUIPlugin:80 - create IPUIPlugin
2026-02-12 13:56:06,222 [INFO] IPUIPlugin:80 - create IPUIPlugin
2026-02-12 13:56:06,223 [INFO] IPUIPlugin:80 - create IPUIPlugin
2026-02-12 13:56:06,223 [INFO] IPUIPlugin:80 - create IPUIPlugin
2026-02-12 13:56:06,224 [INFO] IPUIPlugin:80 - create IPUIPlugin
2026-02-12 13:56:06,224 [INFO] IPUIPlugin:80 - create IPUIPlugin
2026-02-12 13:56:06,225 [INFO] IPUIPlugin:80 - create IPUIPlugin
2026-02-12 13:56:06,226 [INFO] IPUIPlugin:80 - create IPUIPlugin
2026-02-12 13:56:06,228 [INFO] IPUIPlugin:80 - create IPUIPlugin
2026-02-12 13:56:06,228 [INFO] IPUIPlugin:80 - create IPUIPlugin
2026-02-12 13:56:06,229 [INFO] IPUIPlugin:80 - create IPUIPlugin
2026-02-12 13:56:06,230 [INFO] IPUIPlugin:80 - create IPUIPlugin
2026-02-12 13:56:06,232 [INFO] IPUIPlugin:80 - create IPUIPlugin
2026-02-12 13:56:06,234 [INFO] IPUIPlugin:80 - create IPUIPlugin
2026-02-12 13:56:06,235 [INFO] IPUIPlugin:80 - create IPUIPlugin
2026-02-12 13:56:06,331 [INFO] CADModel:165 - CPN selected for project levelSTM32F030F4P6
2026-02-12 13:56:06,332 [INFO] CADModel:114 - Register for checkConnection events
2026-02-12 13:56:06,382 [INFO] OpenFileManager:386 - Restore cursor
2026-02-12 13:56:07,612 [INFO] UtilMem:75 - End SaveConfig() Used Memory: 902919480 Bytes (1073741824)
2026-02-12 13:56:08,769 [INFO] ServerAccessManage:452 - Complete download http(s) 200
2026-02-12 13:56:08,772 [INFO] ServerAccessManage:509 - Download File stm32cube_fw_f0_v1110.zip
2026-02-12 13:56:55,477 [WARN] FileExtend:469 - File entry not found
2026-02-12 13:56:55,481 [INFO] FileExtend:248 - Unzip File : stm32cube_fw_f0_v1110.zip
2026-02-12 13:56:55,482 [INFO] FileExtend:263 - Standard Zip Deflate
2026-02-12 13:57:57,419 [INFO] ServerAccessManage:452 - Complete download http(s) 200
2026-02-12 13:57:57,429 [INFO] ServerAccessManage:509 - Download File stm32cube_fw_f0_v1116.zip
2026-02-12 13:58:34,890 [INFO] FileExtend:248 - Unzip File : stm32cube_fw_f0_v1116.zip
2026-02-12 13:58:34,902 [INFO] FileExtend:263 - Standard Zip Deflate
2026-02-12 13:59:32,371 [INFO] LoadServerPackagesThread:196 - End of LoadServerPackages Thread
2026-02-12 13:59:33,184 [INFO] ThirdPartyModel:298 - Start build external matchings
2026-02-12 13:59:33,280 [INFO] UtilMem:75 - End SaveConfig() Used Memory: 913711880 Bytes (1073741824)
2026-02-12 13:59:33,987 [INFO] BlockDiagram:2775 - set Specific Code input for plugin: RCC
2026-02-12 13:59:33,989 [INFO] BlockDiagram:2775 - set Specific Code input for plugin: NVIC
2026-02-12 13:59:34,005 [INFO] CodeGenerator:892 - code generatio: config db path: C:\ST\STM32CubeIDE_1.19.0\STM32CubeIDE\plugins\com.st.stm32cube.common.mx_6.15.0.202507011659\\db\
2026-02-12 13:59:34,522 [INFO] CodeEngine:265 - oldGeneratedFile, C:\Users\Alfred\STM32CubeIDE\workspace_1.19.0\alfred_ultrasonic_hedghog\MXTmpFiles\license.tmp_save
2026-02-12 13:59:36,499 [INFO] CodeEngine:289 - Generated code: C:\Users\Alfred\STM32CubeIDE\workspace_1.19.0\alfred_ultrasonic_hedghog\MXTmpFiles\license.tmp
2026-02-12 13:59:36,647 [INFO] CodeEngine:265 - oldGeneratedFile, C:\Users\Alfred\STM32CubeIDE\workspace_1.19.0\alfred_ultrasonic_hedghog\Core\Src\stm32f0xx_it.c_save
2026-02-12 13:59:39,501 [INFO] CodeEngine:289 - Generated code: C:\Users\Alfred\STM32CubeIDE\workspace_1.19.0\alfred_ultrasonic_hedghog\Core\Src\stm32f0xx_it.c
2026-02-12 13:59:39,577 [INFO] CodeEngine:265 - oldGeneratedFile, C:\Users\Alfred\STM32CubeIDE\workspace_1.19.0\alfred_ultrasonic_hedghog\Core\Inc\stm32f0xx_it.h_save
2026-02-12 13:59:40,052 [INFO] CodeEngine:289 - Generated code: C:\Users\Alfred\STM32CubeIDE\workspace_1.19.0\alfred_ultrasonic_hedghog\Core\Inc\stm32f0xx_it.h
2026-02-12 13:59:40,663 [INFO] CodeEngine:265 - oldGeneratedFile, C:\Users\Alfred\STM32CubeIDE\workspace_1.19.0\alfred_ultrasonic_hedghog\Core\Src\stm32f0xx_hal_msp.c_save
2026-02-12 13:59:42,077 [INFO] CodeEngine:289 - Generated code: C:\Users\Alfred\STM32CubeIDE\workspace_1.19.0\alfred_ultrasonic_hedghog\Core\Src\stm32f0xx_hal_msp.c
2026-02-12 13:59:42,159 [INFO] CodeEngine:265 - oldGeneratedFile, C:\Users\Alfred\STM32CubeIDE\workspace_1.19.0\alfred_ultrasonic_hedghog\MXTmpFiles\system.tmp_save
2026-02-12 13:59:42,641 [INFO] ThirdPartyModel:316 - End build external matchings
2026-02-12 13:59:42,731 [INFO] CodeEngine:289 - Generated code: C:\Users\Alfred\STM32CubeIDE\workspace_1.19.0\alfred_ultrasonic_hedghog\MXTmpFiles\system.tmp
2026-02-12 13:59:42,795 [INFO] CheckServerUpdateThread:120 - End of CheckServer Thread
2026-02-12 13:59:42,820 [INFO] CodeEngine:321 - oldGeneratedFile, C:\Users\Alfred\STM32CubeIDE\workspace_1.19.0\alfred_ultrasonic_hedghog\Core\Inc\stm32f0xx_hal_conf.h_save
2026-02-12 13:59:43,790 [INFO] CodeEngine:345 - Generated code: C:\Users\Alfred\STM32CubeIDE\workspace_1.19.0\alfred_ultrasonic_hedghog\Core\Inc\stm32f0xx_hal_conf.h
2026-02-12 13:59:44,178 [INFO] ApiDbMcu:532 - Load IP Config File for RCC
2026-02-12 13:59:44,214 [INFO] CodeEngine:265 - oldGeneratedFile, C:\Users\Alfred\STM32CubeIDE\workspace_1.19.0\alfred_ultrasonic_hedghog\Core\Inc\main.h_save
2026-02-12 13:59:44,867 [INFO] CodeEngine:289 - Generated code: C:\Users\Alfred\STM32CubeIDE\workspace_1.19.0\alfred_ultrasonic_hedghog\Core\Inc\main.h
2026-02-12 13:59:44,916 [INFO] CodeEngine:265 - oldGeneratedFile, C:\Users\Alfred\STM32CubeIDE\workspace_1.19.0\alfred_ultrasonic_hedghog\Core\Src\main.c_save
2026-02-12 13:59:46,026 [INFO] CodeEngine:289 - Generated code: C:\Users\Alfred\STM32CubeIDE\workspace_1.19.0\alfred_ultrasonic_hedghog\Core\Src\main.c
2026-02-12 13:59:48,503 [INFO] ProjectBuilder:3606 - Time for Copy HAL[1] : 478mS.
2026-02-12 13:59:48,526 [INFO] ProjectBuilder:5216 - Project Generator version: 4.7.0-B52
2026-02-12 13:59:48,843 [INFO] ConfigFileManager:1595 - The Die is : DIE444
2026-02-12 13:59:48,894 [INFO] ApiDbMcu:532 - Load IP Config File for FATFS
2026-02-12 13:59:48,940 [INFO] ApiDbMcu:532 - Load IP Config File for FREERTOS
2026-02-12 13:59:58,405 [INFO] ProjectBuilder:5496 - Time for Generating toolchain IDE Files: 9855mS.
2026-02-12 13:59:58,415 [INFO] ProjectBuilder:3463 - Time for Copy CMSIS : 4mS.
2026-02-12 13:59:58,424 [INFO] ProjectBuilder:3463 - Time for Copy CMSIS : 1mS.
2026-02-12 14:00:00,910 [INFO] McuFinderGlobals:76 - Set McuFinderConnectedMode to true
2026-02-12 14:00:00,985 [INFO] ApiDb:448 - Save user favorites file C:\Users\Alfred/.stm32cubeide/favorites.mcus.txt: 0 item(s)
2026-02-12 14:00:00,986 [INFO] ApiDb:452 - User favorites MCUs=[]
2026-02-12 14:00:01,073 [INFO] ApiDb:448 - Save user favorites file C:\Users\Alfred/.stm32cubeide/favorites.boards.txt: 0 item(s)
2026-02-12 14:00:01,074 [INFO] ApiDb:452 - User favorites Boards=[]
2026-02-12 14:01:28,191 [INFO] UtilMem:75 - End SaveConfig() Used Memory: 866708352 Bytes (1073741824)
2026-02-12 14:01:29,860 [INFO] UtilMem:75 - End SaveConfig() Used Memory: 886631296 Bytes (1073741824)
2026-02-12 14:01:32,957 [INFO] UtilMem:75 - End SaveConfig() Used Memory: 945008504 Bytes (1073741824)
2026-02-12 14:01:33,534 [INFO] BlockDiagram:2775 - set Specific Code input for plugin: TIM1_8F0
2026-02-12 14:01:33,534 [INFO] BlockDiagram:2775 - set Specific Code input for plugin: SYS
2026-02-12 14:01:33,534 [INFO] BlockDiagram:2775 - set Specific Code input for plugin: RCC
2026-02-12 14:01:33,534 [INFO] BlockDiagram:2775 - set Specific Code input for plugin: NVIC
2026-02-12 14:01:33,534 [INFO] BlockDiagram:2775 - set Specific Code input for plugin: TIM1_8F0
2026-02-12 14:01:33,534 [INFO] BlockDiagram:2775 - set Specific Code input for plugin: GPIO
2026-02-12 14:01:33,538 [INFO] CodeGenerator:892 - code generatio: config db path: C:\ST\STM32CubeIDE_1.19.0\STM32CubeIDE\plugins\com.st.stm32cube.common.mx_6.15.0.202507011659\\db\
2026-02-12 14:01:33,830 [INFO] CodeEngine:265 - oldGeneratedFile, C:\Users\Alfred\STM32CubeIDE\workspace_1.19.0\alfred_ultrasonic_hedghog\MXTmpFiles\license.tmp_save
2026-02-12 14:01:34,691 [INFO] CodeEngine:289 - Generated code: C:\Users\Alfred\STM32CubeIDE\workspace_1.19.0\alfred_ultrasonic_hedghog\MXTmpFiles\license.tmp
2026-02-12 14:01:35,295 [INFO] CodeEngine:265 - oldGeneratedFile, C:\Users\Alfred\STM32CubeIDE\workspace_1.19.0\alfred_ultrasonic_hedghog\MXTmpFiles\gpio.tmp_save
2026-02-12 14:01:35,587 [INFO] CodeEngine:289 - Generated code: C:\Users\Alfred\STM32CubeIDE\workspace_1.19.0\alfred_ultrasonic_hedghog\MXTmpFiles\gpio.tmp
2026-02-12 14:01:37,068 [INFO] CodeEngine:265 - oldGeneratedFile, C:\Users\Alfred\STM32CubeIDE\workspace_1.19.0\alfred_ultrasonic_hedghog\Core\Src\stm32f0xx_it.c_save
2026-02-12 14:01:37,680 [INFO] CodeEngine:289 - Generated code: C:\Users\Alfred\STM32CubeIDE\workspace_1.19.0\alfred_ultrasonic_hedghog\Core\Src\stm32f0xx_it.c
2026-02-12 14:01:37,702 [INFO] CodeEngine:265 - oldGeneratedFile, C:\Users\Alfred\STM32CubeIDE\workspace_1.19.0\alfred_ultrasonic_hedghog\Core\Inc\stm32f0xx_it.h_save
2026-02-12 14:01:37,856 [INFO] CodeEngine:289 - Generated code: C:\Users\Alfred\STM32CubeIDE\workspace_1.19.0\alfred_ultrasonic_hedghog\Core\Inc\stm32f0xx_it.h
2026-02-12 14:01:37,886 [INFO] CodeEngine:265 - oldGeneratedFile, C:\Users\Alfred\STM32CubeIDE\workspace_1.19.0\alfred_ultrasonic_hedghog\MXTmpFiles\system.tmp_save
2026-02-12 14:01:38,146 [INFO] CodeEngine:289 - Generated code: C:\Users\Alfred\STM32CubeIDE\workspace_1.19.0\alfred_ultrasonic_hedghog\MXTmpFiles\system.tmp
2026-02-12 14:01:38,172 [INFO] CodeEngine:265 - oldGeneratedFile, C:\Users\Alfred\STM32CubeIDE\workspace_1.19.0\alfred_ultrasonic_hedghog\Core\Inc\stm32_assert.h_save
2026-02-12 14:01:38,358 [INFO] CodeEngine:289 - Generated code: C:\Users\Alfred\STM32CubeIDE\workspace_1.19.0\alfred_ultrasonic_hedghog\Core\Inc\stm32_assert.h
2026-02-12 14:01:38,403 [WARN] IPConfigManager:3238 - Warning: the RefConfig RCC_LSEDRIVE_CONFIG is not available in your config.xml file
2026-02-12 14:01:38,433 [WARN] IPConfigManager:3238 - Warning: the RefConfig RCC_ClockConfig is not available in your config.xml file
2026-02-12 14:01:38,434 [WARN] IPConfigManager:3238 - Warning: the RefConfig RCC_MCOConfig is not available in your config.xml file
2026-02-12 14:01:38,434 [WARN] IPConfigManager:3238 - Warning: the RefConfig RCC_SYSTICK_CONFIG is not available in your config.xml file
2026-02-12 14:01:38,587 [INFO] ApiDbMcu:532 - Load IP Config File for TIM3
2026-02-12 14:01:38,635 [INFO] ApiDbMcu:532 - Load IP Config File for TIM14
2026-02-12 14:01:38,640 [WARN] IPConfigManager:3811 - IP not found : TIM
2026-02-12 14:01:38,643 [WARN] CodeGenerator:4259 - IP not found : null
2026-02-12 14:01:38,669 [INFO] CodeEngine:265 - oldGeneratedFile, C:\Users\Alfred\STM32CubeIDE\workspace_1.19.0\alfred_ultrasonic_hedghog\Core\Inc\main.h_save
2026-02-12 14:01:39,110 [INFO] CodeEngine:289 - Generated code: C:\Users\Alfred\STM32CubeIDE\workspace_1.19.0\alfred_ultrasonic_hedghog\Core\Inc\main.h
2026-02-12 14:01:39,127 [INFO] CodeEngine:265 - oldGeneratedFile, C:\Users\Alfred\STM32CubeIDE\workspace_1.19.0\alfred_ultrasonic_hedghog\Core\Src\main.c_save
2026-02-12 14:01:39,969 [INFO] CodeEngine:289 - Generated code: C:\Users\Alfred\STM32CubeIDE\workspace_1.19.0\alfred_ultrasonic_hedghog\Core\Src\main.c
2026-02-12 14:01:40,774 [INFO] ProjectBuilder:3606 - Time for Copy HAL[1] : 359mS.
2026-02-12 14:01:40,785 [INFO] ProjectBuilder:5216 - Project Generator version: 4.7.0-B52
2026-02-12 14:01:40,908 [INFO] ConfigFileManager:1595 - The Die is : DIE444
2026-02-12 14:01:43,211 [INFO] ProjectBuilder:5496 - Time for Generating toolchain IDE Files: 2427mS.
2026-02-12 14:01:43,215 [INFO] ProjectBuilder:3463 - Time for Copy CMSIS : 1mS.
2026-02-12 14:01:43,223 [INFO] ProjectBuilder:3463 - Time for Copy CMSIS : 0mS.
2026-02-12 14:06:57,045 [INFO] WebApp:194 - Connection lost
2026-02-12 14:06:57,849 [INFO] WebApp:191 - Connection restablished
2026-02-12 14:12:26,737 [INFO] WebApp:194 - Connection lost
2026-02-12 14:12:27,368 [INFO] WebApp:191 - Connection restablished
2026-02-12 14:18:41,179 [INFO] WebApp:194 - Connection lost
2026-02-12 14:18:47,316 [INFO] WebApp:191 - Connection restablished
2026-02-12 14:18:49,923 [INFO] WebApp:194 - Connection lost
2026-02-12 14:18:51,859 [INFO] WebApp:191 - Connection restablished
2026-02-12 14:19:01,306 [INFO] WebApp:194 - Connection lost
2026-02-12 14:19:09,094 [INFO] WebApp:191 - Connection restablished
2026-02-12 14:27:27,520 [INFO] WebApp:194 - Connection lost
2026-02-12 14:28:05,176 [INFO] WebApp:191 - Connection restablished
2026-02-12 14:28:08,021 [INFO] WebApp:194 - Connection lost
2026-02-12 14:28:08,385 [INFO] WebApp:191 - Connection restablished
2026-02-12 14:56:13,007 [INFO] WebApp:194 - Connection lost
2026-02-12 14:56:13,714 [INFO] WebApp:191 - Connection restablished
2026-02-12 15:08:16,191 [INFO] WebApp:194 - Connection lost
2026-02-12 15:08:16,772 [INFO] WebApp:191 - Connection restablished
2026-02-12 15:15:46,946 [INFO] WebApp:194 - Connection lost
2026-02-12 15:15:47,440 [INFO] WebApp:191 - Connection restablished
2026-02-12 15:22:04,332 [INFO] WebApp:194 - Connection lost
2026-02-12 15:22:04,536 [INFO] WebApp:191 - Connection restablished
2026-02-12 15:22:19,301 [INFO] WebApp:194 - Connection lost
2026-02-12 15:22:19,496 [INFO] WebApp:191 - Connection restablished
2026-02-12 15:32:26,620 [INFO] WebApp:194 - Connection lost
2026-02-12 15:32:27,079 [INFO] WebApp:191 - Connection restablished
2026-02-12 15:34:20,825 [INFO] WebApp:194 - Connection lost
2026-02-12 15:34:21,007 [INFO] WebApp:191 - Connection restablished
2026-02-12 16:03:40,200 [INFO] WebApp:194 - Connection lost
2026-02-12 16:03:40,844 [INFO] WebApp:191 - Connection restablished
2026-02-12 16:04:42,342 [INFO] WebApp:194 - Connection lost
2026-02-12 16:04:42,579 [INFO] WebApp:191 - Connection restablished
2026-02-12 16:10:02,055 [INFO] WebApp:194 - Connection lost
2026-02-12 16:10:02,735 [INFO] WebApp:191 - Connection restablished
2026-02-12 16:12:12,104 [INFO] WebApp:194 - Connection lost
2026-02-12 16:12:12,525 [INFO] WebApp:191 - Connection restablished
2026-02-12 16:17:45,351 [INFO] WebApp:194 - Connection lost
2026-02-12 16:17:45,679 [INFO] WebApp:191 - Connection restablished
2026-02-12 16:19:16,503 [INFO] WebApp:194 - Connection lost
2026-02-12 16:19:17,374 [INFO] WebApp:191 - Connection restablished
2026-02-12 16:29:23,347 [INFO] WebApp:194 - Connection lost
2026-02-12 16:29:24,039 [INFO] WebApp:191 - Connection restablished
2026-02-12 16:56:50,026 [INFO] WebApp:194 - Connection lost
2026-02-12 16:56:50,821 [INFO] WebApp:191 - Connection restablished
2026-02-12 17:07:27,328 [INFO] WebApp:194 - Connection lost
2026-02-12 17:07:28,092 [INFO] WebApp:191 - Connection restablished
2026-02-12 17:18:02,291 [INFO] WebApp:194 - Connection lost
2026-02-12 17:18:02,925 [INFO] WebApp:191 - Connection restablished
2026-02-12 17:28:10,172 [INFO] WebApp:194 - Connection lost
2026-02-12 17:28:10,729 [INFO] WebApp:191 - Connection restablished
2026-02-12 17:48:27,731 [INFO] WebApp:194 - Connection lost
2026-02-12 17:48:28,336 [INFO] WebApp:191 - Connection restablished
2026-02-12 18:29:45,904 [INFO] WebApp:194 - Connection lost
2026-02-12 18:29:46,840 [INFO] WebApp:191 - Connection restablished
2026-02-12 18:41:01,221 [INFO] WebApp:194 - Connection lost
2026-02-12 18:41:01,806 [INFO] WebApp:191 - Connection restablished
2026-02-12 19:00:02,324 [INFO] WebApp:403 - JxBrowser engine has been closed 
