14:04:39 **** Build of configuration Debug for project alfred_ultrasonic_hedghog ****
make -j12 all 
arm-none-eabi-gcc "../Drivers/STM32F0xx_HAL_Driver/Src/stm32f0xx_ll_dma.c" -mcpu=cortex-m0 -std=gnu11 -g3 -DDEBUG -DSTM32F030x6 -DUSE_FULL_LL_DRIVER -DHSE_VALUE=8000000 -DHSE_STARTUP_TIMEOUT=100 -DLSE_STARTUP_TIMEOUT=5000 -DLSE_VALUE=32768 -DHSI_VALUE=8000000 -DLSI_VALUE=40000 -DVDD_VALUE=3300 -DPREFETCH_ENABLE=1 -DINSTRUCTION_CACHE_ENABLE=0 -DDATA_CACHE_ENABLE=0 -c -I../Core/Inc -I../Drivers/STM32F0xx_HAL_Driver/Inc -I../Drivers/CMSIS/Device/ST/STM32F0xx/Include -I../Drivers/CMSIS/Include -O0 -ffunction-sections -fdata-sections -Wall -fstack-usage -fcyclomatic-complexity -MMD -MP -MF"Drivers/STM32F0xx_HAL_Driver/Src/stm32f0xx_ll_dma.d" -MT"Drivers/STM32F0xx_HAL_Driver/Src/stm32f0xx_ll_dma.o" --specs=nano.specs -mfloat-abi=soft -mthumb -o "Drivers/STM32F0xx_HAL_Driver/Src/stm32f0xx_ll_dma.o"
arm-none-eabi-gcc "../Drivers/STM32F0xx_HAL_Driver/Src/stm32f0xx_ll_exti.c" -mcpu=cortex-m0 -std=gnu11 -g3 -DDEBUG -DSTM32F030x6 -DUSE_FULL_LL_DRIVER -DHSE_VALUE=8000000 -DHSE_STARTUP_TIMEOUT=100 -DLSE_STARTUP_TIMEOUT=5000 -DLSE_VALUE=32768 -DHSI_VALUE=8000000 -DLSI_VALUE=40000 -DVDD_VALUE=3300 -DPREFETCH_ENABLE=1 -DINSTRUCTION_CACHE_ENABLE=0 -DDATA_CACHE_ENABLE=0 -c -I../Core/Inc -I../Drivers/STM32F0xx_HAL_Driver/Inc -I../Drivers/CMSIS/Device/ST/STM32F0xx/Include -I../Drivers/CMSIS/Include -O0 -ffunction-sections -fdata-sections -Wall -fstack-usage -fcyclomatic-complexity -MMD -MP -MF"Drivers/STM32F0xx_HAL_Driver/Src/stm32f0xx_ll_exti.d" -MT"Drivers/STM32F0xx_HAL_Driver/Src/stm32f0xx_ll_exti.o" --specs=nano.specs -mfloat-abi=soft -mthumb -o "Drivers/STM32F0xx_HAL_Driver/Src/stm32f0xx_ll_exti.o"
arm-none-eabi-gcc "../Drivers/STM32F0xx_HAL_Driver/Src/stm32f0xx_ll_gpio.c" -mcpu=cortex-m0 -std=gnu11 -g3 -DDEBUG -DSTM32F030x6 -DUSE_FULL_LL_DRIVER -DHSE_VALUE=8000000 -DHSE_STARTUP_TIMEOUT=100 -DLSE_STARTUP_TIMEOUT=5000 -DLSE_VALUE=32768 -DHSI_VALUE=8000000 -DLSI_VALUE=40000 -DVDD_VALUE=3300 -DPREFETCH_ENABLE=1 -DINSTRUCTION_CACHE_ENABLE=0 -DDATA_CACHE_ENABLE=0 -c -I../Core/Inc -I../Drivers/STM32F0xx_HAL_Driver/Inc -I../Drivers/CMSIS/Device/ST/STM32F0xx/Include -I../Drivers/CMSIS/Include -O0 -ffunction-sections -fdata-sections -Wall -fstack-usage -fcyclomatic-complexity -MMD -MP -MF"Drivers/STM32F0xx_HAL_Driver/Src/stm32f0xx_ll_gpio.d" -MT"Drivers/STM32F0xx_HAL_Driver/Src/stm32f0xx_ll_gpio.o" --specs=nano.specs -mfloat-abi=soft -mthumb -o "Drivers/STM32F0xx_HAL_Driver/Src/stm32f0xx_ll_gpio.o"
arm-none-eabi-gcc "../Drivers/STM32F0xx_HAL_Driver/Src/stm32f0xx_ll_pwr.c" -mcpu=cortex-m0 -std=gnu11 -g3 -DDEBUG -DSTM32F030x6 -DUSE_FULL_LL_DRIVER -DHSE_VALUE=8000000 -DHSE_STARTUP_TIMEOUT=100 -DLSE_STARTUP_TIMEOUT=5000 -DLSE_VALUE=32768 -DHSI_VALUE=8000000 -DLSI_VALUE=40000 -DVDD_VALUE=3300 -DPREFETCH_ENABLE=1 -DINSTRUCTION_CACHE_ENABLE=0 -DDATA_CACHE_ENABLE=0 -c -I../Core/Inc -I../Drivers/STM32F0xx_HAL_Driver/Inc -I../Drivers/CMSIS/Device/ST/STM32F0xx/Include -I../Drivers/CMSIS/Include -O0 -ffunction-sections -fdata-sections -Wall -fstack-usage -fcyclomatic-complexity -MMD -MP -MF"Drivers/STM32F0xx_HAL_Driver/Src/stm32f0xx_ll_pwr.d" -MT"Drivers/STM32F0xx_HAL_Driver/Src/stm32f0xx_ll_pwr.o" --specs=nano.specs -mfloat-abi=soft -mthumb -o "Drivers/STM32F0xx_HAL_Driver/Src/stm32f0xx_ll_pwr.o"
arm-none-eabi-gcc "../Drivers/STM32F0xx_HAL_Driver/Src/stm32f0xx_ll_rcc.c" -mcpu=cortex-m0 -std=gnu11 -g3 -DDEBUG -DSTM32F030x6 -DUSE_FULL_LL_DRIVER -DHSE_VALUE=8000000 -DHSE_STARTUP_TIMEOUT=100 -DLSE_STARTUP_TIMEOUT=5000 -DLSE_VALUE=32768 -DHSI_VALUE=8000000 -DLSI_VALUE=40000 -DVDD_VALUE=3300 -DPREFETCH_ENABLE=1 -DINSTRUCTION_CACHE_ENABLE=0 -DDATA_CACHE_ENABLE=0 -c -I../Core/Inc -I../Drivers/STM32F0xx_HAL_Driver/Inc -I../Drivers/CMSIS/Device/ST/STM32F0xx/Include -I../Drivers/CMSIS/Include -O0 -ffunction-sections -fdata-sections -Wall -fstack-usage -fcyclomatic-complexity -MMD -MP -MF"Drivers/STM32F0xx_HAL_Driver/Src/stm32f0xx_ll_rcc.d" -MT"Drivers/STM32F0xx_HAL_Driver/Src/stm32f0xx_ll_rcc.o" --specs=nano.specs -mfloat-abi=soft -mthumb -o "Drivers/STM32F0xx_HAL_Driver/Src/stm32f0xx_ll_rcc.o"
arm-none-eabi-gcc "../Drivers/STM32F0xx_HAL_Driver/Src/stm32f0xx_ll_tim.c" -mcpu=cortex-m0 -std=gnu11 -g3 -DDEBUG -DSTM32F030x6 -DUSE_FULL_LL_DRIVER -DHSE_VALUE=8000000 -DHSE_STARTUP_TIMEOUT=100 -DLSE_STARTUP_TIMEOUT=5000 -DLSE_VALUE=32768 -DHSI_VALUE=8000000 -DLSI_VALUE=40000 -DVDD_VALUE=3300 -DPREFETCH_ENABLE=1 -DINSTRUCTION_CACHE_ENABLE=0 -DDATA_CACHE_ENABLE=0 -c -I../Core/Inc -I../Drivers/STM32F0xx_HAL_Driver/Inc -I../Drivers/CMSIS/Device/ST/STM32F0xx/Include -I../Drivers/CMSIS/Include -O0 -ffunction-sections -fdata-sections -Wall -fstack-usage -fcyclomatic-complexity -MMD -MP -MF"Drivers/STM32F0xx_HAL_Driver/Src/stm32f0xx_ll_tim.d" -MT"Drivers/STM32F0xx_HAL_Driver/Src/stm32f0xx_ll_tim.o" --specs=nano.specs -mfloat-abi=soft -mthumb -o "Drivers/STM32F0xx_HAL_Driver/Src/stm32f0xx_ll_tim.o"
arm-none-eabi-gcc "../Drivers/STM32F0xx_HAL_Driver/Src/stm32f0xx_ll_utils.c" -mcpu=cortex-m0 -std=gnu11 -g3 -DDEBUG -DSTM32F030x6 -DUSE_FULL_LL_DRIVER -DHSE_VALUE=8000000 -DHSE_STARTUP_TIMEOUT=100 -DLSE_STARTUP_TIMEOUT=5000 -DLSE_VALUE=32768 -DHSI_VALUE=8000000 -DLSI_VALUE=40000 -DVDD_VALUE=3300 -DPREFETCH_ENABLE=1 -DINSTRUCTION_CACHE_ENABLE=0 -DDATA_CACHE_ENABLE=0 -c -I../Core/Inc -I../Drivers/STM32F0xx_HAL_Driver/Inc -I../Drivers/CMSIS/Device/ST/STM32F0xx/Include -I../Drivers/CMSIS/Include -O0 -ffunction-sections -fdata-sections -Wall -fstack-usage -fcyclomatic-complexity -MMD -MP -MF"Drivers/STM32F0xx_HAL_Driver/Src/stm32f0xx_ll_utils.d" -MT"Drivers/STM32F0xx_HAL_Driver/Src/stm32f0xx_ll_utils.o" --specs=nano.specs -mfloat-abi=soft -mthumb -o "Drivers/STM32F0xx_HAL_Driver/Src/stm32f0xx_ll_utils.o"
arm-none-eabi-gcc -mcpu=cortex-m0 -g3 -DDEBUG -c -x assembler-with-cpp -MMD -MP -MF"Core/Startup/startup_stm32f030f4px.d" -MT"Core/Startup/startup_stm32f030f4px.o" --specs=nano.specs -mfloat-abi=soft -mthumb -o "Core/Startup/startup_stm32f030f4px.o" "../Core/Startup/startup_stm32f030f4px.s"
arm-none-eabi-gcc "../Core/Src/main.c" -mcpu=cortex-m0 -std=gnu11 -g3 -DDEBUG -DSTM32F030x6 -DUSE_FULL_LL_DRIVER -DHSE_VALUE=8000000 -DHSE_STARTUP_TIMEOUT=100 -DLSE_STARTUP_TIMEOUT=5000 -DLSE_VALUE=32768 -DHSI_VALUE=8000000 -DLSI_VALUE=40000 -DVDD_VALUE=3300 -DPREFETCH_ENABLE=1 -DINSTRUCTION_CACHE_ENABLE=0 -DDATA_CACHE_ENABLE=0 -c -I../Core/Inc -I../Drivers/STM32F0xx_HAL_Driver/Inc -I../Drivers/CMSIS/Device/ST/STM32F0xx/Include -I../Drivers/CMSIS/Include -O0 -ffunction-sections -fdata-sections -Wall -fstack-usage -fcyclomatic-complexity -MMD -MP -MF"Core/Src/main.d" -MT"Core/Src/main.o" --specs=nano.specs -mfloat-abi=soft -mthumb -o "Core/Src/main.o"
arm-none-eabi-gcc "../Core/Src/stm32f0xx_it.c" -mcpu=cortex-m0 -std=gnu11 -g3 -DDEBUG -DSTM32F030x6 -DUSE_FULL_LL_DRIVER -DHSE_VALUE=8000000 -DHSE_STARTUP_TIMEOUT=100 -DLSE_STARTUP_TIMEOUT=5000 -DLSE_VALUE=32768 -DHSI_VALUE=8000000 -DLSI_VALUE=40000 -DVDD_VALUE=3300 -DPREFETCH_ENABLE=1 -DINSTRUCTION_CACHE_ENABLE=0 -DDATA_CACHE_ENABLE=0 -c -I../Core/Inc -I../Drivers/STM32F0xx_HAL_Driver/Inc -I../Drivers/CMSIS/Device/ST/STM32F0xx/Include -I../Drivers/CMSIS/Include -O0 -ffunction-sections -fdata-sections -Wall -fstack-usage -fcyclomatic-complexity -MMD -MP -MF"Core/Src/stm32f0xx_it.d" -MT"Core/Src/stm32f0xx_it.o" --specs=nano.specs -mfloat-abi=soft -mthumb -o "Core/Src/stm32f0xx_it.o"
arm-none-eabi-gcc "../Core/Src/syscalls.c" -mcpu=cortex-m0 -std=gnu11 -g3 -DDEBUG -DSTM32F030x6 -DUSE_FULL_LL_DRIVER -DHSE_VALUE=8000000 -DHSE_STARTUP_TIMEOUT=100 -DLSE_STARTUP_TIMEOUT=5000 -DLSE_VALUE=32768 -DHSI_VALUE=8000000 -DLSI_VALUE=40000 -DVDD_VALUE=3300 -DPREFETCH_ENABLE=1 -DINSTRUCTION_CACHE_ENABLE=0 -DDATA_CACHE_ENABLE=0 -c -I../Core/Inc -I../Drivers/STM32F0xx_HAL_Driver/Inc -I../Drivers/CMSIS/Device/ST/STM32F0xx/Include -I../Drivers/CMSIS/Include -O0 -ffunction-sections -fdata-sections -Wall -fstack-usage -fcyclomatic-complexity -MMD -MP -MF"Core/Src/syscalls.d" -MT"Core/Src/syscalls.o" --specs=nano.specs -mfloat-abi=soft -mthumb -o "Core/Src/syscalls.o"
arm-none-eabi-gcc "../Core/Src/sysmem.c" -mcpu=cortex-m0 -std=gnu11 -g3 -DDEBUG -DSTM32F030x6 -DUSE_FULL_LL_DRIVER -DHSE_VALUE=8000000 -DHSE_STARTUP_TIMEOUT=100 -DLSE_STARTUP_TIMEOUT=5000 -DLSE_VALUE=32768 -DHSI_VALUE=8000000 -DLSI_VALUE=40000 -DVDD_VALUE=3300 -DPREFETCH_ENABLE=1 -DINSTRUCTION_CACHE_ENABLE=0 -DDATA_CACHE_ENABLE=0 -c -I../Core/Inc -I../Drivers/STM32F0xx_HAL_Driver/Inc -I../Drivers/CMSIS/Device/ST/STM32F0xx/Include -I../Drivers/CMSIS/Include -O0 -ffunction-sections -fdata-sections -Wall -fstack-usage -fcyclomatic-complexity -MMD -MP -MF"Core/Src/sysmem.d" -MT"Core/Src/sysmem.o" --specs=nano.specs -mfloat-abi=soft -mthumb -o "Core/Src/sysmem.o"
../Core/Src/main.c:98:9: note: '#pragma message: [CONFIG] ACTIVE_FREQ = 40 kHz'
   98 | #pragma message ("[CONFIG] ACTIVE_FREQ = 40 kHz")
      |         ^~~~~~~
arm-none-eabi-gcc "../Core/Src/system_stm32f0xx.c" -mcpu=cortex-m0 -std=gnu11 -g3 -DDEBUG -DSTM32F030x6 -DUSE_FULL_LL_DRIVER -DHSE_VALUE=8000000 -DHSE_STARTUP_TIMEOUT=100 -DLSE_STARTUP_TIMEOUT=5000 -DLSE_VALUE=32768 -DHSI_VALUE=8000000 -DLSI_VALUE=40000 -DVDD_VALUE=3300 -DPREFETCH_ENABLE=1 -DINSTRUCTION_CACHE_ENABLE=0 -DDATA_CACHE_ENABLE=0 -c -I../Core/Inc -I../Drivers/STM32F0xx_HAL_Driver/Inc -I../Drivers/CMSIS/Device/ST/STM32F0xx/Include -I../Drivers/CMSIS/Include -O0 -ffunction-sections -fdata-sections -Wall -fstack-usage -fcyclomatic-complexity -MMD -MP -MF"Core/Src/system_stm32f0xx.d" -MT"Core/Src/system_stm32f0xx.o" --specs=nano.specs -mfloat-abi=soft -mthumb -o "Core/Src/system_stm32f0xx.o"
arm-none-eabi-gcc -o "alfred_ultrasonic_hedghog.elf" @"objects.list"   -mcpu=cortex-m0 -T"C:\Users\Alfred\STM32CubeIDE\workspace_1.19.0\alfred_ultrasonic_hedghog\STM32F030F4PX_FLASH.ld" --specs=nosys.specs -Wl,-Map="alfred_ultrasonic_hedghog.map" -Wl,--gc-sections -static --specs=nano.specs -mfloat-abi=soft -mthumb -Wl,--start-group -lc -lm -Wl,--end-group
Finished building target: alfred_ultrasonic_hedghog.elf
 
arm-none-eabi-size  alfred_ultrasonic_hedghog.elf 
arm-none-eabi-objdump -h -S alfred_ultrasonic_hedghog.elf  > "alfred_ultrasonic_hedghog.list"
   text	   data	    bss	    dec	    hex	filename
   4308	      4	   1588	   5900	   170c	alfred_ultrasonic_hedghog.elf
Finished building: default.size.stdout
 
Finished building: alfred_ultrasonic_hedghog.list
 
18:20:16 **** Incremental Build of configuration Debug for project alfred_ultrasonic_hedghog ****
make -j12 all 
arm-none-eabi-size  alfred_ultrasonic_hedghog.elf 
   text	   data	    bss	    dec	    hex	filename
   4308	      4	   1588	   5900	   170c	alfred_ultrasonic_hedghog.elf
Finished building: default.size.stdout
 
18:25:01 **** Incremental Build of configuration Debug for project alfred_ultrasonic_hedghog ****
make -j12 all 
arm-none-eabi-gcc "../Core/Src/main.c" -mcpu=cortex-m0 -std=gnu11 -g3 -DDEBUG -DSTM32F030x6 -DUSE_FULL_LL_DRIVER -DHSE_VALUE=8000000 -DHSE_STARTUP_TIMEOUT=100 -DLSE_STARTUP_TIMEOUT=5000 -DLSE_VALUE=32768 -DHSI_VALUE=8000000 -DLSI_VALUE=40000 -DVDD_VALUE=3300 -DPREFETCH_ENABLE=1 -DINSTRUCTION_CACHE_ENABLE=0 -DDATA_CACHE_ENABLE=0 -c -I../Core/Inc -I../Drivers/STM32F0xx_HAL_Driver/Inc -I../Drivers/CMSIS/Device/ST/STM32F0xx/Include -I../Drivers/CMSIS/Include -O0 -ffunction-sections -fdata-sections -Wall -fstack-usage -fcyclomatic-complexity -MMD -MP -MF"Core/Src/main.d" -MT"Core/Src/main.o" --specs=nano.specs -mfloat-abi=soft -mthumb -o "Core/Src/main.o"
../Core/Src/main.c:98:9: note: '#pragma message: [CONFIG] ACTIVE_FREQ = 40 kHz'
   98 | #pragma message ("[CONFIG] ACTIVE_FREQ = 40 kHz")
      |         ^~~~~~~
arm-none-eabi-gcc -o "alfred_ultrasonic_hedghog.elf" @"objects.list"   -mcpu=cortex-m0 -T"C:\Users\Alfred\STM32CubeIDE\workspace_1.19.0\alfred_ultrasonic_hedghog\STM32F030F4PX_FLASH.ld" --specs=nosys.specs -Wl,-Map="alfred_ultrasonic_hedghog.map" -Wl,--gc-sections -static --specs=nano.specs -mfloat-abi=soft -mthumb -Wl,--start-group -lc -lm -Wl,--end-group
Finished building target: alfred_ultrasonic_hedghog.elf
 
arm-none-eabi-size  alfred_ultrasonic_hedghog.elf 
arm-none-eabi-objdump -h -S alfred_ultrasonic_hedghog.elf  > "alfred_ultrasonic_hedghog.list"
   text	   data	    bss	    dec	    hex	filename
   4308	      4	   1588	   5900	   170c	alfred_ultrasonic_hedghog.elf
Finished building: default.size.stdout
 
Finished building: alfred_ultrasonic_hedghog.list
 
18:26:59 **** Incremental Build of configuration Debug for project alfred_ultrasonic_hedghog ****
make -j12 all 
arm-none-eabi-size  alfred_ultrasonic_hedghog.elf 
   text	   data	    bss	    dec	    hex	filename
   4308	      4	   1588	   5900	   170c	alfred_ultrasonic_hedghog.elf
Finished building: default.size.stdout
 
18:29:05 **** Incremental Build of configuration Debug for project alfred_ultrasonic_hedghog ****
make -j12 all 
arm-none-eabi-gcc "../Core/Src/main.c" -mcpu=cortex-m0 -std=gnu11 -g3 -DDEBUG -DSTM32F030x6 -DUSE_FULL_LL_DRIVER -DHSE_VALUE=8000000 -DHSE_STARTUP_TIMEOUT=100 -DLSE_STARTUP_TIMEOUT=5000 -DLSE_VALUE=32768 -DHSI_VALUE=8000000 -DLSI_VALUE=40000 -DVDD_VALUE=3300 -DPREFETCH_ENABLE=1 -DINSTRUCTION_CACHE_ENABLE=0 -DDATA_CACHE_ENABLE=0 -c -I../Core/Inc -I../Drivers/STM32F0xx_HAL_Driver/Inc -I../Drivers/CMSIS/Device/ST/STM32F0xx/Include -I../Drivers/CMSIS/Include -O0 -ffunction-sections -fdata-sections -Wall -fstack-usage -fcyclomatic-complexity -MMD -MP -MF"Core/Src/main.d" -MT"Core/Src/main.o" --specs=nano.specs -mfloat-abi=soft -mthumb -o "Core/Src/main.o"
../Core/Src/main.c:98:9: note: '#pragma message: [CONFIG] ACTIVE_FREQ = 40 kHz'
   98 | #pragma message ("[CONFIG] ACTIVE_FREQ = 40 kHz")
      |         ^~~~~~~
arm-none-eabi-gcc -o "alfred_ultrasonic_hedghog.elf" @"objects.list"   -mcpu=cortex-m0 -T"C:\Users\Alfred\STM32CubeIDE\workspace_1.19.0\alfred_ultrasonic_hedghog\STM32F030F4PX_FLASH.ld" --specs=nosys.specs -Wl,-Map="alfred_ultrasonic_hedghog.map" -Wl,--gc-sections -static --specs=nano.specs -mfloat-abi=soft -mthumb -Wl,--start-group -lc -lm -Wl,--end-group
Finished building target: alfred_ultrasonic_hedghog.elf
 
arm-none-eabi-size  alfred_ultrasonic_hedghog.elf 
arm-none-eabi-objdump -h -S alfred_ultrasonic_hedghog.elf  > "alfred_ultrasonic_hedghog.list"
   text	   data	    bss	    dec	    hex	filename
   4308	      4	   1588	   5900	   170c	alfred_ultrasonic_hedghog.elf
Finished building: default.size.stdout
 
Finished building: alfred_ultrasonic_hedghog.list
 
18:29:51 **** Incremental Build of configuration Debug for project alfred_ultrasonic_hedghog ****
make -j12 all 
arm-none-eabi-gcc "../Core/Src/main.c" -mcpu=cortex-m0 -std=gnu11 -g3 -DDEBUG -DSTM32F030x6 -DUSE_FULL_LL_DRIVER -DHSE_VALUE=8000000 -DHSE_STARTUP_TIMEOUT=100 -DLSE_STARTUP_TIMEOUT=5000 -DLSE_VALUE=32768 -DHSI_VALUE=8000000 -DLSI_VALUE=40000 -DVDD_VALUE=3300 -DPREFETCH_ENABLE=1 -DINSTRUCTION_CACHE_ENABLE=0 -DDATA_CACHE_ENABLE=0 -c -I../Core/Inc -I../Drivers/STM32F0xx_HAL_Driver/Inc -I../Drivers/CMSIS/Device/ST/STM32F0xx/Include -I../Drivers/CMSIS/Include -O0 -ffunction-sections -fdata-sections -Wall -fstack-usage -fcyclomatic-complexity -MMD -MP -MF"Core/Src/main.d" -MT"Core/Src/main.o" --specs=nano.specs -mfloat-abi=soft -mthumb -o "Core/Src/main.o"
../Core/Src/main.c:98:9: note: '#pragma message: [CONFIG] ACTIVE_FREQ = 40 kHz'
   98 | #pragma message ("[CONFIG] ACTIVE_FREQ = 40 kHz")
      |         ^~~~~~~
arm-none-eabi-gcc -o "alfred_ultrasonic_hedghog.elf" @"objects.list"   -mcpu=cortex-m0 -T"C:\Users\Alfred\STM32CubeIDE\workspace_1.19.0\alfred_ultrasonic_hedghog\STM32F030F4PX_FLASH.ld" --specs=nosys.specs -Wl,-Map="alfred_ultrasonic_hedghog.map" -Wl,--gc-sections -static --specs=nano.specs -mfloat-abi=soft -mthumb -Wl,--start-group -lc -lm -Wl,--end-group
Finished building target: alfred_ultrasonic_hedghog.elf
 
arm-none-eabi-size  alfred_ultrasonic_hedghog.elf 
arm-none-eabi-objdump -h -S alfred_ultrasonic_hedghog.elf  > "alfred_ultrasonic_hedghog.list"
   text	   data	    bss	    dec	    hex	filename
   4308	      4	   1588	   5900	   170c	alfred_ultrasonic_hedghog.elf
Finished building: default.size.stdout
 
Finished building: alfred_ultrasonic_hedghog.list
 
18:31:47 **** Incremental Build of configuration Debug for project alfred_ultrasonic_hedghog ****
make -j12 all 
arm-none-eabi-gcc "../Core/Src/main.c" -mcpu=cortex-m0 -std=gnu11 -g3 -DDEBUG -DSTM32F030x6 -DUSE_FULL_LL_DRIVER -DHSE_VALUE=8000000 -DHSE_STARTUP_TIMEOUT=100 -DLSE_STARTUP_TIMEOUT=5000 -DLSE_VALUE=32768 -DHSI_VALUE=8000000 -DLSI_VALUE=40000 -DVDD_VALUE=3300 -DPREFETCH_ENABLE=1 -DINSTRUCTION_CACHE_ENABLE=0 -DDATA_CACHE_ENABLE=0 -c -I../Core/Inc -I../Drivers/STM32F0xx_HAL_Driver/Inc -I../Drivers/CMSIS/Device/ST/STM32F0xx/Include -I../Drivers/CMSIS/Include -O0 -ffunction-sections -fdata-sections -Wall -fstack-usage -fcyclomatic-complexity -MMD -MP -MF"Core/Src/main.d" -MT"Core/Src/main.o" --specs=nano.specs -mfloat-abi=soft -mthumb -o "Core/Src/main.o"
../Core/Src/main.c:98:9: note: '#pragma message: [CONFIG] ACTIVE_FREQ = 40 kHz'
   98 | #pragma message ("[CONFIG] ACTIVE_FREQ = 40 kHz")
      |         ^~~~~~~
arm-none-eabi-gcc -o "alfred_ultrasonic_hedghog.elf" @"objects.list"   -mcpu=cortex-m0 -T"C:\Users\Alfred\STM32CubeIDE\workspace_1.19.0\alfred_ultrasonic_hedghog\STM32F030F4PX_FLASH.ld" --specs=nosys.specs -Wl,-Map="alfred_ultrasonic_hedghog.map" -Wl,--gc-sections -static --specs=nano.specs -mfloat-abi=soft -mthumb -Wl,--start-group -lc -lm -Wl,--end-group
Finished building target: alfred_ultrasonic_hedghog.elf
 
arm-none-eabi-size  alfred_ultrasonic_hedghog.elf 
arm-none-eabi-objdump -h -S alfred_ultrasonic_hedghog.elf  > "alfred_ultrasonic_hedghog.list"
   text	   data	    bss	    dec	    hex	filename
   4308	      4	   1588	   5900	   170c	alfred_ultrasonic_hedghog.elf
Finished building: default.size.stdout
 
Finished building: alfred_ultrasonic_hedghog.list
 
18:39:37 **** Incremental Build of configuration Debug for project alfred_ultrasonic_hedghog ****
make -j12 all 
arm-none-eabi-gcc "../Core/Src/main.c" -mcpu=cortex-m0 -std=gnu11 -g3 -DDEBUG -DSTM32F030x6 -DUSE_FULL_LL_DRIVER -DHSE_VALUE=8000000 -DHSE_STARTUP_TIMEOUT=100 -DLSE_STARTUP_TIMEOUT=5000 -DLSE_VALUE=32768 -DHSI_VALUE=8000000 -DLSI_VALUE=40000 -DVDD_VALUE=3300 -DPREFETCH_ENABLE=1 -DINSTRUCTION_CACHE_ENABLE=0 -DDATA_CACHE_ENABLE=0 -c -I../Core/Inc -I../Drivers/STM32F0xx_HAL_Driver/Inc -I../Drivers/CMSIS/Device/ST/STM32F0xx/Include -I../Drivers/CMSIS/Include -O0 -ffunction-sections -fdata-sections -Wall -fstack-usage -fcyclomatic-complexity -MMD -MP -MF"Core/Src/main.d" -MT"Core/Src/main.o" --specs=nano.specs -mfloat-abi=soft -mthumb -o "Core/Src/main.o"
../Core/Src/main.c:98:9: note: '#pragma message: [CONFIG] ACTIVE_FREQ = 40 kHz'
   98 | #pragma message ("[CONFIG] ACTIVE_FREQ = 40 kHz")
      |         ^~~~~~~
arm-none-eabi-gcc -o "alfred_ultrasonic_hedghog.elf" @"objects.list"   -mcpu=cortex-m0 -T"C:\Users\Alfred\STM32CubeIDE\workspace_1.19.0\alfred_ultrasonic_hedghog\STM32F030F4PX_FLASH.ld" --specs=nosys.specs -Wl,-Map="alfred_ultrasonic_hedghog.map" -Wl,--gc-sections -static --specs=nano.specs -mfloat-abi=soft -mthumb -Wl,--start-group -lc -lm -Wl,--end-group
Finished building target: alfred_ultrasonic_hedghog.elf
 
arm-none-eabi-size  alfred_ultrasonic_hedghog.elf 
arm-none-eabi-objdump -h -S alfred_ultrasonic_hedghog.elf  > "alfred_ultrasonic_hedghog.list"
   text	   data	    bss	    dec	    hex	filename
   4308	      4	   1588	   5900	   170c	alfred_ultrasonic_hedghog.elf
Finished building: default.size.stdout
 
Finished building: alfred_ultrasonic_hedghog.list
 
12:54:00 **** Incremental Build of configuration Debug for project alfred_ultrasonic_hedghog ****
make -j12 all 
arm-none-eabi-gcc "../Core/Src/main.c" -mcpu=cortex-m0 -std=gnu11 -g3 -DDEBUG -DSTM32F030x6 -DUSE_FULL_LL_DRIVER -DHSE_VALUE=8000000 -DHSE_STARTUP_TIMEOUT=100 -DLSE_STARTUP_TIMEOUT=5000 -DLSE_VALUE=32768 -DHSI_VALUE=8000000 -DLSI_VALUE=40000 -DVDD_VALUE=3300 -DPREFETCH_ENABLE=1 -DINSTRUCTION_CACHE_ENABLE=0 -DDATA_CACHE_ENABLE=0 -c -I../Core/Inc -I../Drivers/STM32F0xx_HAL_Driver/Inc -I../Drivers/CMSIS/Device/ST/STM32F0xx/Include -I../Drivers/CMSIS/Include -O0 -ffunction-sections -fdata-sections -Wall -fstack-usage -fcyclomatic-complexity -MMD -MP -MF"Core/Src/main.d" -MT"Core/Src/main.o" --specs=nano.specs -mfloat-abi=soft -mthumb -o "Core/Src/main.o"
../Core/Src/main.c:105:9: note: '#pragma message: [CONFIG] ACTIVE_FREQ = 40 kHz'
  105 | #pragma message ("[CONFIG] ACTIVE_FREQ = 40 kHz")
      |         ^~~~~~~
arm-none-eabi-gcc -o "alfred_ultrasonic_hedghog.elf" @"objects.list"   -mcpu=cortex-m0 -T"C:\Users\Alfred\STM32CubeIDE\workspace_1.19.0\alfred_ultrasonic_hedghog\STM32F030F4PX_FLASH.ld" --specs=nosys.specs -Wl,-Map="alfred_ultrasonic_hedghog.map" -Wl,--gc-sections -static --specs=nano.specs -mfloat-abi=soft -mthumb -Wl,--start-group -lc -lm -Wl,--end-group
Finished building target: alfred_ultrasonic_hedghog.elf
 
arm-none-eabi-size  alfred_ultrasonic_hedghog.elf 
arm-none-eabi-objdump -h -S alfred_ultrasonic_hedghog.elf  > "alfred_ultrasonic_hedghog.list"
   text	   data	    bss	    dec	    hex	filename
   4380	      4	   1588	   5972	   1754	alfred_ultrasonic_hedghog.elf
Finished building: default.size.stdout
 
Finished building: alfred_ultrasonic_hedghog.list
 
12:54:46 **** Incremental Build of configuration Debug for project alfred_ultrasonic_hedghog ****
make -j12 all 
arm-none-eabi-size  alfred_ultrasonic_hedghog.elf 
   text	   data	    bss	    dec	    hex	filename
   4380	      4	   1588	   5972	   1754	alfred_ultrasonic_hedghog.elf
Finished building: default.size.stdout
 
13:03:13 **** Incremental Build of configuration Debug for project alfred_ultrasonic_hedghog ****
make -j12 all 
arm-none-eabi-gcc "../Core/Src/main.c" -mcpu=cortex-m0 -std=gnu11 -g3 -DDEBUG -DSTM32F030x6 -DUSE_FULL_LL_DRIVER -DHSE_VALUE=8000000 -DHSE_STARTUP_TIMEOUT=100 -DLSE_STARTUP_TIMEOUT=5000 -DLSE_VALUE=32768 -DHSI_VALUE=8000000 -DLSI_VALUE=40000 -DVDD_VALUE=3300 -DPREFETCH_ENABLE=1 -DINSTRUCTION_CACHE_ENABLE=0 -DDATA_CACHE_ENABLE=0 -c -I../Core/Inc -I../Drivers/STM32F0xx_HAL_Driver/Inc -I../Drivers/CMSIS/Device/ST/STM32F0xx/Include -I../Drivers/CMSIS/Include -O0 -ffunction-sections -fdata-sections -Wall -fstack-usage -fcyclomatic-complexity -MMD -MP -MF"Core/Src/main.d" -MT"Core/Src/main.o" --specs=nano.specs -mfloat-abi=soft -mthumb -o "Core/Src/main.o"
../Core/Src/main.c:105:9: note: '#pragma message: [CONFIG] ACTIVE_FREQ = 40 kHz'
  105 | #pragma message ("[CONFIG] ACTIVE_FREQ = 40 kHz")
      |         ^~~~~~~
arm-none-eabi-gcc -o "alfred_ultrasonic_hedghog.elf" @"objects.list"   -mcpu=cortex-m0 -T"C:\Users\Alfred\STM32CubeIDE\workspace_1.19.0\alfred_ultrasonic_hedghog\STM32F030F4PX_FLASH.ld" --specs=nosys.specs -Wl,-Map="alfred_ultrasonic_hedghog.map" -Wl,--gc-sections -static --specs=nano.specs -mfloat-abi=soft -mthumb -Wl,--start-group -lc -lm -Wl,--end-group
Finished building target: alfred_ultrasonic_hedghog.elf
 
arm-none-eabi-size  alfred_ultrasonic_hedghog.elf 
arm-none-eabi-objdump -h -S alfred_ultrasonic_hedghog.elf  > "alfred_ultrasonic_hedghog.list"
   text	   data	    bss	    dec	    hex	filename
   4380	      4	   1588	   5972	   1754	alfred_ultrasonic_hedghog.elf
Finished building: default.size.stdout
 
Finished building: alfred_ultrasonic_hedghog.list
 
13:04:05 **** Incremental Build of configuration Debug for project alfred_ultrasonic_hedghog ****
make -j12 all 
arm-none-eabi-size  alfred_ultrasonic_hedghog.elf 
   text	   data	    bss	    dec	    hex	filename
   4380	      4	   1588	   5972	   1754	alfred_ultrasonic_hedghog.elf
Finished building: default.size.stdout
 
15:29:43 **** Build of configuration Debug for project alfred_ultrasonic_hedghog ****
make -j12 all 
arm-none-eabi-gcc "../Core/Src/main.c" -mcpu=cortex-m0 -std=gnu11 -g3 -DDEBUG -DSTM32F030x6 -DUSE_FULL_LL_DRIVER -DHSE_VALUE=8000000 -DHSE_STARTUP_TIMEOUT=100 -DLSE_STARTUP_TIMEOUT=5000 -DLSE_VALUE=32768 -DHSI_VALUE=8000000 -DLSI_VALUE=40000 -DVDD_VALUE=3300 -DPREFETCH_ENABLE=1 -DINSTRUCTION_CACHE_ENABLE=0 -DDATA_CACHE_ENABLE=0 -c -I../Core/Inc -I../Drivers/STM32F0xx_HAL_Driver/Inc -I../Drivers/CMSIS/Device/ST/STM32F0xx/Include -I../Drivers/CMSIS/Include -O0 -ffunction-sections -fdata-sections -Wall -fstack-usage -fcyclomatic-complexity -MMD -MP -MF"Core/Src/main.d" -MT"Core/Src/main.o" --specs=nano.specs -mfloat-abi=soft -mthumb -o "Core/Src/main.o"
../Core/Src/main.c:105:9: note: '#pragma message: [CONFIG] ACTIVE_FREQ = 40 kHz'
  105 | #pragma message ("[CONFIG] ACTIVE_FREQ = 40 kHz")
      |         ^~~~~~~
arm-none-eabi-gcc -o "alfred_ultrasonic_hedghog.elf" @"objects.list"   -mcpu=cortex-m0 -T"C:\Users\Alfred\STM32CubeIDE\workspace_1.19.0\alfred_ultrasonic_hedghog\STM32F030F4PX_FLASH.ld" --specs=nosys.specs -Wl,-Map="alfred_ultrasonic_hedghog.map" -Wl,--gc-sections -static --specs=nano.specs -mfloat-abi=soft -mthumb -Wl,--start-group -lc -lm -Wl,--end-group
Finished building target: alfred_ultrasonic_hedghog.elf
 
arm-none-eabi-size  alfred_ultrasonic_hedghog.elf 
arm-none-eabi-objdump -h -S alfred_ultrasonic_hedghog.elf  > "alfred_ultrasonic_hedghog.list"
   text	   data	    bss	    dec	    hex	filename
   4380	      4	   1588	   5972	   1754	alfred_ultrasonic_hedghog.elf
Finished building: default.size.stdout
 
Finished building: alfred_ultrasonic_hedghog.list
 
15:31:37 **** Incremental Build of configuration Debug for project alfred_ultrasonic_hedghog ****
make -j12 all 
arm-none-eabi-size  alfred_ultrasonic_hedghog.elf 
   text	   data	    bss	    dec	    hex	filename
   4380	      4	   1588	   5972	   1754	alfred_ultrasonic_hedghog.elf
Finished building: default.size.stdout
 
16:19:47 **** Incremental Build of configuration Debug for project alfred_ultrasonic_hedghog ****
make -j12 all 
arm-none-eabi-gcc "../Core/Src/main.c" -mcpu=cortex-m0 -std=gnu11 -g3 -DDEBUG -DSTM32F030x6 -DUSE_FULL_LL_DRIVER -DHSE_VALUE=8000000 -DHSE_STARTUP_TIMEOUT=100 -DLSE_STARTUP_TIMEOUT=5000 -DLSE_VALUE=32768 -DHSI_VALUE=8000000 -DLSI_VALUE=40000 -DVDD_VALUE=3300 -DPREFETCH_ENABLE=1 -DINSTRUCTION_CACHE_ENABLE=0 -DDATA_CACHE_ENABLE=0 -c -I../Core/Inc -I../Drivers/STM32F0xx_HAL_Driver/Inc -I../Drivers/CMSIS/Device/ST/STM32F0xx/Include -I../Drivers/CMSIS/Include -O0 -ffunction-sections -fdata-sections -Wall -fstack-usage -fcyclomatic-complexity -MMD -MP -MF"Core/Src/main.d" -MT"Core/Src/main.o" --specs=nano.specs -mfloat-abi=soft -mthumb -o "Core/Src/main.o"
../Core/Src/main.c:105:9: note: '#pragma message: [CONFIG] ACTIVE_FREQ = 40 kHz'
  105 | #pragma message ("[CONFIG] ACTIVE_FREQ = 40 kHz")
      |         ^~~~~~~
arm-none-eabi-gcc -o "alfred_ultrasonic_hedghog.elf" @"objects.list"   -mcpu=cortex-m0 -T"C:\Users\Alfred\STM32CubeIDE\workspace_1.19.0\alfred_ultrasonic_hedghog\STM32F030F4PX_FLASH.ld" --specs=nosys.specs -Wl,-Map="alfred_ultrasonic_hedghog.map" -Wl,--gc-sections -static --specs=nano.specs -mfloat-abi=soft -mthumb -Wl,--start-group -lc -lm -Wl,--end-group
Finished building target: alfred_ultrasonic_hedghog.elf
 
arm-none-eabi-size  alfred_ultrasonic_hedghog.elf 
arm-none-eabi-objdump -h -S alfred_ultrasonic_hedghog.elf  > "alfred_ultrasonic_hedghog.list"
   text	   data	    bss	    dec	    hex	filename
   4380	      4	   1588	   5972	   1754	alfred_ultrasonic_hedghog.elf
Finished building: default.size.stdout
 
Finished building: alfred_ultrasonic_hedghog.list
 
16:35:10 **** Incremental Build of configuration Debug for project alfred_ultrasonic_hedghog ****
make -j12 all 
arm-none-eabi-gcc "../Core/Src/main.c" -mcpu=cortex-m0 -std=gnu11 -g3 -DDEBUG -DSTM32F030x6 -DUSE_FULL_LL_DRIVER -DHSE_VALUE=8000000 -DHSE_STARTUP_TIMEOUT=100 -DLSE_STARTUP_TIMEOUT=5000 -DLSE_VALUE=32768 -DHSI_VALUE=8000000 -DLSI_VALUE=40000 -DVDD_VALUE=3300 -DPREFETCH_ENABLE=1 -DINSTRUCTION_CACHE_ENABLE=0 -DDATA_CACHE_ENABLE=0 -c -I../Core/Inc -I../Drivers/STM32F0xx_HAL_Driver/Inc -I../Drivers/CMSIS/Device/ST/STM32F0xx/Include -I../Drivers/CMSIS/Include -O0 -ffunction-sections -fdata-sections -Wall -fstack-usage -fcyclomatic-complexity -MMD -MP -MF"Core/Src/main.d" -MT"Core/Src/main.o" --specs=nano.specs -mfloat-abi=soft -mthumb -o "Core/Src/main.o"
arm-none-eabi-gcc -o "alfred_ultrasonic_hedghog.elf" @"objects.list"   -mcpu=cortex-m0 -T"C:\Users\Alfred\STM32CubeIDE\workspace_1.19.0\alfred_ultrasonic_hedghog\STM32F030F4PX_FLASH.ld" --specs=nosys.specs -Wl,-Map="alfred_ultrasonic_hedghog.map" -Wl,--gc-sections -static --specs=nano.specs -mfloat-abi=soft -mthumb -Wl,--start-group -lc -lm -Wl,--end-group
Finished building target: alfred_ultrasonic_hedghog.elf
 
arm-none-eabi-size  alfred_ultrasonic_hedghog.elf 
arm-none-eabi-objdump -h -S alfred_ultrasonic_hedghog.elf  > "alfred_ultrasonic_hedghog.list"
   text	   data	    bss	    dec	    hex	filename
   4372	      4	   1588	   5964	   174c	alfred_ultrasonic_hedghog.elf
Finished building: default.size.stdout
 
Finished building: alfred_ultrasonic_hedghog.list
 
16:38:33 **** Incremental Build of configuration Debug for project alfred_ultrasonic_hedghog ****
make -j12 all 
arm-none-eabi-gcc "../Core/Src/main.c" -mcpu=cortex-m0 -std=gnu11 -g3 -DDEBUG -DSTM32F030x6 -DUSE_FULL_LL_DRIVER -DHSE_VALUE=8000000 -DHSE_STARTUP_TIMEOUT=100 -DLSE_STARTUP_TIMEOUT=5000 -DLSE_VALUE=32768 -DHSI_VALUE=8000000 -DLSI_VALUE=40000 -DVDD_VALUE=3300 -DPREFETCH_ENABLE=1 -DINSTRUCTION_CACHE_ENABLE=0 -DDATA_CACHE_ENABLE=0 -c -I../Core/Inc -I../Drivers/STM32F0xx_HAL_Driver/Inc -I../Drivers/CMSIS/Device/ST/STM32F0xx/Include -I../Drivers/CMSIS/Include -O0 -ffunction-sections -fdata-sections -Wall -fstack-usage -fcyclomatic-complexity -MMD -MP -MF"Core/Src/main.d" -MT"Core/Src/main.o" --specs=nano.specs -mfloat-abi=soft -mthumb -o "Core/Src/main.o"
arm-none-eabi-gcc -o "alfred_ultrasonic_hedghog.elf" @"objects.list"   -mcpu=cortex-m0 -T"C:\Users\Alfred\STM32CubeIDE\workspace_1.19.0\alfred_ultrasonic_hedghog\STM32F030F4PX_FLASH.ld" --specs=nosys.specs -Wl,-Map="alfred_ultrasonic_hedghog.map" -Wl,--gc-sections -static --specs=nano.specs -mfloat-abi=soft -mthumb -Wl,--start-group -lc -lm -Wl,--end-group
Finished building target: alfred_ultrasonic_hedghog.elf
 
arm-none-eabi-size  alfred_ultrasonic_hedghog.elf 
arm-none-eabi-objdump -h -S alfred_ultrasonic_hedghog.elf  > "alfred_ultrasonic_hedghog.list"
   text	   data	    bss	    dec	    hex	filename
   4376	      4	   1588	   5968	   1750	alfred_ultrasonic_hedghog.elf
Finished building: default.size.stdout
 
Finished building: alfred_ultrasonic_hedghog.list
 
14:15:51 **** Build of configuration Debug for project alfred_ultrasonic_hedghog ****
make -j12 all 
arm-none-eabi-gcc "../Core/Src/main.c" -mcpu=cortex-m0 -std=gnu11 -g3 -DDEBUG -DSTM32F030x6 -DUSE_FULL_LL_DRIVER -DHSE_VALUE=8000000 -DHSE_STARTUP_TIMEOUT=100 -DLSE_STARTUP_TIMEOUT=5000 -DLSE_VALUE=32768 -DHSI_VALUE=8000000 -DLSI_VALUE=40000 -DVDD_VALUE=3300 -DPREFETCH_ENABLE=1 -DINSTRUCTION_CACHE_ENABLE=0 -DDATA_CACHE_ENABLE=0 -c -I../Core/Inc -I../Drivers/STM32F0xx_HAL_Driver/Inc -I../Drivers/CMSIS/Device/ST/STM32F0xx/Include -I../Drivers/CMSIS/Include -O0 -ffunction-sections -fdata-sections -Wall -fstack-usage -fcyclomatic-complexity -MMD -MP -MF"Core/Src/main.d" -MT"Core/Src/main.o" --specs=nano.specs -mfloat-abi=soft -mthumb -o "Core/Src/main.o"
arm-none-eabi-gcc -o "alfred_ultrasonic_hedghog.elf" @"objects.list"   -mcpu=cortex-m0 -T"C:\Users\Alfred\STM32CubeIDE\workspace_1.19.0\alfred_ultrasonic_hedghog\STM32F030F4PX_FLASH.ld" --specs=nosys.specs -Wl,-Map="alfred_ultrasonic_hedghog.map" -Wl,--gc-sections -static --specs=nano.specs -mfloat-abi=soft -mthumb -Wl,--start-group -lc -lm -Wl,--end-group
Finished building target: alfred_ultrasonic_hedghog.elf
 
arm-none-eabi-size  alfred_ultrasonic_hedghog.elf 
arm-none-eabi-objdump -h -S alfred_ultrasonic_hedghog.elf  > "alfred_ultrasonic_hedghog.list"
   text	   data	    bss	    dec	    hex	filename
   4376	      4	   1588	   5968	   1750	alfred_ultrasonic_hedghog.elf
Finished building: default.size.stdout
 
Finished building: alfred_ultrasonic_hedghog.list
 
16:20:20 **** Incremental Build of configuration Debug for project alfred_ultrasonic_hedghog ****
make -j12 all 
arm-none-eabi-gcc "../Core/Src/main.c" -mcpu=cortex-m0 -std=gnu11 -g3 -DDEBUG -DSTM32F030x6 -DUSE_FULL_LL_DRIVER -DHSE_VALUE=8000000 -DHSE_STARTUP_TIMEOUT=100 -DLSE_STARTUP_TIMEOUT=5000 -DLSE_VALUE=32768 -DHSI_VALUE=8000000 -DLSI_VALUE=40000 -DVDD_VALUE=3300 -DPREFETCH_ENABLE=1 -DINSTRUCTION_CACHE_ENABLE=0 -DDATA_CACHE_ENABLE=0 -c -I../Core/Inc -I../Drivers/STM32F0xx_HAL_Driver/Inc -I../Drivers/CMSIS/Device/ST/STM32F0xx/Include -I../Drivers/CMSIS/Include -O0 -ffunction-sections -fdata-sections -Wall -fstack-usage -fcyclomatic-complexity -MMD -MP -MF"Core/Src/main.d" -MT"Core/Src/main.o" --specs=nano.specs -mfloat-abi=soft -mthumb -o "Core/Src/main.o"
arm-none-eabi-gcc -o "alfred_ultrasonic_hedghog.elf" @"objects.list"   -mcpu=cortex-m0 -T"C:\Users\Alfred\STM32CubeIDE\workspace_1.19.0\alfred_ultrasonic_hedghog\STM32F030F4PX_FLASH.ld" --specs=nosys.specs -Wl,-Map="alfred_ultrasonic_hedghog.map" -Wl,--gc-sections -static --specs=nano.specs -mfloat-abi=soft -mthumb -Wl,--start-group -lc -lm -Wl,--end-group
Finished building target: alfred_ultrasonic_hedghog.elf
 
arm-none-eabi-size  alfred_ultrasonic_hedghog.elf 
arm-none-eabi-objdump -h -S alfred_ultrasonic_hedghog.elf  > "alfred_ultrasonic_hedghog.list"
   text	   data	    bss	    dec	    hex	filename
   4376	      4	   1588	   5968	   1750	alfred_ultrasonic_hedghog.elf
Finished building: default.size.stdout
 
Finished building: alfred_ultrasonic_hedghog.list
 
17:00:05 **** Incremental Build of configuration Debug for project alfred_ultrasonic_hedghog ****
make -j12 all 
arm-none-eabi-gcc "../Core/Src/main.c" -mcpu=cortex-m0 -std=gnu11 -g3 -DDEBUG -DSTM32F030x6 -DUSE_FULL_LL_DRIVER -DHSE_VALUE=8000000 -DHSE_STARTUP_TIMEOUT=100 -DLSE_STARTUP_TIMEOUT=5000 -DLSE_VALUE=32768 -DHSI_VALUE=8000000 -DLSI_VALUE=40000 -DVDD_VALUE=3300 -DPREFETCH_ENABLE=1 -DINSTRUCTION_CACHE_ENABLE=0 -DDATA_CACHE_ENABLE=0 -c -I../Core/Inc -I../Drivers/STM32F0xx_HAL_Driver/Inc -I../Drivers/CMSIS/Device/ST/STM32F0xx/Include -I../Drivers/CMSIS/Include -O0 -ffunction-sections -fdata-sections -Wall -fstack-usage -fcyclomatic-complexity -MMD -MP -MF"Core/Src/main.d" -MT"Core/Src/main.o" --specs=nano.specs -mfloat-abi=soft -mthumb -o "Core/Src/main.o"
arm-none-eabi-gcc -o "alfred_ultrasonic_hedghog.elf" @"objects.list"   -mcpu=cortex-m0 -T"C:\Users\Alfred\STM32CubeIDE\workspace_1.19.0\alfred_ultrasonic_hedghog\STM32F030F4PX_FLASH.ld" --specs=nosys.specs -Wl,-Map="alfred_ultrasonic_hedghog.map" -Wl,--gc-sections -static --specs=nano.specs -mfloat-abi=soft -mthumb -Wl,--start-group -lc -lm -Wl,--end-group
Finished building target: alfred_ultrasonic_hedghog.elf
 
arm-none-eabi-size  alfred_ultrasonic_hedghog.elf 
arm-none-eabi-objdump -h -S alfred_ultrasonic_hedghog.elf  > "alfred_ultrasonic_hedghog.list"
   text	   data	    bss	    dec	    hex	filename
   4376	      4	   1588	   5968	   1750	alfred_ultrasonic_hedghog.elf
Finished building: default.size.stdout
 
Finished building: alfred_ultrasonic_hedghog.list
 
17:04:18 **** Incremental Build of configuration Debug for project alfred_ultrasonic_hedghog ****
make -j12 all 
arm-none-eabi-gcc "../Core/Src/main.c" -mcpu=cortex-m0 -std=gnu11 -g3 -DDEBUG -DSTM32F030x6 -DUSE_FULL_LL_DRIVER -DHSE_VALUE=8000000 -DHSE_STARTUP_TIMEOUT=100 -DLSE_STARTUP_TIMEOUT=5000 -DLSE_VALUE=32768 -DHSI_VALUE=8000000 -DLSI_VALUE=40000 -DVDD_VALUE=3300 -DPREFETCH_ENABLE=1 -DINSTRUCTION_CACHE_ENABLE=0 -DDATA_CACHE_ENABLE=0 -c -I../Core/Inc -I../Drivers/STM32F0xx_HAL_Driver/Inc -I../Drivers/CMSIS/Device/ST/STM32F0xx/Include -I../Drivers/CMSIS/Include -O0 -ffunction-sections -fdata-sections -Wall -fstack-usage -fcyclomatic-complexity -MMD -MP -MF"Core/Src/main.d" -MT"Core/Src/main.o" --specs=nano.specs -mfloat-abi=soft -mthumb -o "Core/Src/main.o"
arm-none-eabi-gcc -o "alfred_ultrasonic_hedghog.elf" @"objects.list"   -mcpu=cortex-m0 -T"C:\Users\Alfred\STM32CubeIDE\workspace_1.19.0\alfred_ultrasonic_hedghog\STM32F030F4PX_FLASH.ld" --specs=nosys.specs -Wl,-Map="alfred_ultrasonic_hedghog.map" -Wl,--gc-sections -static --specs=nano.specs -mfloat-abi=soft -mthumb -Wl,--start-group -lc -lm -Wl,--end-group
Finished building target: alfred_ultrasonic_hedghog.elf
 
arm-none-eabi-size  alfred_ultrasonic_hedghog.elf 
arm-none-eabi-objdump -h -S alfred_ultrasonic_hedghog.elf  > "alfred_ultrasonic_hedghog.list"
   text	   data	    bss	    dec	    hex	filename
   4376	      4	   1588	   5968	   1750	alfred_ultrasonic_hedghog.elf
Finished building: default.size.stdout
 
Finished building: alfred_ultrasonic_hedghog.list
 
17:06:29 **** Incremental Build of configuration Debug for project alfred_ultrasonic_hedghog ****
make -j12 all 
arm-none-eabi-gcc "../Core/Src/main.c" -mcpu=cortex-m0 -std=gnu11 -g3 -DDEBUG -DSTM32F030x6 -DUSE_FULL_LL_DRIVER -DHSE_VALUE=8000000 -DHSE_STARTUP_TIMEOUT=100 -DLSE_STARTUP_TIMEOUT=5000 -DLSE_VALUE=32768 -DHSI_VALUE=8000000 -DLSI_VALUE=40000 -DVDD_VALUE=3300 -DPREFETCH_ENABLE=1 -DINSTRUCTION_CACHE_ENABLE=0 -DDATA_CACHE_ENABLE=0 -c -I../Core/Inc -I../Drivers/STM32F0xx_HAL_Driver/Inc -I../Drivers/CMSIS/Device/ST/STM32F0xx/Include -I../Drivers/CMSIS/Include -O0 -ffunction-sections -fdata-sections -Wall -fstack-usage -fcyclomatic-complexity -MMD -MP -MF"Core/Src/main.d" -MT"Core/Src/main.o" --specs=nano.specs -mfloat-abi=soft -mthumb -o "Core/Src/main.o"
arm-none-eabi-gcc -o "alfred_ultrasonic_hedghog.elf" @"objects.list"   -mcpu=cortex-m0 -T"C:\Users\Alfred\STM32CubeIDE\workspace_1.19.0\alfred_ultrasonic_hedghog\STM32F030F4PX_FLASH.ld" --specs=nosys.specs -Wl,-Map="alfred_ultrasonic_hedghog.map" -Wl,--gc-sections -static --specs=nano.specs -mfloat-abi=soft -mthumb -Wl,--start-group -lc -lm -Wl,--end-group
Finished building target: alfred_ultrasonic_hedghog.elf
 
arm-none-eabi-size  alfred_ultrasonic_hedghog.elf 
arm-none-eabi-objdump -h -S alfred_ultrasonic_hedghog.elf  > "alfred_ultrasonic_hedghog.list"
   text	   data	    bss	    dec	    hex	filename
   4376	      4	   1588	   5968	   1750	alfred_ultrasonic_hedghog.elf
Finished building: default.size.stdout
 
Finished building: alfred_ultrasonic_hedghog.list
 
18:06:41 **** Incremental Build of configuration Debug for project alfred_ultrasonic_hedghog ****
make -j12 all 
arm-none-eabi-gcc "../Core/Src/main.c" -mcpu=cortex-m0 -std=gnu11 -g3 -DDEBUG -DSTM32F030x6 -DUSE_FULL_LL_DRIVER -DHSE_VALUE=8000000 -DHSE_STARTUP_TIMEOUT=100 -DLSE_STARTUP_TIMEOUT=5000 -DLSE_VALUE=32768 -DHSI_VALUE=8000000 -DLSI_VALUE=40000 -DVDD_VALUE=3300 -DPREFETCH_ENABLE=1 -DINSTRUCTION_CACHE_ENABLE=0 -DDATA_CACHE_ENABLE=0 -c -I../Core/Inc -I../Drivers/STM32F0xx_HAL_Driver/Inc -I../Drivers/CMSIS/Device/ST/STM32F0xx/Include -I../Drivers/CMSIS/Include -O0 -ffunction-sections -fdata-sections -Wall -fstack-usage -fcyclomatic-complexity -MMD -MP -MF"Core/Src/main.d" -MT"Core/Src/main.o" --specs=nano.specs -mfloat-abi=soft -mthumb -o "Core/Src/main.o"
arm-none-eabi-gcc -o "alfred_ultrasonic_hedghog.elf" @"objects.list"   -mcpu=cortex-m0 -T"C:\Users\Alfred\STM32CubeIDE\workspace_1.19.0\alfred_ultrasonic_hedghog\STM32F030F4PX_FLASH.ld" --specs=nosys.specs -Wl,-Map="alfred_ultrasonic_hedghog.map" -Wl,--gc-sections -static --specs=nano.specs -mfloat-abi=soft -mthumb -Wl,--start-group -lc -lm -Wl,--end-group
Finished building target: alfred_ultrasonic_hedghog.elf
 
arm-none-eabi-size  alfred_ultrasonic_hedghog.elf 
arm-none-eabi-objdump -h -S alfred_ultrasonic_hedghog.elf  > "alfred_ultrasonic_hedghog.list"
   text	   data	    bss	    dec	    hex	filename
   4404	      4	   1588	   5996	   176c	alfred_ultrasonic_hedghog.elf
Finished building: default.size.stdout
 
Finished building: alfred_ultrasonic_hedghog.list
 
18:22:44 **** Incremental Build of configuration Debug for project alfred_ultrasonic_hedghog ****
make -j12 all 
arm-none-eabi-gcc "../Core/Src/main.c" -mcpu=cortex-m0 -std=gnu11 -g3 -DDEBUG -DSTM32F030x6 -DUSE_FULL_LL_DRIVER -DHSE_VALUE=8000000 -DHSE_STARTUP_TIMEOUT=100 -DLSE_STARTUP_TIMEOUT=5000 -DLSE_VALUE=32768 -DHSI_VALUE=8000000 -DLSI_VALUE=40000 -DVDD_VALUE=3300 -DPREFETCH_ENABLE=1 -DINSTRUCTION_CACHE_ENABLE=0 -DDATA_CACHE_ENABLE=0 -c -I../Core/Inc -I../Drivers/STM32F0xx_HAL_Driver/Inc -I../Drivers/CMSIS/Device/ST/STM32F0xx/Include -I../Drivers/CMSIS/Include -O0 -ffunction-sections -fdata-sections -Wall -fstack-usage -fcyclomatic-complexity -MMD -MP -MF"Core/Src/main.d" -MT"Core/Src/main.o" --specs=nano.specs -mfloat-abi=soft -mthumb -o "Core/Src/main.o"
arm-none-eabi-gcc -o "alfred_ultrasonic_hedghog.elf" @"objects.list"   -mcpu=cortex-m0 -T"C:\Users\Alfred\STM32CubeIDE\workspace_1.19.0\alfred_ultrasonic_hedghog\STM32F030F4PX_FLASH.ld" --specs=nosys.specs -Wl,-Map="alfred_ultrasonic_hedghog.map" -Wl,--gc-sections -static --specs=nano.specs -mfloat-abi=soft -mthumb -Wl,--start-group -lc -lm -Wl,--end-group
Finished building target: alfred_ultrasonic_hedghog.elf
 
arm-none-eabi-size  alfred_ultrasonic_hedghog.elf 
arm-none-eabi-objdump -h -S alfred_ultrasonic_hedghog.elf  > "alfred_ultrasonic_hedghog.list"
   text	   data	    bss	    dec	    hex	filename
   4408	      4	   1588	   6000	   1770	alfred_ultrasonic_hedghog.elf
Finished building: default.size.stdout
 
Finished building: alfred_ultrasonic_hedghog.list
 
18:23:09 **** Incremental Build of configuration Debug for project alfred_ultrasonic_hedghog ****
make -j12 all 
arm-none-eabi-size  alfred_ultrasonic_hedghog.elf 
   text	   data	    bss	    dec	    hex	filename
   4408	      4	   1588	   6000	   1770	alfred_ultrasonic_hedghog.elf
Finished building: default.size.stdout
 
18:25:27 **** Incremental Build of configuration Debug for project alfred_ultrasonic_hedghog ****
make -j12 all 
arm-none-eabi-gcc "../Core/Src/main.c" -mcpu=cortex-m0 -std=gnu11 -g3 -DDEBUG -DSTM32F030x6 -DUSE_FULL_LL_DRIVER -DHSE_VALUE=8000000 -DHSE_STARTUP_TIMEOUT=100 -DLSE_STARTUP_TIMEOUT=5000 -DLSE_VALUE=32768 -DHSI_VALUE=8000000 -DLSI_VALUE=40000 -DVDD_VALUE=3300 -DPREFETCH_ENABLE=1 -DINSTRUCTION_CACHE_ENABLE=0 -DDATA_CACHE_ENABLE=0 -c -I../Core/Inc -I../Drivers/STM32F0xx_HAL_Driver/Inc -I../Drivers/CMSIS/Device/ST/STM32F0xx/Include -I../Drivers/CMSIS/Include -O0 -ffunction-sections -fdata-sections -Wall -fstack-usage -fcyclomatic-complexity -MMD -MP -MF"Core/Src/main.d" -MT"Core/Src/main.o" --specs=nano.specs -mfloat-abi=soft -mthumb -o "Core/Src/main.o"
arm-none-eabi-gcc -o "alfred_ultrasonic_hedghog.elf" @"objects.list"   -mcpu=cortex-m0 -T"C:\Users\Alfred\STM32CubeIDE\workspace_1.19.0\alfred_ultrasonic_hedghog\STM32F030F4PX_FLASH.ld" --specs=nosys.specs -Wl,-Map="alfred_ultrasonic_hedghog.map" -Wl,--gc-sections -static --specs=nano.specs -mfloat-abi=soft -mthumb -Wl,--start-group -lc -lm -Wl,--end-group
Finished building target: alfred_ultrasonic_hedghog.elf
 
arm-none-eabi-size  alfred_ultrasonic_hedghog.elf 
arm-none-eabi-objdump -h -S alfred_ultrasonic_hedghog.elf  > "alfred_ultrasonic_hedghog.list"
   text	   data	    bss	    dec	    hex	filename
   4408	      4	   1588	   6000	   1770	alfred_ultrasonic_hedghog.elf
Finished building: default.size.stdout
 
Finished building: alfred_ultrasonic_hedghog.list
 
17:04:23 **** Incremental Build of configuration Debug for project alfred_ultrasonic_hedghog ****
make -j12 all 
arm-none-eabi-gcc "../Core/Src/main.c" -mcpu=cortex-m0 -std=gnu11 -g3 -DDEBUG -DSTM32F030x6 -DUSE_FULL_LL_DRIVER -DHSE_VALUE=8000000 -DHSE_STARTUP_TIMEOUT=100 -DLSE_STARTUP_TIMEOUT=5000 -DLSE_VALUE=32768 -DHSI_VALUE=8000000 -DLSI_VALUE=40000 -DVDD_VALUE=3300 -DPREFETCH_ENABLE=1 -DINSTRUCTION_CACHE_ENABLE=0 -DDATA_CACHE_ENABLE=0 -c -I../Core/Inc -I../Drivers/STM32F0xx_HAL_Driver/Inc -I../Drivers/CMSIS/Device/ST/STM32F0xx/Include -I../Drivers/CMSIS/Include -O0 -ffunction-sections -fdata-sections -Wall -fstack-usage -fcyclomatic-complexity -MMD -MP -MF"Core/Src/main.d" -MT"Core/Src/main.o" --specs=nano.specs -mfloat-abi=soft -mthumb -o "Core/Src/main.o"
arm-none-eabi-gcc -o "alfred_ultrasonic_hedghog.elf" @"objects.list"   -mcpu=cortex-m0 -T"C:\Users\Alfred\STM32CubeIDE\workspace_1.19.0\alfred_ultrasonic_hedghog\STM32F030F4PX_FLASH.ld" --specs=nosys.specs -Wl,-Map="alfred_ultrasonic_hedghog.map" -Wl,--gc-sections -static --specs=nano.specs -mfloat-abi=soft -mthumb -Wl,--start-group -lc -lm -Wl,--end-group
Finished building target: alfred_ultrasonic_hedghog.elf
 
arm-none-eabi-size  alfred_ultrasonic_hedghog.elf 
arm-none-eabi-objdump -h -S alfred_ultrasonic_hedghog.elf  > "alfred_ultrasonic_hedghog.list"
   text	   data	    bss	    dec	    hex	filename
   4532	      4	   1588	   6124	   17ec	alfred_ultrasonic_hedghog.elf
Finished building: default.size.stdout
 
Finished building: alfred_ultrasonic_hedghog.list
 
17:17:58 **** Incremental Build of configuration Debug for project alfred_ultrasonic_hedghog ****
make -j12 all 
arm-none-eabi-gcc "../Core/Src/main.c" -mcpu=cortex-m0 -std=gnu11 -g3 -DDEBUG -DSTM32F030x6 -DUSE_FULL_LL_DRIVER -DHSE_VALUE=8000000 -DHSE_STARTUP_TIMEOUT=100 -DLSE_STARTUP_TIMEOUT=5000 -DLSE_VALUE=32768 -DHSI_VALUE=8000000 -DLSI_VALUE=40000 -DVDD_VALUE=3300 -DPREFETCH_ENABLE=1 -DINSTRUCTION_CACHE_ENABLE=0 -DDATA_CACHE_ENABLE=0 -c -I../Core/Inc -I../Drivers/STM32F0xx_HAL_Driver/Inc -I../Drivers/CMSIS/Device/ST/STM32F0xx/Include -I../Drivers/CMSIS/Include -O0 -ffunction-sections -fdata-sections -Wall -fstack-usage -fcyclomatic-complexity -MMD -MP -MF"Core/Src/main.d" -MT"Core/Src/main.o" --specs=nano.specs -mfloat-abi=soft -mthumb -o "Core/Src/main.o"
arm-none-eabi-gcc -o "alfred_ultrasonic_hedghog.elf" @"objects.list"   -mcpu=cortex-m0 -T"C:\Users\Alfred\STM32CubeIDE\workspace_1.19.0\alfred_ultrasonic_hedghog\STM32F030F4PX_FLASH.ld" --specs=nosys.specs -Wl,-Map="alfred_ultrasonic_hedghog.map" -Wl,--gc-sections -static --specs=nano.specs -mfloat-abi=soft -mthumb -Wl,--start-group -lc -lm -Wl,--end-group
Finished building target: alfred_ultrasonic_hedghog.elf
 
arm-none-eabi-size  alfred_ultrasonic_hedghog.elf 
arm-none-eabi-objdump -h -S alfred_ultrasonic_hedghog.elf  > "alfred_ultrasonic_hedghog.list"
   text	   data	    bss	    dec	    hex	filename
   1868	      4	   1564	   3436	    d6c	alfred_ultrasonic_hedghog.elf
Finished building: default.size.stdout
 
Finished building: alfred_ultrasonic_hedghog.list
 
17:20:27 **** Incremental Build of configuration Debug for project alfred_ultrasonic_hedghog ****
make -j12 all 
arm-none-eabi-gcc "../Core/Src/main.c" -mcpu=cortex-m0 -std=gnu11 -g3 -DDEBUG -DSTM32F030x6 -DUSE_FULL_LL_DRIVER -DHSE_VALUE=8000000 -DHSE_STARTUP_TIMEOUT=100 -DLSE_STARTUP_TIMEOUT=5000 -DLSE_VALUE=32768 -DHSI_VALUE=8000000 -DLSI_VALUE=40000 -DVDD_VALUE=3300 -DPREFETCH_ENABLE=1 -DINSTRUCTION_CACHE_ENABLE=0 -DDATA_CACHE_ENABLE=0 -c -I../Core/Inc -I../Drivers/STM32F0xx_HAL_Driver/Inc -I../Drivers/CMSIS/Device/ST/STM32F0xx/Include -I../Drivers/CMSIS/Include -O0 -ffunction-sections -fdata-sections -Wall -fstack-usage -fcyclomatic-complexity -MMD -MP -MF"Core/Src/main.d" -MT"Core/Src/main.o" --specs=nano.specs -mfloat-abi=soft -mthumb -o "Core/Src/main.o"
arm-none-eabi-gcc -o "alfred_ultrasonic_hedghog.elf" @"objects.list"   -mcpu=cortex-m0 -T"C:\Users\Alfred\STM32CubeIDE\workspace_1.19.0\alfred_ultrasonic_hedghog\STM32F030F4PX_FLASH.ld" --specs=nosys.specs -Wl,-Map="alfred_ultrasonic_hedghog.map" -Wl,--gc-sections -static --specs=nano.specs -mfloat-abi=soft -mthumb -Wl,--start-group -lc -lm -Wl,--end-group
Finished building target: alfred_ultrasonic_hedghog.elf
 
arm-none-eabi-size  alfred_ultrasonic_hedghog.elf 
arm-none-eabi-objdump -h -S alfred_ultrasonic_hedghog.elf  > "alfred_ultrasonic_hedghog.list"
   text	   data	    bss	    dec	    hex	filename
   4408	      4	   1588	   6000	   1770	alfred_ultrasonic_hedghog.elf
Finished building: default.size.stdout
 
Finished building: alfred_ultrasonic_hedghog.list
 
17:24:05 **** Incremental Build of configuration Debug for project alfred_ultrasonic_hedghog ****
make -j12 all 
arm-none-eabi-gcc "../Core/Src/main.c" -mcpu=cortex-m0 -std=gnu11 -g3 -DDEBUG -DSTM32F030x6 -DUSE_FULL_LL_DRIVER -DHSE_VALUE=8000000 -DHSE_STARTUP_TIMEOUT=100 -DLSE_STARTUP_TIMEOUT=5000 -DLSE_VALUE=32768 -DHSI_VALUE=8000000 -DLSI_VALUE=40000 -DVDD_VALUE=3300 -DPREFETCH_ENABLE=1 -DINSTRUCTION_CACHE_ENABLE=0 -DDATA_CACHE_ENABLE=0 -c -I../Core/Inc -I../Drivers/STM32F0xx_HAL_Driver/Inc -I../Drivers/CMSIS/Device/ST/STM32F0xx/Include -I../Drivers/CMSIS/Include -O0 -ffunction-sections -fdata-sections -Wall -fstack-usage -fcyclomatic-complexity -MMD -MP -MF"Core/Src/main.d" -MT"Core/Src/main.o" --specs=nano.specs -mfloat-abi=soft -mthumb -o "Core/Src/main.o"
arm-none-eabi-gcc -o "alfred_ultrasonic_hedghog.elf" @"objects.list"   -mcpu=cortex-m0 -T"C:\Users\Alfred\STM32CubeIDE\workspace_1.19.0\alfred_ultrasonic_hedghog\STM32F030F4PX_FLASH.ld" --specs=nosys.specs -Wl,-Map="alfred_ultrasonic_hedghog.map" -Wl,--gc-sections -static --specs=nano.specs -mfloat-abi=soft -mthumb -Wl,--start-group -lc -lm -Wl,--end-group
Finished building target: alfred_ultrasonic_hedghog.elf
 
arm-none-eabi-size  alfred_ultrasonic_hedghog.elf 
arm-none-eabi-objdump -h -S alfred_ultrasonic_hedghog.elf  > "alfred_ultrasonic_hedghog.list"
   text	   data	    bss	    dec	    hex	filename
   4252	      4	   1580	   5836	   16cc	alfred_ultrasonic_hedghog.elf
Finished building: default.size.stdout
 
Finished building: alfred_ultrasonic_hedghog.list
 
17:29:48 **** Incremental Build of configuration Debug for project alfred_ultrasonic_hedghog ****
make -j12 all 
arm-none-eabi-gcc "../Core/Src/main.c" -mcpu=cortex-m0 -std=gnu11 -g3 -DDEBUG -DSTM32F030x6 -DUSE_FULL_LL_DRIVER -DHSE_VALUE=8000000 -DHSE_STARTUP_TIMEOUT=100 -DLSE_STARTUP_TIMEOUT=5000 -DLSE_VALUE=32768 -DHSI_VALUE=8000000 -DLSI_VALUE=40000 -DVDD_VALUE=3300 -DPREFETCH_ENABLE=1 -DINSTRUCTION_CACHE_ENABLE=0 -DDATA_CACHE_ENABLE=0 -c -I../Core/Inc -I../Drivers/STM32F0xx_HAL_Driver/Inc -I../Drivers/CMSIS/Device/ST/STM32F0xx/Include -I../Drivers/CMSIS/Include -O0 -ffunction-sections -fdata-sections -Wall -fstack-usage -fcyclomatic-complexity -MMD -MP -MF"Core/Src/main.d" -MT"Core/Src/main.o" --specs=nano.specs -mfloat-abi=soft -mthumb -o "Core/Src/main.o"
arm-none-eabi-gcc -o "alfred_ultrasonic_hedghog.elf" @"objects.list"   -mcpu=cortex-m0 -T"C:\Users\Alfred\STM32CubeIDE\workspace_1.19.0\alfred_ultrasonic_hedghog\STM32F030F4PX_FLASH.ld" --specs=nosys.specs -Wl,-Map="alfred_ultrasonic_hedghog.map" -Wl,--gc-sections -static --specs=nano.specs -mfloat-abi=soft -mthumb -Wl,--start-group -lc -lm -Wl,--end-group
Finished building target: alfred_ultrasonic_hedghog.elf
 
arm-none-eabi-size  alfred_ultrasonic_hedghog.elf 
arm-none-eabi-objdump -h -S alfred_ultrasonic_hedghog.elf  > "alfred_ultrasonic_hedghog.list"
   text	   data	    bss	    dec	    hex	filename
   4252	      4	   1580	   5836	   16cc	alfred_ultrasonic_hedghog.elf
Finished building: default.size.stdout
 
Finished building: alfred_ultrasonic_hedghog.list
 
17:30:36 **** Incremental Build of configuration Debug for project alfred_ultrasonic_hedghog ****
make -j12 all 
arm-none-eabi-gcc "../Core/Src/main.c" -mcpu=cortex-m0 -std=gnu11 -g3 -DDEBUG -DSTM32F030x6 -DUSE_FULL_LL_DRIVER -DHSE_VALUE=8000000 -DHSE_STARTUP_TIMEOUT=100 -DLSE_STARTUP_TIMEOUT=5000 -DLSE_VALUE=32768 -DHSI_VALUE=8000000 -DLSI_VALUE=40000 -DVDD_VALUE=3300 -DPREFETCH_ENABLE=1 -DINSTRUCTION_CACHE_ENABLE=0 -DDATA_CACHE_ENABLE=0 -c -I../Core/Inc -I../Drivers/STM32F0xx_HAL_Driver/Inc -I../Drivers/CMSIS/Device/ST/STM32F0xx/Include -I../Drivers/CMSIS/Include -O0 -ffunction-sections -fdata-sections -Wall -fstack-usage -fcyclomatic-complexity -MMD -MP -MF"Core/Src/main.d" -MT"Core/Src/main.o" --specs=nano.specs -mfloat-abi=soft -mthumb -o "Core/Src/main.o"
arm-none-eabi-gcc -o "alfred_ultrasonic_hedghog.elf" @"objects.list"   -mcpu=cortex-m0 -T"C:\Users\Alfred\STM32CubeIDE\workspace_1.19.0\alfred_ultrasonic_hedghog\STM32F030F4PX_FLASH.ld" --specs=nosys.specs -Wl,-Map="alfred_ultrasonic_hedghog.map" -Wl,--gc-sections -static --specs=nano.specs -mfloat-abi=soft -mthumb -Wl,--start-group -lc -lm -Wl,--end-group
Finished building target: alfred_ultrasonic_hedghog.elf
 
arm-none-eabi-size  alfred_ultrasonic_hedghog.elf 
arm-none-eabi-objdump -h -S alfred_ultrasonic_hedghog.elf  > "alfred_ultrasonic_hedghog.list"
   text	   data	    bss	    dec	    hex	filename
   4252	      4	   1580	   5836	   16cc	alfred_ultrasonic_hedghog.elf
Finished building: default.size.stdout
 
Finished building: alfred_ultrasonic_hedghog.list
 
17:31:01 **** Incremental Build of configuration Debug for project alfred_ultrasonic_hedghog ****
make -j12 all 
arm-none-eabi-size  alfred_ultrasonic_hedghog.elf 
   text	   data	    bss	    dec	    hex	filename
   4252	      4	   1580	   5836	   16cc	alfred_ultrasonic_hedghog.elf
Finished building: default.size.stdout
 
16:33:05 **** Incremental Build of configuration Debug for project alfred_ultrasonic_hedghog ****
make -j12 all 
arm-none-eabi-gcc "../Core/Src/main.c" -mcpu=cortex-m0 -std=gnu11 -g3 -DDEBUG -DSTM32F030x6 -DUSE_FULL_LL_DRIVER -DHSE_VALUE=8000000 -DHSE_STARTUP_TIMEOUT=100 -DLSE_STARTUP_TIMEOUT=5000 -DLSE_VALUE=32768 -DHSI_VALUE=8000000 -DLSI_VALUE=40000 -DVDD_VALUE=3300 -DPREFETCH_ENABLE=1 -DINSTRUCTION_CACHE_ENABLE=0 -DDATA_CACHE_ENABLE=0 -c -I../Core/Inc -I../Drivers/STM32F0xx_HAL_Driver/Inc -I../Drivers/CMSIS/Device/ST/STM32F0xx/Include -I../Drivers/CMSIS/Include -O0 -ffunction-sections -fdata-sections -Wall -fstack-usage -fcyclomatic-complexity -MMD -MP -MF"Core/Src/main.d" -MT"Core/Src/main.o" --specs=nano.specs -mfloat-abi=soft -mthumb -o "Core/Src/main.o"
arm-none-eabi-gcc -o "alfred_ultrasonic_hedghog.elf" @"objects.list"   -mcpu=cortex-m0 -T"C:\Users\Alfred\STM32CubeIDE\workspace_1.19.0\alfred_ultrasonic_hedghog\STM32F030F4PX_FLASH.ld" --specs=nosys.specs -Wl,-Map="alfred_ultrasonic_hedghog.map" -Wl,--gc-sections -static --specs=nano.specs -mfloat-abi=soft -mthumb -Wl,--start-group -lc -lm -Wl,--end-group
Finished building target: alfred_ultrasonic_hedghog.elf
 
arm-none-eabi-size  alfred_ultrasonic_hedghog.elf 
arm-none-eabi-objdump -h -S alfred_ultrasonic_hedghog.elf  > "alfred_ultrasonic_hedghog.list"
   text	   data	    bss	    dec	    hex	filename
   4484	      4	   1588	   6076	   17bc	alfred_ultrasonic_hedghog.elf
Finished building: default.size.stdout
 
Finished building: alfred_ultrasonic_hedghog.list
 
17:44:30 **** Incremental Build of configuration Debug for project alfred_ultrasonic_hedghog ****
make -j12 all 
arm-none-eabi-size  alfred_ultrasonic_hedghog.elf 
   text	   data	    bss	    dec	    hex	filename
   4484	      4	   1588	   6076	   17bc	alfred_ultrasonic_hedghog.elf
Finished building: default.size.stdout
 
18:03:02 **** Incremental Build of configuration Debug for project alfred_ultrasonic_hedghog ****
make -j12 all 
arm-none-eabi-gcc "../Core/Src/main.c" -mcpu=cortex-m0 -std=gnu11 -g3 -DDEBUG -DSTM32F030x6 -DUSE_FULL_LL_DRIVER -DHSE_VALUE=8000000 -DHSE_STARTUP_TIMEOUT=100 -DLSE_STARTUP_TIMEOUT=5000 -DLSE_VALUE=32768 -DHSI_VALUE=8000000 -DLSI_VALUE=40000 -DVDD_VALUE=3300 -DPREFETCH_ENABLE=1 -DINSTRUCTION_CACHE_ENABLE=0 -DDATA_CACHE_ENABLE=0 -c -I../Core/Inc -I../Drivers/STM32F0xx_HAL_Driver/Inc -I../Drivers/CMSIS/Device/ST/STM32F0xx/Include -I../Drivers/CMSIS/Include -O0 -ffunction-sections -fdata-sections -Wall -fstack-usage -fcyclomatic-complexity -MMD -MP -MF"Core/Src/main.d" -MT"Core/Src/main.o" --specs=nano.specs -mfloat-abi=soft -mthumb -o "Core/Src/main.o"
arm-none-eabi-gcc -o "alfred_ultrasonic_hedghog.elf" @"objects.list"   -mcpu=cortex-m0 -T"C:\Users\Alfred\STM32CubeIDE\workspace_1.19.0\alfred_ultrasonic_hedghog\STM32F030F4PX_FLASH.ld" --specs=nosys.specs -Wl,-Map="alfred_ultrasonic_hedghog.map" -Wl,--gc-sections -static --specs=nano.specs -mfloat-abi=soft -mthumb -Wl,--start-group -lc -lm -Wl,--end-group
Finished building target: alfred_ultrasonic_hedghog.elf
 
arm-none-eabi-size  alfred_ultrasonic_hedghog.elf 
arm-none-eabi-objdump -h -S alfred_ultrasonic_hedghog.elf  > "alfred_ultrasonic_hedghog.list"
   text	   data	    bss	    dec	    hex	filename
   4484	      4	   1588	   6076	   17bc	alfred_ultrasonic_hedghog.elf
Finished building: default.size.stdout
 
Finished building: alfred_ultrasonic_hedghog.list
 
18:06:41 **** Incremental Build of configuration Debug for project alfred_ultrasonic_hedghog ****
make -j12 all 
arm-none-eabi-gcc "../Core/Src/main.c" -mcpu=cortex-m0 -std=gnu11 -g3 -DDEBUG -DSTM32F030x6 -DUSE_FULL_LL_DRIVER -DHSE_VALUE=8000000 -DHSE_STARTUP_TIMEOUT=100 -DLSE_STARTUP_TIMEOUT=5000 -DLSE_VALUE=32768 -DHSI_VALUE=8000000 -DLSI_VALUE=40000 -DVDD_VALUE=3300 -DPREFETCH_ENABLE=1 -DINSTRUCTION_CACHE_ENABLE=0 -DDATA_CACHE_ENABLE=0 -c -I../Core/Inc -I../Drivers/STM32F0xx_HAL_Driver/Inc -I../Drivers/CMSIS/Device/ST/STM32F0xx/Include -I../Drivers/CMSIS/Include -O0 -ffunction-sections -fdata-sections -Wall -fstack-usage -fcyclomatic-complexity -MMD -MP -MF"Core/Src/main.d" -MT"Core/Src/main.o" --specs=nano.specs -mfloat-abi=soft -mthumb -o "Core/Src/main.o"
arm-none-eabi-gcc -o "alfred_ultrasonic_hedghog.elf" @"objects.list"   -mcpu=cortex-m0 -T"C:\Users\Alfred\STM32CubeIDE\workspace_1.19.0\alfred_ultrasonic_hedghog\STM32F030F4PX_FLASH.ld" --specs=nosys.specs -Wl,-Map="alfred_ultrasonic_hedghog.map" -Wl,--gc-sections -static --specs=nano.specs -mfloat-abi=soft -mthumb -Wl,--start-group -lc -lm -Wl,--end-group
Finished building target: alfred_ultrasonic_hedghog.elf
 
arm-none-eabi-size  alfred_ultrasonic_hedghog.elf 
arm-none-eabi-objdump -h -S alfred_ultrasonic_hedghog.elf  > "alfred_ultrasonic_hedghog.list"
   text	   data	    bss	    dec	    hex	filename
   4484	      4	   1588	   6076	   17bc	alfred_ultrasonic_hedghog.elf
Finished building: default.size.stdout
 
Finished building: alfred_ultrasonic_hedghog.list
 
18:18:30 **** Incremental Build of configuration Debug for project alfred_ultrasonic_hedghog ****
make -j12 all 
arm-none-eabi-gcc "../Core/Src/main.c" -mcpu=cortex-m0 -std=gnu11 -g3 -DDEBUG -DSTM32F030x6 -DUSE_FULL_LL_DRIVER -DHSE_VALUE=8000000 -DHSE_STARTUP_TIMEOUT=100 -DLSE_STARTUP_TIMEOUT=5000 -DLSE_VALUE=32768 -DHSI_VALUE=8000000 -DLSI_VALUE=40000 -DVDD_VALUE=3300 -DPREFETCH_ENABLE=1 -DINSTRUCTION_CACHE_ENABLE=0 -DDATA_CACHE_ENABLE=0 -c -I../Core/Inc -I../Drivers/STM32F0xx_HAL_Driver/Inc -I../Drivers/CMSIS/Device/ST/STM32F0xx/Include -I../Drivers/CMSIS/Include -O0 -ffunction-sections -fdata-sections -Wall -fstack-usage -fcyclomatic-complexity -MMD -MP -MF"Core/Src/main.d" -MT"Core/Src/main.o" --specs=nano.specs -mfloat-abi=soft -mthumb -o "Core/Src/main.o"
arm-none-eabi-gcc -o "alfred_ultrasonic_hedghog.elf" @"objects.list"   -mcpu=cortex-m0 -T"C:\Users\Alfred\STM32CubeIDE\workspace_1.19.0\alfred_ultrasonic_hedghog\STM32F030F4PX_FLASH.ld" --specs=nosys.specs -Wl,-Map="alfred_ultrasonic_hedghog.map" -Wl,--gc-sections -static --specs=nano.specs -mfloat-abi=soft -mthumb -Wl,--start-group -lc -lm -Wl,--end-group
Finished building target: alfred_ultrasonic_hedghog.elf
 
arm-none-eabi-size  alfred_ultrasonic_hedghog.elf 
arm-none-eabi-objdump -h -S alfred_ultrasonic_hedghog.elf  > "alfred_ultrasonic_hedghog.list"
   text	   data	    bss	    dec	    hex	filename
   4484	      4	   1588	   6076	   17bc	alfred_ultrasonic_hedghog.elf
Finished building: default.size.stdout
 
Finished building: alfred_ultrasonic_hedghog.list
 
18:53:02 **** Incremental Build of configuration Debug for project alfred_ultrasonic_hedghog ****
make -j12 all 
arm-none-eabi-gcc "../Core/Src/main.c" -mcpu=cortex-m0 -std=gnu11 -g3 -DDEBUG -DSTM32F030x6 -DUSE_FULL_LL_DRIVER -DHSE_VALUE=8000000 -DHSE_STARTUP_TIMEOUT=100 -DLSE_STARTUP_TIMEOUT=5000 -DLSE_VALUE=32768 -DHSI_VALUE=8000000 -DLSI_VALUE=40000 -DVDD_VALUE=3300 -DPREFETCH_ENABLE=1 -DINSTRUCTION_CACHE_ENABLE=0 -DDATA_CACHE_ENABLE=0 -c -I../Core/Inc -I../Drivers/STM32F0xx_HAL_Driver/Inc -I../Drivers/CMSIS/Device/ST/STM32F0xx/Include -I../Drivers/CMSIS/Include -O0 -ffunction-sections -fdata-sections -Wall -fstack-usage -fcyclomatic-complexity -MMD -MP -MF"Core/Src/main.d" -MT"Core/Src/main.o" --specs=nano.specs -mfloat-abi=soft -mthumb -o "Core/Src/main.o"
arm-none-eabi-gcc -o "alfred_ultrasonic_hedghog.elf" @"objects.list"   -mcpu=cortex-m0 -T"C:\Users\Alfred\STM32CubeIDE\workspace_1.19.0\alfred_ultrasonic_hedghog\STM32F030F4PX_FLASH.ld" --specs=nosys.specs -Wl,-Map="alfred_ultrasonic_hedghog.map" -Wl,--gc-sections -static --specs=nano.specs -mfloat-abi=soft -mthumb -Wl,--start-group -lc -lm -Wl,--end-group
Finished building target: alfred_ultrasonic_hedghog.elf
 
arm-none-eabi-size  alfred_ultrasonic_hedghog.elf 
arm-none-eabi-objdump -h -S alfred_ultrasonic_hedghog.elf  > "alfred_ultrasonic_hedghog.list"
   text	   data	    bss	    dec	    hex	filename
   1852	      4	   1564	   3420	    d5c	alfred_ultrasonic_hedghog.elf
Finished building: default.size.stdout
 
Finished building: alfred_ultrasonic_hedghog.list
 
12:10:21 **** Incremental Build of configuration Debug for project alfred_ultrasonic_hedghog ****
make -j12 all 
arm-none-eabi-gcc "../Core/Src/main.c" -mcpu=cortex-m0 -std=gnu11 -g3 -DDEBUG -DSTM32F030x6 -DUSE_FULL_LL_DRIVER -DHSE_VALUE=8000000 -DHSE_STARTUP_TIMEOUT=100 -DLSE_STARTUP_TIMEOUT=5000 -DLSE_VALUE=32768 -DHSI_VALUE=8000000 -DLSI_VALUE=40000 -DVDD_VALUE=3300 -DPREFETCH_ENABLE=1 -DINSTRUCTION_CACHE_ENABLE=0 -DDATA_CACHE_ENABLE=0 -c -I../Core/Inc -I../Drivers/STM32F0xx_HAL_Driver/Inc -I../Drivers/CMSIS/Device/ST/STM32F0xx/Include -I../Drivers/CMSIS/Include -O0 -ffunction-sections -fdata-sections -Wall -fstack-usage -fcyclomatic-complexity -MMD -MP -MF"Core/Src/main.d" -MT"Core/Src/main.o" --specs=nano.specs -mfloat-abi=soft -mthumb -o "Core/Src/main.o"
arm-none-eabi-gcc -o "alfred_ultrasonic_hedghog.elf" @"objects.list"   -mcpu=cortex-m0 -T"C:\Users\Alfred\STM32CubeIDE\workspace_1.19.0\alfred_ultrasonic_hedghog\STM32F030F4PX_FLASH.ld" --specs=nosys.specs -Wl,-Map="alfred_ultrasonic_hedghog.map" -Wl,--gc-sections -static --specs=nano.specs -mfloat-abi=soft -mthumb -Wl,--start-group -lc -lm -Wl,--end-group
Finished building target: alfred_ultrasonic_hedghog.elf
 
arm-none-eabi-size  alfred_ultrasonic_hedghog.elf 
arm-none-eabi-objdump -h -S alfred_ultrasonic_hedghog.elf  > "alfred_ultrasonic_hedghog.list"
   text	   data	    bss	    dec	    hex	filename
   1852	      4	   1564	   3420	    d5c	alfred_ultrasonic_hedghog.elf
Finished building: default.size.stdout
 
Finished building: alfred_ultrasonic_hedghog.list
 
12:22:25 **** Incremental Build of configuration Debug for project alfred_ultrasonic_hedghog ****
make -j12 all 
arm-none-eabi-size  alfred_ultrasonic_hedghog.elf 
   text	   data	    bss	    dec	    hex	filename
   1852	      4	   1564	   3420	    d5c	alfred_ultrasonic_hedghog.elf
Finished building: default.size.stdout
 
12:22:48 **** Incremental Build of configuration Debug for project alfred_ultrasonic_hedghog ****
make -j12 all 
arm-none-eabi-size  alfred_ultrasonic_hedghog.elf 
   text	   data	    bss	    dec	    hex	filename
   1852	      4	   1564	   3420	    d5c	alfred_ultrasonic_hedghog.elf
Finished building: default.size.stdout
 
12:34:30 **** Incremental Build of configuration Debug for project alfred_ultrasonic_hedghog ****
make -j12 all 
arm-none-eabi-gcc "../Core/Src/main.c" -mcpu=cortex-m0 -std=gnu11 -g3 -DDEBUG -DSTM32F030x6 -DUSE_FULL_LL_DRIVER -DHSE_VALUE=8000000 -DHSE_STARTUP_TIMEOUT=100 -DLSE_STARTUP_TIMEOUT=5000 -DLSE_VALUE=32768 -DHSI_VALUE=8000000 -DLSI_VALUE=40000 -DVDD_VALUE=3300 -DPREFETCH_ENABLE=1 -DINSTRUCTION_CACHE_ENABLE=0 -DDATA_CACHE_ENABLE=0 -c -I../Core/Inc -I../Drivers/STM32F0xx_HAL_Driver/Inc -I../Drivers/CMSIS/Device/ST/STM32F0xx/Include -I../Drivers/CMSIS/Include -O0 -ffunction-sections -fdata-sections -Wall -fstack-usage -fcyclomatic-complexity -MMD -MP -MF"Core/Src/main.d" -MT"Core/Src/main.o" --specs=nano.specs -mfloat-abi=soft -mthumb -o "Core/Src/main.o"
arm-none-eabi-gcc -o "alfred_ultrasonic_hedghog.elf" @"objects.list"   -mcpu=cortex-m0 -T"C:\Users\Alfred\STM32CubeIDE\workspace_1.19.0\alfred_ultrasonic_hedghog\STM32F030F4PX_FLASH.ld" --specs=nosys.specs -Wl,-Map="alfred_ultrasonic_hedghog.map" -Wl,--gc-sections -static --specs=nano.specs -mfloat-abi=soft -mthumb -Wl,--start-group -lc -lm -Wl,--end-group
Finished building target: alfred_ultrasonic_hedghog.elf
 
arm-none-eabi-size  alfred_ultrasonic_hedghog.elf 
arm-none-eabi-objdump -h -S alfred_ultrasonic_hedghog.elf  > "alfred_ultrasonic_hedghog.list"
   text	   data	    bss	    dec	    hex	filename
   4484	      4	   1588	   6076	   17bc	alfred_ultrasonic_hedghog.elf
Finished building: default.size.stdout
 
Finished building: alfred_ultrasonic_hedghog.list
 
13:20:03 **** Incremental Build of configuration Debug for project alfred_ultrasonic_hedghog ****
make -j12 all 
arm-none-eabi-gcc "../Core/Src/main.c" -mcpu=cortex-m0 -std=gnu11 -g3 -DDEBUG -DSTM32F030x6 -DUSE_FULL_LL_DRIVER -DHSE_VALUE=8000000 -DHSE_STARTUP_TIMEOUT=100 -DLSE_STARTUP_TIMEOUT=5000 -DLSE_VALUE=32768 -DHSI_VALUE=8000000 -DLSI_VALUE=40000 -DVDD_VALUE=3300 -DPREFETCH_ENABLE=1 -DINSTRUCTION_CACHE_ENABLE=0 -DDATA_CACHE_ENABLE=0 -c -I../Core/Inc -I../Drivers/STM32F0xx_HAL_Driver/Inc -I../Drivers/CMSIS/Device/ST/STM32F0xx/Include -I../Drivers/CMSIS/Include -O0 -ffunction-sections -fdata-sections -Wall -fstack-usage -fcyclomatic-complexity -MMD -MP -MF"Core/Src/main.d" -MT"Core/Src/main.o" --specs=nano.specs -mfloat-abi=soft -mthumb -o "Core/Src/main.o"
../Core/Src/main.c:2:10: fatal error: system_init.h: No such file or directory
    2 | #include "system_init.h"
      |          ^~~~~~~~~~~~~~~
compilation terminated.
make: *** [Core/Src/subdir.mk:31: Core/Src/main.o] Error 1
"make -j12 all" terminated with exit code 2. Build might be incomplete.
13:31:45 **** Incremental Build of configuration Debug for project alfred_ultrasonic_hedghog ****
make -j12 all 
arm-none-eabi-gcc "../Core/Src/main.c" -mcpu=cortex-m0 -std=gnu11 -g3 -DDEBUG -DSTM32F030x6 -DUSE_FULL_LL_DRIVER -DHSE_VALUE=8000000 -DHSE_STARTUP_TIMEOUT=100 -DLSE_STARTUP_TIMEOUT=5000 -DLSE_VALUE=32768 -DHSI_VALUE=8000000 -DLSI_VALUE=40000 -DVDD_VALUE=3300 -DPREFETCH_ENABLE=1 -DINSTRUCTION_CACHE_ENABLE=0 -DDATA_CACHE_ENABLE=0 -c -I../Core/Inc -I../Drivers/STM32F0xx_HAL_Driver/Inc -I../Drivers/CMSIS/Device/ST/STM32F0xx/Include -I../Drivers/CMSIS/Include -O0 -ffunction-sections -fdata-sections -Wall -fstack-usage -fcyclomatic-complexity -MMD -MP -MF"Core/Src/main.d" -MT"Core/Src/main.o" --specs=nano.specs -mfloat-abi=soft -mthumb -o "Core/Src/main.o"
arm-none-eabi-gcc -o "alfred_ultrasonic_hedghog.elf" @"objects.list"   -mcpu=cortex-m0 -T"C:\Users\Alfred\STM32CubeIDE\workspace_1.19.0\alfred_ultrasonic_hedghog\STM32F030F4PX_FLASH.ld" --specs=nosys.specs -Wl,-Map="alfred_ultrasonic_hedghog.map" -Wl,--gc-sections -static --specs=nano.specs -mfloat-abi=soft -mthumb -Wl,--start-group -lc -lm -Wl,--end-group
Finished building target: alfred_ultrasonic_hedghog.elf
 
arm-none-eabi-size  alfred_ultrasonic_hedghog.elf 
arm-none-eabi-objdump -h -S alfred_ultrasonic_hedghog.elf  > "alfred_ultrasonic_hedghog.list"
   text	   data	    bss	    dec	    hex	filename
   4172	      4	   1588	   5764	   1684	alfred_ultrasonic_hedghog.elf
Finished building: default.size.stdout
 
Finished building: alfred_ultrasonic_hedghog.list
 
13:32:13 **** Incremental Build of configuration Debug for project alfred_ultrasonic_hedghog ****
make -j12 all 
arm-none-eabi-gcc "../Core/Src/main.c" -mcpu=cortex-m0 -std=gnu11 -g3 -DDEBUG -DSTM32F030x6 -DUSE_FULL_LL_DRIVER -DHSE_VALUE=8000000 -DHSE_STARTUP_TIMEOUT=100 -DLSE_STARTUP_TIMEOUT=5000 -DLSE_VALUE=32768 -DHSI_VALUE=8000000 -DLSI_VALUE=40000 -DVDD_VALUE=3300 -DPREFETCH_ENABLE=1 -DINSTRUCTION_CACHE_ENABLE=0 -DDATA_CACHE_ENABLE=0 -c -I../Core/Inc -I../Drivers/STM32F0xx_HAL_Driver/Inc -I../Drivers/CMSIS/Device/ST/STM32F0xx/Include -I../Drivers/CMSIS/Include -O0 -ffunction-sections -fdata-sections -Wall -fstack-usage -fcyclomatic-complexity -MMD -MP -MF"Core/Src/main.d" -MT"Core/Src/main.o" --specs=nano.specs -mfloat-abi=soft -mthumb -o "Core/Src/main.o"
arm-none-eabi-gcc -o "alfred_ultrasonic_hedghog.elf" @"objects.list"   -mcpu=cortex-m0 -T"C:\Users\Alfred\STM32CubeIDE\workspace_1.19.0\alfred_ultrasonic_hedghog\STM32F030F4PX_FLASH.ld" --specs=nosys.specs -Wl,-Map="alfred_ultrasonic_hedghog.map" -Wl,--gc-sections -static --specs=nano.specs -mfloat-abi=soft -mthumb -Wl,--start-group -lc -lm -Wl,--end-group
Finished building target: alfred_ultrasonic_hedghog.elf
 
arm-none-eabi-size  alfred_ultrasonic_hedghog.elf 
arm-none-eabi-objdump -h -S alfred_ultrasonic_hedghog.elf  > "alfred_ultrasonic_hedghog.list"
   text	   data	    bss	    dec	    hex	filename
   4172	      4	   1588	   5764	   1684	alfred_ultrasonic_hedghog.elf
Finished building: default.size.stdout
 
Finished building: alfred_ultrasonic_hedghog.list
 
13:32:56 **** Incremental Build of configuration Debug for project alfred_ultrasonic_hedghog ****
make -j12 all 
arm-none-eabi-size  alfred_ultrasonic_hedghog.elf 
   text	   data	    bss	    dec	    hex	filename
   4172	      4	   1588	   5764	   1684	alfred_ultrasonic_hedghog.elf
Finished building: default.size.stdout
 
13:33:13 **** Incremental Build of configuration Debug for project alfred_ultrasonic_hedghog ****
make -j12 all 
arm-none-eabi-size  alfred_ultrasonic_hedghog.elf 
   text	   data	    bss	    dec	    hex	filename
   4172	      4	   1588	   5764	   1684	alfred_ultrasonic_hedghog.elf
Finished building: default.size.stdout
 
13:46:26 **** Incremental Build of configuration Debug for project alfred_ultrasonic_hedghog ****
make -j12 all 
arm-none-eabi-gcc "../Core/Src/main.c" -mcpu=cortex-m0 -std=gnu11 -g3 -DDEBUG -DSTM32F030x6 -DUSE_FULL_LL_DRIVER -DHSE_VALUE=8000000 -DHSE_STARTUP_TIMEOUT=100 -DLSE_STARTUP_TIMEOUT=5000 -DLSE_VALUE=32768 -DHSI_VALUE=8000000 -DLSI_VALUE=40000 -DVDD_VALUE=3300 -DPREFETCH_ENABLE=1 -DINSTRUCTION_CACHE_ENABLE=0 -DDATA_CACHE_ENABLE=0 -c -I../Core/Inc -I../Drivers/STM32F0xx_HAL_Driver/Inc -I../Drivers/CMSIS/Device/ST/STM32F0xx/Include -I../Drivers/CMSIS/Include -O0 -ffunction-sections -fdata-sections -Wall -fstack-usage -fcyclomatic-complexity -MMD -MP -MF"Core/Src/main.d" -MT"Core/Src/main.o" --specs=nano.specs -mfloat-abi=soft -mthumb -o "Core/Src/main.o"
arm-none-eabi-gcc -o "alfred_ultrasonic_hedghog.elf" @"objects.list"   -mcpu=cortex-m0 -T"C:\Users\Alfred\STM32CubeIDE\workspace_1.19.0\alfred_ultrasonic_hedghog\STM32F030F4PX_FLASH.ld" --specs=nosys.specs -Wl,-Map="alfred_ultrasonic_hedghog.map" -Wl,--gc-sections -static --specs=nano.specs -mfloat-abi=soft -mthumb -Wl,--start-group -lc -lm -Wl,--end-group
Finished building target: alfred_ultrasonic_hedghog.elf
 
arm-none-eabi-size  alfred_ultrasonic_hedghog.elf 
arm-none-eabi-objdump -h -S alfred_ultrasonic_hedghog.elf  > "alfred_ultrasonic_hedghog.list"
   text	   data	    bss	    dec	    hex	filename
   4152	      4	   1580	   5736	   1668	alfred_ultrasonic_hedghog.elf
Finished building: default.size.stdout
 
Finished building: alfred_ultrasonic_hedghog.list
 
13:49:55 **** Incremental Build of configuration Debug for project alfred_ultrasonic_hedghog ****
make -j12 all 
arm-none-eabi-gcc "../Core/Src/main.c" -mcpu=cortex-m0 -std=gnu11 -g3 -DDEBUG -DSTM32F030x6 -DUSE_FULL_LL_DRIVER -DHSE_VALUE=8000000 -DHSE_STARTUP_TIMEOUT=100 -DLSE_STARTUP_TIMEOUT=5000 -DLSE_VALUE=32768 -DHSI_VALUE=8000000 -DLSI_VALUE=40000 -DVDD_VALUE=3300 -DPREFETCH_ENABLE=1 -DINSTRUCTION_CACHE_ENABLE=0 -DDATA_CACHE_ENABLE=0 -c -I../Core/Inc -I../Drivers/STM32F0xx_HAL_Driver/Inc -I../Drivers/CMSIS/Device/ST/STM32F0xx/Include -I../Drivers/CMSIS/Include -O0 -ffunction-sections -fdata-sections -Wall -fstack-usage -fcyclomatic-complexity -MMD -MP -MF"Core/Src/main.d" -MT"Core/Src/main.o" --specs=nano.specs -mfloat-abi=soft -mthumb -o "Core/Src/main.o"
arm-none-eabi-gcc -o "alfred_ultrasonic_hedghog.elf" @"objects.list"   -mcpu=cortex-m0 -T"C:\Users\Alfred\STM32CubeIDE\workspace_1.19.0\alfred_ultrasonic_hedghog\STM32F030F4PX_FLASH.ld" --specs=nosys.specs -Wl,-Map="alfred_ultrasonic_hedghog.map" -Wl,--gc-sections -static --specs=nano.specs -mfloat-abi=soft -mthumb -Wl,--start-group -lc -lm -Wl,--end-group
Finished building target: alfred_ultrasonic_hedghog.elf
 
arm-none-eabi-size  alfred_ultrasonic_hedghog.elf 
arm-none-eabi-objdump -h -S alfred_ultrasonic_hedghog.elf  > "alfred_ultrasonic_hedghog.list"
   text	   data	    bss	    dec	    hex	filename
   4296	      4	   1580	   5880	   16f8	alfred_ultrasonic_hedghog.elf
Finished building: default.size.stdout
 
Finished building: alfred_ultrasonic_hedghog.list
 
13:50:19 **** Incremental Build of configuration Debug for project alfred_ultrasonic_hedghog ****
make -j12 all 
arm-none-eabi-size  alfred_ultrasonic_hedghog.elf 
   text	   data	    bss	    dec	    hex	filename
   4296	      4	   1580	   5880	   16f8	alfred_ultrasonic_hedghog.elf
Finished building: default.size.stdout
 
13:54:50 **** Incremental Build of configuration Debug for project alfred_ultrasonic_hedghog ****
make -j12 all 
arm-none-eabi-gcc "../Core/Src/main.c" -mcpu=cortex-m0 -std=gnu11 -g3 -DDEBUG -DSTM32F030x6 -DUSE_FULL_LL_DRIVER -DHSE_VALUE=8000000 -DHSE_STARTUP_TIMEOUT=100 -DLSE_STARTUP_TIMEOUT=5000 -DLSE_VALUE=32768 -DHSI_VALUE=8000000 -DLSI_VALUE=40000 -DVDD_VALUE=3300 -DPREFETCH_ENABLE=1 -DINSTRUCTION_CACHE_ENABLE=0 -DDATA_CACHE_ENABLE=0 -c -I../Core/Inc -I../Drivers/STM32F0xx_HAL_Driver/Inc -I../Drivers/CMSIS/Device/ST/STM32F0xx/Include -I../Drivers/CMSIS/Include -O0 -ffunction-sections -fdata-sections -Wall -fstack-usage -fcyclomatic-complexity -MMD -MP -MF"Core/Src/main.d" -MT"Core/Src/main.o" --specs=nano.specs -mfloat-abi=soft -mthumb -o "Core/Src/main.o"
arm-none-eabi-gcc -o "alfred_ultrasonic_hedghog.elf" @"objects.list"   -mcpu=cortex-m0 -T"C:\Users\Alfred\STM32CubeIDE\workspace_1.19.0\alfred_ultrasonic_hedghog\STM32F030F4PX_FLASH.ld" --specs=nosys.specs -Wl,-Map="alfred_ultrasonic_hedghog.map" -Wl,--gc-sections -static --specs=nano.specs -mfloat-abi=soft -mthumb -Wl,--start-group -lc -lm -Wl,--end-group
Finished building target: alfred_ultrasonic_hedghog.elf
 
arm-none-eabi-size  alfred_ultrasonic_hedghog.elf 
arm-none-eabi-objdump -h -S alfred_ultrasonic_hedghog.elf  > "alfred_ultrasonic_hedghog.list"
   text	   data	    bss	    dec	    hex	filename
   4460	      4	   1588	   6052	   17a4	alfred_ultrasonic_hedghog.elf
Finished building: default.size.stdout
 
Finished building: alfred_ultrasonic_hedghog.list
 
13:58:29 **** Incremental Build of configuration Debug for project alfred_ultrasonic_hedghog ****
make -j12 all 
arm-none-eabi-gcc "../Core/Src/main.c" -mcpu=cortex-m0 -std=gnu11 -g3 -DDEBUG -DSTM32F030x6 -DUSE_FULL_LL_DRIVER -DHSE_VALUE=8000000 -DHSE_STARTUP_TIMEOUT=100 -DLSE_STARTUP_TIMEOUT=5000 -DLSE_VALUE=32768 -DHSI_VALUE=8000000 -DLSI_VALUE=40000 -DVDD_VALUE=3300 -DPREFETCH_ENABLE=1 -DINSTRUCTION_CACHE_ENABLE=0 -DDATA_CACHE_ENABLE=0 -c -I../Core/Inc -I../Drivers/STM32F0xx_HAL_Driver/Inc -I../Drivers/CMSIS/Device/ST/STM32F0xx/Include -I../Drivers/CMSIS/Include -O0 -ffunction-sections -fdata-sections -Wall -fstack-usage -fcyclomatic-complexity -MMD -MP -MF"Core/Src/main.d" -MT"Core/Src/main.o" --specs=nano.specs -mfloat-abi=soft -mthumb -o "Core/Src/main.o"
arm-none-eabi-gcc -o "alfred_ultrasonic_hedghog.elf" @"objects.list"   -mcpu=cortex-m0 -T"C:\Users\Alfred\STM32CubeIDE\workspace_1.19.0\alfred_ultrasonic_hedghog\STM32F030F4PX_FLASH.ld" --specs=nosys.specs -Wl,-Map="alfred_ultrasonic_hedghog.map" -Wl,--gc-sections -static --specs=nano.specs -mfloat-abi=soft -mthumb -Wl,--start-group -lc -lm -Wl,--end-group
Finished building target: alfred_ultrasonic_hedghog.elf
 
arm-none-eabi-size  alfred_ultrasonic_hedghog.elf 
arm-none-eabi-objdump -h -S alfred_ultrasonic_hedghog.elf  > "alfred_ultrasonic_hedghog.list"
   text	   data	    bss	    dec	    hex	filename
   4516	      4	   1596	   6116	   17e4	alfred_ultrasonic_hedghog.elf
Finished building: default.size.stdout
 
Finished building: alfred_ultrasonic_hedghog.list
 
14:04:59 **** Incremental Build of configuration Debug for project alfred_ultrasonic_hedghog ****
make -j12 all 
arm-none-eabi-gcc "../Core/Src/main.c" -mcpu=cortex-m0 -std=gnu11 -g3 -DDEBUG -DSTM32F030x6 -DUSE_FULL_LL_DRIVER -DHSE_VALUE=8000000 -DHSE_STARTUP_TIMEOUT=100 -DLSE_STARTUP_TIMEOUT=5000 -DLSE_VALUE=32768 -DHSI_VALUE=8000000 -DLSI_VALUE=40000 -DVDD_VALUE=3300 -DPREFETCH_ENABLE=1 -DINSTRUCTION_CACHE_ENABLE=0 -DDATA_CACHE_ENABLE=0 -c -I../Core/Inc -I../Drivers/STM32F0xx_HAL_Driver/Inc -I../Drivers/CMSIS/Device/ST/STM32F0xx/Include -I../Drivers/CMSIS/Include -O0 -ffunction-sections -fdata-sections -Wall -fstack-usage -fcyclomatic-complexity -MMD -MP -MF"Core/Src/main.d" -MT"Core/Src/main.o" --specs=nano.specs -mfloat-abi=soft -mthumb -o "Core/Src/main.o"
arm-none-eabi-gcc -o "alfred_ultrasonic_hedghog.elf" @"objects.list"   -mcpu=cortex-m0 -T"C:\Users\Alfred\STM32CubeIDE\workspace_1.19.0\alfred_ultrasonic_hedghog\STM32F030F4PX_FLASH.ld" --specs=nosys.specs -Wl,-Map="alfred_ultrasonic_hedghog.map" -Wl,--gc-sections -static --specs=nano.specs -mfloat-abi=soft -mthumb -Wl,--start-group -lc -lm -Wl,--end-group
Finished building target: alfred_ultrasonic_hedghog.elf
 
arm-none-eabi-size  alfred_ultrasonic_hedghog.elf 
arm-none-eabi-objdump -h -S alfred_ultrasonic_hedghog.elf  > "alfred_ultrasonic_hedghog.list"
   text	   data	    bss	    dec	    hex	filename
   4516	      4	   1596	   6116	   17e4	alfred_ultrasonic_hedghog.elf
Finished building: default.size.stdout
 
Finished building: alfred_ultrasonic_hedghog.list
 
14:07:28 **** Incremental Build of configuration Debug for project alfred_ultrasonic_hedghog ****
make -j12 all 
arm-none-eabi-gcc "../Core/Src/main.c" -mcpu=cortex-m0 -std=gnu11 -g3 -DDEBUG -DSTM32F030x6 -DUSE_FULL_LL_DRIVER -DHSE_VALUE=8000000 -DHSE_STARTUP_TIMEOUT=100 -DLSE_STARTUP_TIMEOUT=5000 -DLSE_VALUE=32768 -DHSI_VALUE=8000000 -DLSI_VALUE=40000 -DVDD_VALUE=3300 -DPREFETCH_ENABLE=1 -DINSTRUCTION_CACHE_ENABLE=0 -DDATA_CACHE_ENABLE=0 -c -I../Core/Inc -I../Drivers/STM32F0xx_HAL_Driver/Inc -I../Drivers/CMSIS/Device/ST/STM32F0xx/Include -I../Drivers/CMSIS/Include -O0 -ffunction-sections -fdata-sections -Wall -fstack-usage -fcyclomatic-complexity -MMD -MP -MF"Core/Src/main.d" -MT"Core/Src/main.o" --specs=nano.specs -mfloat-abi=soft -mthumb -o "Core/Src/main.o"
arm-none-eabi-gcc -o "alfred_ultrasonic_hedghog.elf" @"objects.list"   -mcpu=cortex-m0 -T"C:\Users\Alfred\STM32CubeIDE\workspace_1.19.0\alfred_ultrasonic_hedghog\STM32F030F4PX_FLASH.ld" --specs=nosys.specs -Wl,-Map="alfred_ultrasonic_hedghog.map" -Wl,--gc-sections -static --specs=nano.specs -mfloat-abi=soft -mthumb -Wl,--start-group -lc -lm -Wl,--end-group
Finished building target: alfred_ultrasonic_hedghog.elf
 
arm-none-eabi-size  alfred_ultrasonic_hedghog.elf 
arm-none-eabi-objdump -h -S alfred_ultrasonic_hedghog.elf  > "alfred_ultrasonic_hedghog.list"
   text	   data	    bss	    dec	    hex	filename
   4512	      4	   1596	   6112	   17e0	alfred_ultrasonic_hedghog.elf
Finished building: default.size.stdout
 
Finished building: alfred_ultrasonic_hedghog.list
 
14:10:41 **** Incremental Build of configuration Debug for project alfred_ultrasonic_hedghog ****
make -j12 all 
arm-none-eabi-size  alfred_ultrasonic_hedghog.elf 
   text	   data	    bss	    dec	    hex	filename
   4512	      4	   1596	   6112	   17e0	alfred_ultrasonic_hedghog.elf
Finished building: default.size.stdout
 
14:11:58 **** Incremental Build of configuration Debug for project alfred_ultrasonic_hedghog ****
make -j12 all 
arm-none-eabi-gcc "../Core/Src/main.c" -mcpu=cortex-m0 -std=gnu11 -g3 -DDEBUG -DSTM32F030x6 -DUSE_FULL_LL_DRIVER -DHSE_VALUE=8000000 -DHSE_STARTUP_TIMEOUT=100 -DLSE_STARTUP_TIMEOUT=5000 -DLSE_VALUE=32768 -DHSI_VALUE=8000000 -DLSI_VALUE=40000 -DVDD_VALUE=3300 -DPREFETCH_ENABLE=1 -DINSTRUCTION_CACHE_ENABLE=0 -DDATA_CACHE_ENABLE=0 -c -I../Core/Inc -I../Drivers/STM32F0xx_HAL_Driver/Inc -I../Drivers/CMSIS/Device/ST/STM32F0xx/Include -I../Drivers/CMSIS/Include -O0 -ffunction-sections -fdata-sections -Wall -fstack-usage -fcyclomatic-complexity -MMD -MP -MF"Core/Src/main.d" -MT"Core/Src/main.o" --specs=nano.specs -mfloat-abi=soft -mthumb -o "Core/Src/main.o"
arm-none-eabi-gcc -o "alfred_ultrasonic_hedghog.elf" @"objects.list"   -mcpu=cortex-m0 -T"C:\Users\Alfred\STM32CubeIDE\workspace_1.19.0\alfred_ultrasonic_hedghog\STM32F030F4PX_FLASH.ld" --specs=nosys.specs -Wl,-Map="alfred_ultrasonic_hedghog.map" -Wl,--gc-sections -static --specs=nano.specs -mfloat-abi=soft -mthumb -Wl,--start-group -lc -lm -Wl,--end-group
Finished building target: alfred_ultrasonic_hedghog.elf
 
arm-none-eabi-size  alfred_ultrasonic_hedghog.elf 
arm-none-eabi-objdump -h -S alfred_ultrasonic_hedghog.elf  > "alfred_ultrasonic_hedghog.list"
   text	   data	    bss	    dec	    hex	filename
   4512	      4	   1596	   6112	   17e0	alfred_ultrasonic_hedghog.elf
Finished building: default.size.stdout
 
Finished building: alfred_ultrasonic_hedghog.list
 
14:15:14 **** Incremental Build of configuration Debug for project alfred_ultrasonic_hedghog ****
make -j12 all 
arm-none-eabi-gcc "../Core/Src/main.c" -mcpu=cortex-m0 -std=gnu11 -g3 -DDEBUG -DSTM32F030x6 -DUSE_FULL_LL_DRIVER -DHSE_VALUE=8000000 -DHSE_STARTUP_TIMEOUT=100 -DLSE_STARTUP_TIMEOUT=5000 -DLSE_VALUE=32768 -DHSI_VALUE=8000000 -DLSI_VALUE=40000 -DVDD_VALUE=3300 -DPREFETCH_ENABLE=1 -DINSTRUCTION_CACHE_ENABLE=0 -DDATA_CACHE_ENABLE=0 -c -I../Core/Inc -I../Drivers/STM32F0xx_HAL_Driver/Inc -I../Drivers/CMSIS/Device/ST/STM32F0xx/Include -I../Drivers/CMSIS/Include -O0 -ffunction-sections -fdata-sections -Wall -fstack-usage -fcyclomatic-complexity -MMD -MP -MF"Core/Src/main.d" -MT"Core/Src/main.o" --specs=nano.specs -mfloat-abi=soft -mthumb -o "Core/Src/main.o"
arm-none-eabi-gcc -o "alfred_ultrasonic_hedghog.elf" @"objects.list"   -mcpu=cortex-m0 -T"C:\Users\Alfred\STM32CubeIDE\workspace_1.19.0\alfred_ultrasonic_hedghog\STM32F030F4PX_FLASH.ld" --specs=nosys.specs -Wl,-Map="alfred_ultrasonic_hedghog.map" -Wl,--gc-sections -static --specs=nano.specs -mfloat-abi=soft -mthumb -Wl,--start-group -lc -lm -Wl,--end-group
Finished building target: alfred_ultrasonic_hedghog.elf
 
arm-none-eabi-size  alfred_ultrasonic_hedghog.elf 
arm-none-eabi-objdump -h -S alfred_ultrasonic_hedghog.elf  > "alfred_ultrasonic_hedghog.list"
   text	   data	    bss	    dec	    hex	filename
   4512	      4	   1596	   6112	   17e0	alfred_ultrasonic_hedghog.elf
Finished building: default.size.stdout
 
Finished building: alfred_ultrasonic_hedghog.list
 
14:16:41 **** Incremental Build of configuration Debug for project alfred_ultrasonic_hedghog ****
make -j12 all 
arm-none-eabi-gcc "../Core/Src/main.c" -mcpu=cortex-m0 -std=gnu11 -g3 -DDEBUG -DSTM32F030x6 -DUSE_FULL_LL_DRIVER -DHSE_VALUE=8000000 -DHSE_STARTUP_TIMEOUT=100 -DLSE_STARTUP_TIMEOUT=5000 -DLSE_VALUE=32768 -DHSI_VALUE=8000000 -DLSI_VALUE=40000 -DVDD_VALUE=3300 -DPREFETCH_ENABLE=1 -DINSTRUCTION_CACHE_ENABLE=0 -DDATA_CACHE_ENABLE=0 -c -I../Core/Inc -I../Drivers/STM32F0xx_HAL_Driver/Inc -I../Drivers/CMSIS/Device/ST/STM32F0xx/Include -I../Drivers/CMSIS/Include -O0 -ffunction-sections -fdata-sections -Wall -fstack-usage -fcyclomatic-complexity -MMD -MP -MF"Core/Src/main.d" -MT"Core/Src/main.o" --specs=nano.specs -mfloat-abi=soft -mthumb -o "Core/Src/main.o"
arm-none-eabi-gcc -o "alfred_ultrasonic_hedghog.elf" @"objects.list"   -mcpu=cortex-m0 -T"C:\Users\Alfred\STM32CubeIDE\workspace_1.19.0\alfred_ultrasonic_hedghog\STM32F030F4PX_FLASH.ld" --specs=nosys.specs -Wl,-Map="alfred_ultrasonic_hedghog.map" -Wl,--gc-sections -static --specs=nano.specs -mfloat-abi=soft -mthumb -Wl,--start-group -lc -lm -Wl,--end-group
Finished building target: alfred_ultrasonic_hedghog.elf
 
arm-none-eabi-size  alfred_ultrasonic_hedghog.elf 
arm-none-eabi-objdump -h -S alfred_ultrasonic_hedghog.elf  > "alfred_ultrasonic_hedghog.list"
   text	   data	    bss	    dec	    hex	filename
   4512	      4	   1596	   6112	   17e0	alfred_ultrasonic_hedghog.elf
Finished building: default.size.stdout
 
Finished building: alfred_ultrasonic_hedghog.list
 
14:36:47 **** Incremental Build of configuration Debug for project alfred_ultrasonic_hedghog ****
make -j12 all 
arm-none-eabi-gcc "../Core/Src/main.c" -mcpu=cortex-m0 -std=gnu11 -g3 -DDEBUG -DSTM32F030x6 -DUSE_FULL_LL_DRIVER -DHSE_VALUE=8000000 -DHSE_STARTUP_TIMEOUT=100 -DLSE_STARTUP_TIMEOUT=5000 -DLSE_VALUE=32768 -DHSI_VALUE=8000000 -DLSI_VALUE=40000 -DVDD_VALUE=3300 -DPREFETCH_ENABLE=1 -DINSTRUCTION_CACHE_ENABLE=0 -DDATA_CACHE_ENABLE=0 -c -I../Core/Inc -I../Drivers/STM32F0xx_HAL_Driver/Inc -I../Drivers/CMSIS/Device/ST/STM32F0xx/Include -I../Drivers/CMSIS/Include -O0 -ffunction-sections -fdata-sections -Wall -fstack-usage -fcyclomatic-complexity -MMD -MP -MF"Core/Src/main.d" -MT"Core/Src/main.o" --specs=nano.specs -mfloat-abi=soft -mthumb -o "Core/Src/main.o"
arm-none-eabi-gcc -o "alfred_ultrasonic_hedghog.elf" @"objects.list"   -mcpu=cortex-m0 -T"C:\Users\Alfred\STM32CubeIDE\workspace_1.19.0\alfred_ultrasonic_hedghog\STM32F030F4PX_FLASH.ld" --specs=nosys.specs -Wl,-Map="alfred_ultrasonic_hedghog.map" -Wl,--gc-sections -static --specs=nano.specs -mfloat-abi=soft -mthumb -Wl,--start-group -lc -lm -Wl,--end-group
Finished building target: alfred_ultrasonic_hedghog.elf
 
arm-none-eabi-size  alfred_ultrasonic_hedghog.elf 
arm-none-eabi-objdump -h -S alfred_ultrasonic_hedghog.elf  > "alfred_ultrasonic_hedghog.list"
   text	   data	    bss	    dec	    hex	filename
   4512	      4	   1596	   6112	   17e0	alfred_ultrasonic_hedghog.elf
Finished building: default.size.stdout
 
Finished building: alfred_ultrasonic_hedghog.list
 
14:37:13 **** Incremental Build of configuration Debug for project alfred_ultrasonic_hedghog ****
make -j12 all 
arm-none-eabi-size  alfred_ultrasonic_hedghog.elf 
   text	   data	    bss	    dec	    hex	filename
   4512	      4	   1596	   6112	   17e0	alfred_ultrasonic_hedghog.elf
Finished building: default.size.stdout
 
14:40:28 **** Incremental Build of configuration Debug for project alfred_ultrasonic_hedghog ****
make -j12 all 
arm-none-eabi-gcc "../Core/Src/main.c" -mcpu=cortex-m0 -std=gnu11 -g3 -DDEBUG -DSTM32F030x6 -DUSE_FULL_LL_DRIVER -DHSE_VALUE=8000000 -DHSE_STARTUP_TIMEOUT=100 -DLSE_STARTUP_TIMEOUT=5000 -DLSE_VALUE=32768 -DHSI_VALUE=8000000 -DLSI_VALUE=40000 -DVDD_VALUE=3300 -DPREFETCH_ENABLE=1 -DINSTRUCTION_CACHE_ENABLE=0 -DDATA_CACHE_ENABLE=0 -c -I../Core/Inc -I../Drivers/STM32F0xx_HAL_Driver/Inc -I../Drivers/CMSIS/Device/ST/STM32F0xx/Include -I../Drivers/CMSIS/Include -O0 -ffunction-sections -fdata-sections -Wall -fstack-usage -fcyclomatic-complexity -MMD -MP -MF"Core/Src/main.d" -MT"Core/Src/main.o" --specs=nano.specs -mfloat-abi=soft -mthumb -o "Core/Src/main.o"
arm-none-eabi-gcc -o "alfred_ultrasonic_hedghog.elf" @"objects.list"   -mcpu=cortex-m0 -T"C:\Users\Alfred\STM32CubeIDE\workspace_1.19.0\alfred_ultrasonic_hedghog\STM32F030F4PX_FLASH.ld" --specs=nosys.specs -Wl,-Map="alfred_ultrasonic_hedghog.map" -Wl,--gc-sections -static --specs=nano.specs -mfloat-abi=soft -mthumb -Wl,--start-group -lc -lm -Wl,--end-group
Finished building target: alfred_ultrasonic_hedghog.elf
 
arm-none-eabi-size  alfred_ultrasonic_hedghog.elf 
arm-none-eabi-objdump -h -S alfred_ultrasonic_hedghog.elf  > "alfred_ultrasonic_hedghog.list"
   text	   data	    bss	    dec	    hex	filename
   4512	      4	   1596	   6112	   17e0	alfred_ultrasonic_hedghog.elf
Finished building: default.size.stdout
 
Finished building: alfred_ultrasonic_hedghog.list
 
14:43:04 **** Incremental Build of configuration Debug for project alfred_ultrasonic_hedghog ****
make -j12 all 
arm-none-eabi-gcc "../Core/Src/main.c" -mcpu=cortex-m0 -std=gnu11 -g3 -DDEBUG -DSTM32F030x6 -DUSE_FULL_LL_DRIVER -DHSE_VALUE=8000000 -DHSE_STARTUP_TIMEOUT=100 -DLSE_STARTUP_TIMEOUT=5000 -DLSE_VALUE=32768 -DHSI_VALUE=8000000 -DLSI_VALUE=40000 -DVDD_VALUE=3300 -DPREFETCH_ENABLE=1 -DINSTRUCTION_CACHE_ENABLE=0 -DDATA_CACHE_ENABLE=0 -c -I../Core/Inc -I../Drivers/STM32F0xx_HAL_Driver/Inc -I../Drivers/CMSIS/Device/ST/STM32F0xx/Include -I../Drivers/CMSIS/Include -O0 -ffunction-sections -fdata-sections -Wall -fstack-usage -fcyclomatic-complexity -MMD -MP -MF"Core/Src/main.d" -MT"Core/Src/main.o" --specs=nano.specs -mfloat-abi=soft -mthumb -o "Core/Src/main.o"
arm-none-eabi-gcc -o "alfred_ultrasonic_hedghog.elf" @"objects.list"   -mcpu=cortex-m0 -T"C:\Users\Alfred\STM32CubeIDE\workspace_1.19.0\alfred_ultrasonic_hedghog\STM32F030F4PX_FLASH.ld" --specs=nosys.specs -Wl,-Map="alfred_ultrasonic_hedghog.map" -Wl,--gc-sections -static --specs=nano.specs -mfloat-abi=soft -mthumb -Wl,--start-group -lc -lm -Wl,--end-group
Finished building target: alfred_ultrasonic_hedghog.elf
 
arm-none-eabi-size  alfred_ultrasonic_hedghog.elf 
arm-none-eabi-objdump -h -S alfred_ultrasonic_hedghog.elf  > "alfred_ultrasonic_hedghog.list"
   text	   data	    bss	    dec	    hex	filename
   4516	      4	   1596	   6116	   17e4	alfred_ultrasonic_hedghog.elf
Finished building: default.size.stdout
 
Finished building: alfred_ultrasonic_hedghog.list
 
14:54:52 **** Incremental Build of configuration Debug for project alfred_ultrasonic_hedghog ****
make -j12 all 
arm-none-eabi-gcc "../Core/Src/main.c" -mcpu=cortex-m0 -std=gnu11 -g3 -DDEBUG -DSTM32F030x6 -DUSE_FULL_LL_DRIVER -DHSE_VALUE=8000000 -DHSE_STARTUP_TIMEOUT=100 -DLSE_STARTUP_TIMEOUT=5000 -DLSE_VALUE=32768 -DHSI_VALUE=8000000 -DLSI_VALUE=40000 -DVDD_VALUE=3300 -DPREFETCH_ENABLE=1 -DINSTRUCTION_CACHE_ENABLE=0 -DDATA_CACHE_ENABLE=0 -c -I../Core/Inc -I../Drivers/STM32F0xx_HAL_Driver/Inc -I../Drivers/CMSIS/Device/ST/STM32F0xx/Include -I../Drivers/CMSIS/Include -O0 -ffunction-sections -fdata-sections -Wall -fstack-usage -fcyclomatic-complexity -MMD -MP -MF"Core/Src/main.d" -MT"Core/Src/main.o" --specs=nano.specs -mfloat-abi=soft -mthumb -o "Core/Src/main.o"
arm-none-eabi-gcc -o "alfred_ultrasonic_hedghog.elf" @"objects.list"   -mcpu=cortex-m0 -T"C:\Users\Alfred\STM32CubeIDE\workspace_1.19.0\alfred_ultrasonic_hedghog\STM32F030F4PX_FLASH.ld" --specs=nosys.specs -Wl,-Map="alfred_ultrasonic_hedghog.map" -Wl,--gc-sections -static --specs=nano.specs -mfloat-abi=soft -mthumb -Wl,--start-group -lc -lm -Wl,--end-group
Finished building target: alfred_ultrasonic_hedghog.elf
 
arm-none-eabi-size  alfred_ultrasonic_hedghog.elf 
arm-none-eabi-objdump -h -S alfred_ultrasonic_hedghog.elf  > "alfred_ultrasonic_hedghog.list"
   text	   data	    bss	    dec	    hex	filename
   4512	      4	   1596	   6112	   17e0	alfred_ultrasonic_hedghog.elf
Finished building: default.size.stdout
 
Finished building: alfred_ultrasonic_hedghog.list
 
14:55:52 **** Incremental Build of configuration Debug for project alfred_ultrasonic_hedghog ****
make -j12 all 
arm-none-eabi-gcc "../Core/Src/main.c" -mcpu=cortex-m0 -std=gnu11 -g3 -DDEBUG -DSTM32F030x6 -DUSE_FULL_LL_DRIVER -DHSE_VALUE=8000000 -DHSE_STARTUP_TIMEOUT=100 -DLSE_STARTUP_TIMEOUT=5000 -DLSE_VALUE=32768 -DHSI_VALUE=8000000 -DLSI_VALUE=40000 -DVDD_VALUE=3300 -DPREFETCH_ENABLE=1 -DINSTRUCTION_CACHE_ENABLE=0 -DDATA_CACHE_ENABLE=0 -c -I../Core/Inc -I../Drivers/STM32F0xx_HAL_Driver/Inc -I../Drivers/CMSIS/Device/ST/STM32F0xx/Include -I../Drivers/CMSIS/Include -O0 -ffunction-sections -fdata-sections -Wall -fstack-usage -fcyclomatic-complexity -MMD -MP -MF"Core/Src/main.d" -MT"Core/Src/main.o" --specs=nano.specs -mfloat-abi=soft -mthumb -o "Core/Src/main.o"
arm-none-eabi-gcc -o "alfred_ultrasonic_hedghog.elf" @"objects.list"   -mcpu=cortex-m0 -T"C:\Users\Alfred\STM32CubeIDE\workspace_1.19.0\alfred_ultrasonic_hedghog\STM32F030F4PX_FLASH.ld" --specs=nosys.specs -Wl,-Map="alfred_ultrasonic_hedghog.map" -Wl,--gc-sections -static --specs=nano.specs -mfloat-abi=soft -mthumb -Wl,--start-group -lc -lm -Wl,--end-group
Finished building target: alfred_ultrasonic_hedghog.elf
 
arm-none-eabi-size  alfred_ultrasonic_hedghog.elf 
arm-none-eabi-objdump -h -S alfred_ultrasonic_hedghog.elf  > "alfred_ultrasonic_hedghog.list"
   text	   data	    bss	    dec	    hex	filename
   4512	      4	   1596	   6112	   17e0	alfred_ultrasonic_hedghog.elf
Finished building: default.size.stdout
 
Finished building: alfred_ultrasonic_hedghog.list
 
15:02:39 **** Incremental Build of configuration Debug for project alfred_ultrasonic_hedghog ****
make -j12 all 
arm-none-eabi-gcc "../Core/Src/main.c" -mcpu=cortex-m0 -std=gnu11 -g3 -DDEBUG -DSTM32F030x6 -DUSE_FULL_LL_DRIVER -DHSE_VALUE=8000000 -DHSE_STARTUP_TIMEOUT=100 -DLSE_STARTUP_TIMEOUT=5000 -DLSE_VALUE=32768 -DHSI_VALUE=8000000 -DLSI_VALUE=40000 -DVDD_VALUE=3300 -DPREFETCH_ENABLE=1 -DINSTRUCTION_CACHE_ENABLE=0 -DDATA_CACHE_ENABLE=0 -c -I../Core/Inc -I../Drivers/STM32F0xx_HAL_Driver/Inc -I../Drivers/CMSIS/Device/ST/STM32F0xx/Include -I../Drivers/CMSIS/Include -O0 -ffunction-sections -fdata-sections -Wall -fstack-usage -fcyclomatic-complexity -MMD -MP -MF"Core/Src/main.d" -MT"Core/Src/main.o" --specs=nano.specs -mfloat-abi=soft -mthumb -o "Core/Src/main.o"
arm-none-eabi-gcc -o "alfred_ultrasonic_hedghog.elf" @"objects.list"   -mcpu=cortex-m0 -T"C:\Users\Alfred\STM32CubeIDE\workspace_1.19.0\alfred_ultrasonic_hedghog\STM32F030F4PX_FLASH.ld" --specs=nosys.specs -Wl,-Map="alfred_ultrasonic_hedghog.map" -Wl,--gc-sections -static --specs=nano.specs -mfloat-abi=soft -mthumb -Wl,--start-group -lc -lm -Wl,--end-group
Finished building target: alfred_ultrasonic_hedghog.elf
 
arm-none-eabi-size  alfred_ultrasonic_hedghog.elf 
arm-none-eabi-objdump -h -S alfred_ultrasonic_hedghog.elf  > "alfred_ultrasonic_hedghog.list"
   text	   data	    bss	    dec	    hex	filename
   4384	      4	   1596	   5984	   1760	alfred_ultrasonic_hedghog.elf
Finished building: default.size.stdout
 
Finished building: alfred_ultrasonic_hedghog.list
 
15:04:58 **** Incremental Build of configuration Debug for project alfred_ultrasonic_hedghog ****
make -j12 all 
arm-none-eabi-gcc "../Core/Src/main.c" -mcpu=cortex-m0 -std=gnu11 -g3 -DDEBUG -DSTM32F030x6 -DUSE_FULL_LL_DRIVER -DHSE_VALUE=8000000 -DHSE_STARTUP_TIMEOUT=100 -DLSE_STARTUP_TIMEOUT=5000 -DLSE_VALUE=32768 -DHSI_VALUE=8000000 -DLSI_VALUE=40000 -DVDD_VALUE=3300 -DPREFETCH_ENABLE=1 -DINSTRUCTION_CACHE_ENABLE=0 -DDATA_CACHE_ENABLE=0 -c -I../Core/Inc -I../Drivers/STM32F0xx_HAL_Driver/Inc -I../Drivers/CMSIS/Device/ST/STM32F0xx/Include -I../Drivers/CMSIS/Include -O0 -ffunction-sections -fdata-sections -Wall -fstack-usage -fcyclomatic-complexity -MMD -MP -MF"Core/Src/main.d" -MT"Core/Src/main.o" --specs=nano.specs -mfloat-abi=soft -mthumb -o "Core/Src/main.o"
arm-none-eabi-gcc -o "alfred_ultrasonic_hedghog.elf" @"objects.list"   -mcpu=cortex-m0 -T"C:\Users\Alfred\STM32CubeIDE\workspace_1.19.0\alfred_ultrasonic_hedghog\STM32F030F4PX_FLASH.ld" --specs=nosys.specs -Wl,-Map="alfred_ultrasonic_hedghog.map" -Wl,--gc-sections -static --specs=nano.specs -mfloat-abi=soft -mthumb -Wl,--start-group -lc -lm -Wl,--end-group
Finished building target: alfred_ultrasonic_hedghog.elf
 
arm-none-eabi-size  alfred_ultrasonic_hedghog.elf 
arm-none-eabi-objdump -h -S alfred_ultrasonic_hedghog.elf  > "alfred_ultrasonic_hedghog.list"
   text	   data	    bss	    dec	    hex	filename
   4384	      4	   1596	   5984	   1760	alfred_ultrasonic_hedghog.elf
Finished building: default.size.stdout
 
Finished building: alfred_ultrasonic_hedghog.list
 
15:07:01 **** Incremental Build of configuration Debug for project alfred_ultrasonic_hedghog ****
make -j12 all 
arm-none-eabi-gcc "../Core/Src/main.c" -mcpu=cortex-m0 -std=gnu11 -g3 -DDEBUG -DSTM32F030x6 -DUSE_FULL_LL_DRIVER -DHSE_VALUE=8000000 -DHSE_STARTUP_TIMEOUT=100 -DLSE_STARTUP_TIMEOUT=5000 -DLSE_VALUE=32768 -DHSI_VALUE=8000000 -DLSI_VALUE=40000 -DVDD_VALUE=3300 -DPREFETCH_ENABLE=1 -DINSTRUCTION_CACHE_ENABLE=0 -DDATA_CACHE_ENABLE=0 -c -I../Core/Inc -I../Drivers/STM32F0xx_HAL_Driver/Inc -I../Drivers/CMSIS/Device/ST/STM32F0xx/Include -I../Drivers/CMSIS/Include -O0 -ffunction-sections -fdata-sections -Wall -fstack-usage -fcyclomatic-complexity -MMD -MP -MF"Core/Src/main.d" -MT"Core/Src/main.o" --specs=nano.specs -mfloat-abi=soft -mthumb -o "Core/Src/main.o"
arm-none-eabi-gcc -o "alfred_ultrasonic_hedghog.elf" @"objects.list"   -mcpu=cortex-m0 -T"C:\Users\Alfred\STM32CubeIDE\workspace_1.19.0\alfred_ultrasonic_hedghog\STM32F030F4PX_FLASH.ld" --specs=nosys.specs -Wl,-Map="alfred_ultrasonic_hedghog.map" -Wl,--gc-sections -static --specs=nano.specs -mfloat-abi=soft -mthumb -Wl,--start-group -lc -lm -Wl,--end-group
Finished building target: alfred_ultrasonic_hedghog.elf
 
arm-none-eabi-size  alfred_ultrasonic_hedghog.elf 
arm-none-eabi-objdump -h -S alfred_ultrasonic_hedghog.elf  > "alfred_ultrasonic_hedghog.list"
   text	   data	    bss	    dec	    hex	filename
   4384	      4	   1596	   5984	   1760	alfred_ultrasonic_hedghog.elf
Finished building: default.size.stdout
 
Finished building: alfred_ultrasonic_hedghog.list
 
15:07:24 **** Incremental Build of configuration Debug for project alfred_ultrasonic_hedghog ****
make -j12 all 
arm-none-eabi-size  alfred_ultrasonic_hedghog.elf 
   text	   data	    bss	    dec	    hex	filename
   4384	      4	   1596	   5984	   1760	alfred_ultrasonic_hedghog.elf
Finished building: default.size.stdout
 
15:09:08 **** Incremental Build of configuration Debug for project alfred_ultrasonic_hedghog ****
make -j12 all 
arm-none-eabi-size  alfred_ultrasonic_hedghog.elf 
   text	   data	    bss	    dec	    hex	filename
   4384	      4	   1596	   5984	   1760	alfred_ultrasonic_hedghog.elf
Finished building: default.size.stdout
 
15:19:05 **** Incremental Build of configuration Debug for project alfred_ultrasonic_hedghog ****
make -j12 all 
arm-none-eabi-gcc "../Core/Src/main.c" -mcpu=cortex-m0 -std=gnu11 -g3 -DDEBUG -DSTM32F030x6 -DUSE_FULL_LL_DRIVER -DHSE_VALUE=8000000 -DHSE_STARTUP_TIMEOUT=100 -DLSE_STARTUP_TIMEOUT=5000 -DLSE_VALUE=32768 -DHSI_VALUE=8000000 -DLSI_VALUE=40000 -DVDD_VALUE=3300 -DPREFETCH_ENABLE=1 -DINSTRUCTION_CACHE_ENABLE=0 -DDATA_CACHE_ENABLE=0 -c -I../Core/Inc -I../Drivers/STM32F0xx_HAL_Driver/Inc -I../Drivers/CMSIS/Device/ST/STM32F0xx/Include -I../Drivers/CMSIS/Include -O0 -ffunction-sections -fdata-sections -Wall -fstack-usage -fcyclomatic-complexity -MMD -MP -MF"Core/Src/main.d" -MT"Core/Src/main.o" --specs=nano.specs -mfloat-abi=soft -mthumb -o "Core/Src/main.o"
arm-none-eabi-gcc -o "alfred_ultrasonic_hedghog.elf" @"objects.list"   -mcpu=cortex-m0 -T"C:\Users\Alfred\STM32CubeIDE\workspace_1.19.0\alfred_ultrasonic_hedghog\STM32F030F4PX_FLASH.ld" --specs=nosys.specs -Wl,-Map="alfred_ultrasonic_hedghog.map" -Wl,--gc-sections -static --specs=nano.specs -mfloat-abi=soft -mthumb -Wl,--start-group -lc -lm -Wl,--end-group
Finished building target: alfred_ultrasonic_hedghog.elf
 
arm-none-eabi-size  alfred_ultrasonic_hedghog.elf 
arm-none-eabi-objdump -h -S alfred_ultrasonic_hedghog.elf  > "alfred_ultrasonic_hedghog.list"
   text	   data	    bss	    dec	    hex	filename
   4384	      4	   1596	   5984	   1760	alfred_ultrasonic_hedghog.elf
Finished building: default.size.stdout
 
Finished building: alfred_ultrasonic_hedghog.list
 
15:30:52 **** Incremental Build of configuration Debug for project alfred_ultrasonic_hedghog ****
make -j12 all 
arm-none-eabi-gcc "../Core/Src/main.c" -mcpu=cortex-m0 -std=gnu11 -g3 -DDEBUG -DSTM32F030x6 -DUSE_FULL_LL_DRIVER -DHSE_VALUE=8000000 -DHSE_STARTUP_TIMEOUT=100 -DLSE_STARTUP_TIMEOUT=5000 -DLSE_VALUE=32768 -DHSI_VALUE=8000000 -DLSI_VALUE=40000 -DVDD_VALUE=3300 -DPREFETCH_ENABLE=1 -DINSTRUCTION_CACHE_ENABLE=0 -DDATA_CACHE_ENABLE=0 -c -I../Core/Inc -I../Drivers/STM32F0xx_HAL_Driver/Inc -I../Drivers/CMSIS/Device/ST/STM32F0xx/Include -I../Drivers/CMSIS/Include -O0 -ffunction-sections -fdata-sections -Wall -fstack-usage -fcyclomatic-complexity -MMD -MP -MF"Core/Src/main.d" -MT"Core/Src/main.o" --specs=nano.specs -mfloat-abi=soft -mthumb -o "Core/Src/main.o"
arm-none-eabi-gcc -o "alfred_ultrasonic_hedghog.elf" @"objects.list"   -mcpu=cortex-m0 -T"C:\Users\Alfred\STM32CubeIDE\workspace_1.19.0\alfred_ultrasonic_hedghog\STM32F030F4PX_FLASH.ld" --specs=nosys.specs -Wl,-Map="alfred_ultrasonic_hedghog.map" -Wl,--gc-sections -static --specs=nano.specs -mfloat-abi=soft -mthumb -Wl,--start-group -lc -lm -Wl,--end-group
Finished building target: alfred_ultrasonic_hedghog.elf
 
arm-none-eabi-size  alfred_ultrasonic_hedghog.elf 
arm-none-eabi-objdump -h -S alfred_ultrasonic_hedghog.elf  > "alfred_ultrasonic_hedghog.list"
   text	   data	    bss	    dec	    hex	filename
   4384	      4	   1596	   5984	   1760	alfred_ultrasonic_hedghog.elf
Finished building: default.size.stdout
 
Finished building: alfred_ultrasonic_hedghog.list
 
15:32:10 **** Incremental Build of configuration Debug for project alfred_ultrasonic_hedghog ****
make -j12 all 
arm-none-eabi-gcc "../Core/Src/main.c" -mcpu=cortex-m0 -std=gnu11 -g3 -DDEBUG -DSTM32F030x6 -DUSE_FULL_LL_DRIVER -DHSE_VALUE=8000000 -DHSE_STARTUP_TIMEOUT=100 -DLSE_STARTUP_TIMEOUT=5000 -DLSE_VALUE=32768 -DHSI_VALUE=8000000 -DLSI_VALUE=40000 -DVDD_VALUE=3300 -DPREFETCH_ENABLE=1 -DINSTRUCTION_CACHE_ENABLE=0 -DDATA_CACHE_ENABLE=0 -c -I../Core/Inc -I../Drivers/STM32F0xx_HAL_Driver/Inc -I../Drivers/CMSIS/Device/ST/STM32F0xx/Include -I../Drivers/CMSIS/Include -O0 -ffunction-sections -fdata-sections -Wall -fstack-usage -fcyclomatic-complexity -MMD -MP -MF"Core/Src/main.d" -MT"Core/Src/main.o" --specs=nano.specs -mfloat-abi=soft -mthumb -o "Core/Src/main.o"
arm-none-eabi-gcc -o "alfred_ultrasonic_hedghog.elf" @"objects.list"   -mcpu=cortex-m0 -T"C:\Users\Alfred\STM32CubeIDE\workspace_1.19.0\alfred_ultrasonic_hedghog\STM32F030F4PX_FLASH.ld" --specs=nosys.specs -Wl,-Map="alfred_ultrasonic_hedghog.map" -Wl,--gc-sections -static --specs=nano.specs -mfloat-abi=soft -mthumb -Wl,--start-group -lc -lm -Wl,--end-group
Finished building target: alfred_ultrasonic_hedghog.elf
 
arm-none-eabi-size  alfred_ultrasonic_hedghog.elf 
arm-none-eabi-objdump -h -S alfred_ultrasonic_hedghog.elf  > "alfred_ultrasonic_hedghog.list"
   text	   data	    bss	    dec	    hex	filename
   4384	      4	   1596	   5984	   1760	alfred_ultrasonic_hedghog.elf
Finished building: default.size.stdout
 
Finished building: alfred_ultrasonic_hedghog.list
 
16:18:15 **** Incremental Build of configuration Debug for project alfred_ultrasonic_hedghog ****
make -j12 all 
arm-none-eabi-gcc "../Core/Src/main.c" -mcpu=cortex-m0 -std=gnu11 -g3 -DDEBUG -DSTM32F030x6 -DUSE_FULL_LL_DRIVER -DHSE_VALUE=8000000 -DHSE_STARTUP_TIMEOUT=100 -DLSE_STARTUP_TIMEOUT=5000 -DLSE_VALUE=32768 -DHSI_VALUE=8000000 -DLSI_VALUE=40000 -DVDD_VALUE=3300 -DPREFETCH_ENABLE=1 -DINSTRUCTION_CACHE_ENABLE=0 -DDATA_CACHE_ENABLE=0 -c -I../Core/Inc -I../Drivers/STM32F0xx_HAL_Driver/Inc -I../Drivers/CMSIS/Device/ST/STM32F0xx/Include -I../Drivers/CMSIS/Include -O0 -ffunction-sections -fdata-sections -Wall -fstack-usage -fcyclomatic-complexity -MMD -MP -MF"Core/Src/main.d" -MT"Core/Src/main.o" --specs=nano.specs -mfloat-abi=soft -mthumb -o "Core/Src/main.o"
arm-none-eabi-gcc -o "alfred_ultrasonic_hedghog.elf" @"objects.list"   -mcpu=cortex-m0 -T"C:\Users\Alfred\STM32CubeIDE\workspace_1.19.0\alfred_ultrasonic_hedghog\STM32F030F4PX_FLASH.ld" --specs=nosys.specs -Wl,-Map="alfred_ultrasonic_hedghog.map" -Wl,--gc-sections -static --specs=nano.specs -mfloat-abi=soft -mthumb -Wl,--start-group -lc -lm -Wl,--end-group
Finished building target: alfred_ultrasonic_hedghog.elf
 
arm-none-eabi-size  alfred_ultrasonic_hedghog.elf 
arm-none-eabi-objdump -h -S alfred_ultrasonic_hedghog.elf  > "alfred_ultrasonic_hedghog.list"
   text	   data	    bss	    dec	    hex	filename
   4384	      4	   1596	   5984	   1760	alfred_ultrasonic_hedghog.elf
Finished building: default.size.stdout
 
Finished building: alfred_ultrasonic_hedghog.list
 
14:36:52 **** Incremental Build of configuration Debug for project alfred_ultrasonic_hedghog ****
make -j12 all 
arm-none-eabi-gcc "../Core/Src/main.c" -mcpu=cortex-m0 -std=gnu11 -g3 -DDEBUG -DSTM32F030x6 -DUSE_FULL_LL_DRIVER -DHSE_VALUE=8000000 -DHSE_STARTUP_TIMEOUT=100 -DLSE_STARTUP_TIMEOUT=5000 -DLSE_VALUE=32768 -DHSI_VALUE=8000000 -DLSI_VALUE=40000 -DVDD_VALUE=3300 -DPREFETCH_ENABLE=1 -DINSTRUCTION_CACHE_ENABLE=0 -DDATA_CACHE_ENABLE=0 -c -I../Core/Inc -I../Drivers/STM32F0xx_HAL_Driver/Inc -I../Drivers/CMSIS/Device/ST/STM32F0xx/Include -I../Drivers/CMSIS/Include -O0 -ffunction-sections -fdata-sections -Wall -fstack-usage -fcyclomatic-complexity -MMD -MP -MF"Core/Src/main.d" -MT"Core/Src/main.o" --specs=nano.specs -mfloat-abi=soft -mthumb -o "Core/Src/main.o"
arm-none-eabi-gcc -o "alfred_ultrasonic_hedghog.elf" @"objects.list"   -mcpu=cortex-m0 -T"C:\Users\Alfred\STM32CubeIDE\workspace_1.19.0\alfred_ultrasonic_hedghog\STM32F030F4PX_FLASH.ld" --specs=nosys.specs -Wl,-Map="alfred_ultrasonic_hedghog.map" -Wl,--gc-sections -static --specs=nano.specs -mfloat-abi=soft -mthumb -Wl,--start-group -lc -lm -Wl,--end-group
Finished building target: alfred_ultrasonic_hedghog.elf
 
arm-none-eabi-size  alfred_ultrasonic_hedghog.elf 
arm-none-eabi-objdump -h -S alfred_ultrasonic_hedghog.elf  > "alfred_ultrasonic_hedghog.list"
   text	   data	    bss	    dec	    hex	filename
   4372	      4	   1596	   5972	   1754	alfred_ultrasonic_hedghog.elf
Finished building: default.size.stdout
 
Finished building: alfred_ultrasonic_hedghog.list
 
14:37:51 **** Incremental Build of configuration Debug for project alfred_ultrasonic_hedghog ****
make -j12 all 
arm-none-eabi-size  alfred_ultrasonic_hedghog.elf 
   text	   data	    bss	    dec	    hex	filename
   4372	      4	   1596	   5972	   1754	alfred_ultrasonic_hedghog.elf
Finished building: default.size.stdout
 
14:39:24 **** Incremental Build of configuration Debug for project alfred_ultrasonic_hedghog ****
make -j12 all 
arm-none-eabi-gcc "../Core/Src/main.c" -mcpu=cortex-m0 -std=gnu11 -g3 -DDEBUG -DSTM32F030x6 -DUSE_FULL_LL_DRIVER -DHSE_VALUE=8000000 -DHSE_STARTUP_TIMEOUT=100 -DLSE_STARTUP_TIMEOUT=5000 -DLSE_VALUE=32768 -DHSI_VALUE=8000000 -DLSI_VALUE=40000 -DVDD_VALUE=3300 -DPREFETCH_ENABLE=1 -DINSTRUCTION_CACHE_ENABLE=0 -DDATA_CACHE_ENABLE=0 -c -I../Core/Inc -I../Drivers/STM32F0xx_HAL_Driver/Inc -I../Drivers/CMSIS/Device/ST/STM32F0xx/Include -I../Drivers/CMSIS/Include -O0 -ffunction-sections -fdata-sections -Wall -fstack-usage -fcyclomatic-complexity -MMD -MP -MF"Core/Src/main.d" -MT"Core/Src/main.o" --specs=nano.specs -mfloat-abi=soft -mthumb -o "Core/Src/main.o"
arm-none-eabi-gcc -o "alfred_ultrasonic_hedghog.elf" @"objects.list"   -mcpu=cortex-m0 -T"C:\Users\Alfred\STM32CubeIDE\workspace_1.19.0\alfred_ultrasonic_hedghog\STM32F030F4PX_FLASH.ld" --specs=nosys.specs -Wl,-Map="alfred_ultrasonic_hedghog.map" -Wl,--gc-sections -static --specs=nano.specs -mfloat-abi=soft -mthumb -Wl,--start-group -lc -lm -Wl,--end-group
Finished building target: alfred_ultrasonic_hedghog.elf
 
arm-none-eabi-size  alfred_ultrasonic_hedghog.elf 
arm-none-eabi-objdump -h -S alfred_ultrasonic_hedghog.elf  > "alfred_ultrasonic_hedghog.list"
   text	   data	    bss	    dec	    hex	filename
   4372	      4	   1596	   5972	   1754	alfred_ultrasonic_hedghog.elf
Finished building: default.size.stdout
 
Finished building: alfred_ultrasonic_hedghog.list
 
14:44:04 **** Incremental Build of configuration Debug for project alfred_ultrasonic_hedghog ****
make -j12 all 
arm-none-eabi-gcc "../Core/Src/main.c" -mcpu=cortex-m0 -std=gnu11 -g3 -DDEBUG -DSTM32F030x6 -DUSE_FULL_LL_DRIVER -DHSE_VALUE=8000000 -DHSE_STARTUP_TIMEOUT=100 -DLSE_STARTUP_TIMEOUT=5000 -DLSE_VALUE=32768 -DHSI_VALUE=8000000 -DLSI_VALUE=40000 -DVDD_VALUE=3300 -DPREFETCH_ENABLE=1 -DINSTRUCTION_CACHE_ENABLE=0 -DDATA_CACHE_ENABLE=0 -c -I../Core/Inc -I../Drivers/STM32F0xx_HAL_Driver/Inc -I../Drivers/CMSIS/Device/ST/STM32F0xx/Include -I../Drivers/CMSIS/Include -O0 -ffunction-sections -fdata-sections -Wall -fstack-usage -fcyclomatic-complexity -MMD -MP -MF"Core/Src/main.d" -MT"Core/Src/main.o" --specs=nano.specs -mfloat-abi=soft -mthumb -o "Core/Src/main.o"
arm-none-eabi-gcc -o "alfred_ultrasonic_hedghog.elf" @"objects.list"   -mcpu=cortex-m0 -T"C:\Users\Alfred\STM32CubeIDE\workspace_1.19.0\alfred_ultrasonic_hedghog\STM32F030F4PX_FLASH.ld" --specs=nosys.specs -Wl,-Map="alfred_ultrasonic_hedghog.map" -Wl,--gc-sections -static --specs=nano.specs -mfloat-abi=soft -mthumb -Wl,--start-group -lc -lm -Wl,--end-group
Finished building target: alfred_ultrasonic_hedghog.elf
 
arm-none-eabi-size  alfred_ultrasonic_hedghog.elf 
arm-none-eabi-objdump -h -S alfred_ultrasonic_hedghog.elf  > "alfred_ultrasonic_hedghog.list"
   text	   data	    bss	    dec	    hex	filename
   4372	      4	   1596	   5972	   1754	alfred_ultrasonic_hedghog.elf
Finished building: default.size.stdout
 
Finished building: alfred_ultrasonic_hedghog.list
 
14:50:35 **** Incremental Build of configuration Debug for project alfred_ultrasonic_hedghog ****
make -j12 all 
arm-none-eabi-gcc "../Core/Src/main.c" -mcpu=cortex-m0 -std=gnu11 -g3 -DDEBUG -DSTM32F030x6 -DUSE_FULL_LL_DRIVER -DHSE_VALUE=8000000 -DHSE_STARTUP_TIMEOUT=100 -DLSE_STARTUP_TIMEOUT=5000 -DLSE_VALUE=32768 -DHSI_VALUE=8000000 -DLSI_VALUE=40000 -DVDD_VALUE=3300 -DPREFETCH_ENABLE=1 -DINSTRUCTION_CACHE_ENABLE=0 -DDATA_CACHE_ENABLE=0 -c -I../Core/Inc -I../Drivers/STM32F0xx_HAL_Driver/Inc -I../Drivers/CMSIS/Device/ST/STM32F0xx/Include -I../Drivers/CMSIS/Include -O0 -ffunction-sections -fdata-sections -Wall -fstack-usage -fcyclomatic-complexity -MMD -MP -MF"Core/Src/main.d" -MT"Core/Src/main.o" --specs=nano.specs -mfloat-abi=soft -mthumb -o "Core/Src/main.o"
arm-none-eabi-gcc -o "alfred_ultrasonic_hedghog.elf" @"objects.list"   -mcpu=cortex-m0 -T"C:\Users\Alfred\STM32CubeIDE\workspace_1.19.0\alfred_ultrasonic_hedghog\STM32F030F4PX_FLASH.ld" --specs=nosys.specs -Wl,-Map="alfred_ultrasonic_hedghog.map" -Wl,--gc-sections -static --specs=nano.specs -mfloat-abi=soft -mthumb -Wl,--start-group -lc -lm -Wl,--end-group
Finished building target: alfred_ultrasonic_hedghog.elf
 
arm-none-eabi-size  alfred_ultrasonic_hedghog.elf 
arm-none-eabi-objdump -h -S alfred_ultrasonic_hedghog.elf  > "alfred_ultrasonic_hedghog.list"
   text	   data	    bss	    dec	    hex	filename
   4372	      4	   1596	   5972	   1754	alfred_ultrasonic_hedghog.elf
Finished building: default.size.stdout
 
Finished building: alfred_ultrasonic_hedghog.list
 
14:52:26 **** Incremental Build of configuration Debug for project alfred_ultrasonic_hedghog ****
make -j12 all 
arm-none-eabi-gcc "../Core/Src/main.c" -mcpu=cortex-m0 -std=gnu11 -g3 -DDEBUG -DSTM32F030x6 -DUSE_FULL_LL_DRIVER -DHSE_VALUE=8000000 -DHSE_STARTUP_TIMEOUT=100 -DLSE_STARTUP_TIMEOUT=5000 -DLSE_VALUE=32768 -DHSI_VALUE=8000000 -DLSI_VALUE=40000 -DVDD_VALUE=3300 -DPREFETCH_ENABLE=1 -DINSTRUCTION_CACHE_ENABLE=0 -DDATA_CACHE_ENABLE=0 -c -I../Core/Inc -I../Drivers/STM32F0xx_HAL_Driver/Inc -I../Drivers/CMSIS/Device/ST/STM32F0xx/Include -I../Drivers/CMSIS/Include -O0 -ffunction-sections -fdata-sections -Wall -fstack-usage -fcyclomatic-complexity -MMD -MP -MF"Core/Src/main.d" -MT"Core/Src/main.o" --specs=nano.specs -mfloat-abi=soft -mthumb -o "Core/Src/main.o"
arm-none-eabi-gcc -o "alfred_ultrasonic_hedghog.elf" @"objects.list"   -mcpu=cortex-m0 -T"C:\Users\Alfred\STM32CubeIDE\workspace_1.19.0\alfred_ultrasonic_hedghog\STM32F030F4PX_FLASH.ld" --specs=nosys.specs -Wl,-Map="alfred_ultrasonic_hedghog.map" -Wl,--gc-sections -static --specs=nano.specs -mfloat-abi=soft -mthumb -Wl,--start-group -lc -lm -Wl,--end-group
Finished building target: alfred_ultrasonic_hedghog.elf
 
arm-none-eabi-size  alfred_ultrasonic_hedghog.elf 
arm-none-eabi-objdump -h -S alfred_ultrasonic_hedghog.elf  > "alfred_ultrasonic_hedghog.list"
   text	   data	    bss	    dec	    hex	filename
   4376	      4	   1596	   5976	   1758	alfred_ultrasonic_hedghog.elf
Finished building: default.size.stdout
 
Finished building: alfred_ultrasonic_hedghog.list
 
14:56:08 **** Incremental Build of configuration Debug for project alfred_ultrasonic_hedghog ****
make -j12 all 
arm-none-eabi-gcc "../Core/Src/main.c" -mcpu=cortex-m0 -std=gnu11 -g3 -DDEBUG -DSTM32F030x6 -DUSE_FULL_LL_DRIVER -DHSE_VALUE=8000000 -DHSE_STARTUP_TIMEOUT=100 -DLSE_STARTUP_TIMEOUT=5000 -DLSE_VALUE=32768 -DHSI_VALUE=8000000 -DLSI_VALUE=40000 -DVDD_VALUE=3300 -DPREFETCH_ENABLE=1 -DINSTRUCTION_CACHE_ENABLE=0 -DDATA_CACHE_ENABLE=0 -c -I../Core/Inc -I../Drivers/STM32F0xx_HAL_Driver/Inc -I../Drivers/CMSIS/Device/ST/STM32F0xx/Include -I../Drivers/CMSIS/Include -O0 -ffunction-sections -fdata-sections -Wall -fstack-usage -fcyclomatic-complexity -MMD -MP -MF"Core/Src/main.d" -MT"Core/Src/main.o" --specs=nano.specs -mfloat-abi=soft -mthumb -o "Core/Src/main.o"
arm-none-eabi-gcc -o "alfred_ultrasonic_hedghog.elf" @"objects.list"   -mcpu=cortex-m0 -T"C:\Users\Alfred\STM32CubeIDE\workspace_1.19.0\alfred_ultrasonic_hedghog\STM32F030F4PX_FLASH.ld" --specs=nosys.specs -Wl,-Map="alfred_ultrasonic_hedghog.map" -Wl,--gc-sections -static --specs=nano.specs -mfloat-abi=soft -mthumb -Wl,--start-group -lc -lm -Wl,--end-group
Finished building target: alfred_ultrasonic_hedghog.elf
 
arm-none-eabi-size  alfred_ultrasonic_hedghog.elf 
arm-none-eabi-objdump -h -S alfred_ultrasonic_hedghog.elf  > "alfred_ultrasonic_hedghog.list"
   text	   data	    bss	    dec	    hex	filename
   4372	      4	   1596	   5972	   1754	alfred_ultrasonic_hedghog.elf
Finished building: default.size.stdout
 
Finished building: alfred_ultrasonic_hedghog.list
 
14:58:08 **** Incremental Build of configuration Debug for project alfred_ultrasonic_hedghog ****
make -j12 all 
arm-none-eabi-size  alfred_ultrasonic_hedghog.elf 
   text	   data	    bss	    dec	    hex	filename
   4372	      4	   1596	   5972	   1754	alfred_ultrasonic_hedghog.elf
Finished building: default.size.stdout
 
14:58:57 **** Incremental Build of configuration Debug for project alfred_ultrasonic_hedghog ****
make -j12 all 
arm-none-eabi-gcc "../Core/Src/main.c" -mcpu=cortex-m0 -std=gnu11 -g3 -DDEBUG -DSTM32F030x6 -DUSE_FULL_LL_DRIVER -DHSE_VALUE=8000000 -DHSE_STARTUP_TIMEOUT=100 -DLSE_STARTUP_TIMEOUT=5000 -DLSE_VALUE=32768 -DHSI_VALUE=8000000 -DLSI_VALUE=40000 -DVDD_VALUE=3300 -DPREFETCH_ENABLE=1 -DINSTRUCTION_CACHE_ENABLE=0 -DDATA_CACHE_ENABLE=0 -c -I../Core/Inc -I../Drivers/STM32F0xx_HAL_Driver/Inc -I../Drivers/CMSIS/Device/ST/STM32F0xx/Include -I../Drivers/CMSIS/Include -O0 -ffunction-sections -fdata-sections -Wall -fstack-usage -fcyclomatic-complexity -MMD -MP -MF"Core/Src/main.d" -MT"Core/Src/main.o" --specs=nano.specs -mfloat-abi=soft -mthumb -o "Core/Src/main.o"
arm-none-eabi-gcc -o "alfred_ultrasonic_hedghog.elf" @"objects.list"   -mcpu=cortex-m0 -T"C:\Users\Alfred\STM32CubeIDE\workspace_1.19.0\alfred_ultrasonic_hedghog\STM32F030F4PX_FLASH.ld" --specs=nosys.specs -Wl,-Map="alfred_ultrasonic_hedghog.map" -Wl,--gc-sections -static --specs=nano.specs -mfloat-abi=soft -mthumb -Wl,--start-group -lc -lm -Wl,--end-group
Finished building target: alfred_ultrasonic_hedghog.elf
 
arm-none-eabi-size  alfred_ultrasonic_hedghog.elf 
arm-none-eabi-objdump -h -S alfred_ultrasonic_hedghog.elf  > "alfred_ultrasonic_hedghog.list"
   text	   data	    bss	    dec	    hex	filename
   4372	      4	   1596	   5972	   1754	alfred_ultrasonic_hedghog.elf
Finished building: default.size.stdout
 
Finished building: alfred_ultrasonic_hedghog.list
 
14:59:59 **** Incremental Build of configuration Debug for project alfred_ultrasonic_hedghog ****
make -j12 all 
arm-none-eabi-gcc "../Core/Src/main.c" -mcpu=cortex-m0 -std=gnu11 -g3 -DDEBUG -DSTM32F030x6 -DUSE_FULL_LL_DRIVER -DHSE_VALUE=8000000 -DHSE_STARTUP_TIMEOUT=100 -DLSE_STARTUP_TIMEOUT=5000 -DLSE_VALUE=32768 -DHSI_VALUE=8000000 -DLSI_VALUE=40000 -DVDD_VALUE=3300 -DPREFETCH_ENABLE=1 -DINSTRUCTION_CACHE_ENABLE=0 -DDATA_CACHE_ENABLE=0 -c -I../Core/Inc -I../Drivers/STM32F0xx_HAL_Driver/Inc -I../Drivers/CMSIS/Device/ST/STM32F0xx/Include -I../Drivers/CMSIS/Include -O0 -ffunction-sections -fdata-sections -Wall -fstack-usage -fcyclomatic-complexity -MMD -MP -MF"Core/Src/main.d" -MT"Core/Src/main.o" --specs=nano.specs -mfloat-abi=soft -mthumb -o "Core/Src/main.o"
arm-none-eabi-gcc -o "alfred_ultrasonic_hedghog.elf" @"objects.list"   -mcpu=cortex-m0 -T"C:\Users\Alfred\STM32CubeIDE\workspace_1.19.0\alfred_ultrasonic_hedghog\STM32F030F4PX_FLASH.ld" --specs=nosys.specs -Wl,-Map="alfred_ultrasonic_hedghog.map" -Wl,--gc-sections -static --specs=nano.specs -mfloat-abi=soft -mthumb -Wl,--start-group -lc -lm -Wl,--end-group
Finished building target: alfred_ultrasonic_hedghog.elf
 
arm-none-eabi-size  alfred_ultrasonic_hedghog.elf 
arm-none-eabi-objdump -h -S alfred_ultrasonic_hedghog.elf  > "alfred_ultrasonic_hedghog.list"
   text	   data	    bss	    dec	    hex	filename
   4372	      4	   1596	   5972	   1754	alfred_ultrasonic_hedghog.elf
Finished building: default.size.stdout
 
Finished building: alfred_ultrasonic_hedghog.list
 
15:00:39 **** Incremental Build of configuration Debug for project alfred_ultrasonic_hedghog ****
make -j12 all 
arm-none-eabi-size  alfred_ultrasonic_hedghog.elf 
   text	   data	    bss	    dec	    hex	filename
   4372	      4	   1596	   5972	   1754	alfred_ultrasonic_hedghog.elf
Finished building: default.size.stdout
 
15:01:58 **** Incremental Build of configuration Debug for project alfred_ultrasonic_hedghog ****
make -j12 all 
arm-none-eabi-gcc "../Core/Src/main.c" -mcpu=cortex-m0 -std=gnu11 -g3 -DDEBUG -DSTM32F030x6 -DUSE_FULL_LL_DRIVER -DHSE_VALUE=8000000 -DHSE_STARTUP_TIMEOUT=100 -DLSE_STARTUP_TIMEOUT=5000 -DLSE_VALUE=32768 -DHSI_VALUE=8000000 -DLSI_VALUE=40000 -DVDD_VALUE=3300 -DPREFETCH_ENABLE=1 -DINSTRUCTION_CACHE_ENABLE=0 -DDATA_CACHE_ENABLE=0 -c -I../Core/Inc -I../Drivers/STM32F0xx_HAL_Driver/Inc -I../Drivers/CMSIS/Device/ST/STM32F0xx/Include -I../Drivers/CMSIS/Include -O0 -ffunction-sections -fdata-sections -Wall -fstack-usage -fcyclomatic-complexity -MMD -MP -MF"Core/Src/main.d" -MT"Core/Src/main.o" --specs=nano.specs -mfloat-abi=soft -mthumb -o "Core/Src/main.o"
arm-none-eabi-gcc -o "alfred_ultrasonic_hedghog.elf" @"objects.list"   -mcpu=cortex-m0 -T"C:\Users\Alfred\STM32CubeIDE\workspace_1.19.0\alfred_ultrasonic_hedghog\STM32F030F4PX_FLASH.ld" --specs=nosys.specs -Wl,-Map="alfred_ultrasonic_hedghog.map" -Wl,--gc-sections -static --specs=nano.specs -mfloat-abi=soft -mthumb -Wl,--start-group -lc -lm -Wl,--end-group
Finished building target: alfred_ultrasonic_hedghog.elf
 
arm-none-eabi-size  alfred_ultrasonic_hedghog.elf 
arm-none-eabi-objdump -h -S alfred_ultrasonic_hedghog.elf  > "alfred_ultrasonic_hedghog.list"
   text	   data	    bss	    dec	    hex	filename
   4372	      4	   1596	   5972	   1754	alfred_ultrasonic_hedghog.elf
Finished building: default.size.stdout
 
Finished building: alfred_ultrasonic_hedghog.list
 
15:12:54 **** Incremental Build of configuration Debug for project alfred_ultrasonic_hedghog ****
make -j12 all 
arm-none-eabi-gcc "../Core/Src/main.c" -mcpu=cortex-m0 -std=gnu11 -g3 -DDEBUG -DSTM32F030x6 -DUSE_FULL_LL_DRIVER -DHSE_VALUE=8000000 -DHSE_STARTUP_TIMEOUT=100 -DLSE_STARTUP_TIMEOUT=5000 -DLSE_VALUE=32768 -DHSI_VALUE=8000000 -DLSI_VALUE=40000 -DVDD_VALUE=3300 -DPREFETCH_ENABLE=1 -DINSTRUCTION_CACHE_ENABLE=0 -DDATA_CACHE_ENABLE=0 -c -I../Core/Inc -I../Drivers/STM32F0xx_HAL_Driver/Inc -I../Drivers/CMSIS/Device/ST/STM32F0xx/Include -I../Drivers/CMSIS/Include -O0 -ffunction-sections -fdata-sections -Wall -fstack-usage -fcyclomatic-complexity -MMD -MP -MF"Core/Src/main.d" -MT"Core/Src/main.o" --specs=nano.specs -mfloat-abi=soft -mthumb -o "Core/Src/main.o"
arm-none-eabi-gcc -o "alfred_ultrasonic_hedghog.elf" @"objects.list"   -mcpu=cortex-m0 -T"C:\Users\Alfred\STM32CubeIDE\workspace_1.19.0\alfred_ultrasonic_hedghog\STM32F030F4PX_FLASH.ld" --specs=nosys.specs -Wl,-Map="alfred_ultrasonic_hedghog.map" -Wl,--gc-sections -static --specs=nano.specs -mfloat-abi=soft -mthumb -Wl,--start-group -lc -lm -Wl,--end-group
Finished building target: alfred_ultrasonic_hedghog.elf
 
arm-none-eabi-size  alfred_ultrasonic_hedghog.elf 
arm-none-eabi-objdump -h -S alfred_ultrasonic_hedghog.elf  > "alfred_ultrasonic_hedghog.list"
   text	   data	    bss	    dec	    hex	filename
   4372	      4	   1596	   5972	   1754	alfred_ultrasonic_hedghog.elf
Finished building: default.size.stdout
 
Finished building: alfred_ultrasonic_hedghog.list
 
15:13:32 **** Incremental Build of configuration Debug for project alfred_ultrasonic_hedghog ****
make -j12 all 
arm-none-eabi-gcc "../Core/Src/main.c" -mcpu=cortex-m0 -std=gnu11 -g3 -DDEBUG -DSTM32F030x6 -DUSE_FULL_LL_DRIVER -DHSE_VALUE=8000000 -DHSE_STARTUP_TIMEOUT=100 -DLSE_STARTUP_TIMEOUT=5000 -DLSE_VALUE=32768 -DHSI_VALUE=8000000 -DLSI_VALUE=40000 -DVDD_VALUE=3300 -DPREFETCH_ENABLE=1 -DINSTRUCTION_CACHE_ENABLE=0 -DDATA_CACHE_ENABLE=0 -c -I../Core/Inc -I../Drivers/STM32F0xx_HAL_Driver/Inc -I../Drivers/CMSIS/Device/ST/STM32F0xx/Include -I../Drivers/CMSIS/Include -O0 -ffunction-sections -fdata-sections -Wall -fstack-usage -fcyclomatic-complexity -MMD -MP -MF"Core/Src/main.d" -MT"Core/Src/main.o" --specs=nano.specs -mfloat-abi=soft -mthumb -o "Core/Src/main.o"
arm-none-eabi-gcc -o "alfred_ultrasonic_hedghog.elf" @"objects.list"   -mcpu=cortex-m0 -T"C:\Users\Alfred\STM32CubeIDE\workspace_1.19.0\alfred_ultrasonic_hedghog\STM32F030F4PX_FLASH.ld" --specs=nosys.specs -Wl,-Map="alfred_ultrasonic_hedghog.map" -Wl,--gc-sections -static --specs=nano.specs -mfloat-abi=soft -mthumb -Wl,--start-group -lc -lm -Wl,--end-group
Finished building target: alfred_ultrasonic_hedghog.elf
 
arm-none-eabi-size  alfred_ultrasonic_hedghog.elf 
arm-none-eabi-objdump -h -S alfred_ultrasonic_hedghog.elf  > "alfred_ultrasonic_hedghog.list"
   text	   data	    bss	    dec	    hex	filename
   4372	      4	   1596	   5972	   1754	alfred_ultrasonic_hedghog.elf
Finished building: default.size.stdout
 
Finished building: alfred_ultrasonic_hedghog.list
 
15:15:05 **** Incremental Build of configuration Debug for project alfred_ultrasonic_hedghog ****
make -j12 all 
arm-none-eabi-gcc "../Core/Src/main.c" -mcpu=cortex-m0 -std=gnu11 -g3 -DDEBUG -DSTM32F030x6 -DUSE_FULL_LL_DRIVER -DHSE_VALUE=8000000 -DHSE_STARTUP_TIMEOUT=100 -DLSE_STARTUP_TIMEOUT=5000 -DLSE_VALUE=32768 -DHSI_VALUE=8000000 -DLSI_VALUE=40000 -DVDD_VALUE=3300 -DPREFETCH_ENABLE=1 -DINSTRUCTION_CACHE_ENABLE=0 -DDATA_CACHE_ENABLE=0 -c -I../Core/Inc -I../Drivers/STM32F0xx_HAL_Driver/Inc -I../Drivers/CMSIS/Device/ST/STM32F0xx/Include -I../Drivers/CMSIS/Include -O0 -ffunction-sections -fdata-sections -Wall -fstack-usage -fcyclomatic-complexity -MMD -MP -MF"Core/Src/main.d" -MT"Core/Src/main.o" --specs=nano.specs -mfloat-abi=soft -mthumb -o "Core/Src/main.o"
arm-none-eabi-gcc -o "alfred_ultrasonic_hedghog.elf" @"objects.list"   -mcpu=cortex-m0 -T"C:\Users\Alfred\STM32CubeIDE\workspace_1.19.0\alfred_ultrasonic_hedghog\STM32F030F4PX_FLASH.ld" --specs=nosys.specs -Wl,-Map="alfred_ultrasonic_hedghog.map" -Wl,--gc-sections -static --specs=nano.specs -mfloat-abi=soft -mthumb -Wl,--start-group -lc -lm -Wl,--end-group
Finished building target: alfred_ultrasonic_hedghog.elf
 
arm-none-eabi-size  alfred_ultrasonic_hedghog.elf 
arm-none-eabi-objdump -h -S alfred_ultrasonic_hedghog.elf  > "alfred_ultrasonic_hedghog.list"
   text	   data	    bss	    dec	    hex	filename
   4372	      4	   1596	   5972	   1754	alfred_ultrasonic_hedghog.elf
Finished building: default.size.stdout
 
Finished building: alfred_ultrasonic_hedghog.list
 
15:20:21 **** Incremental Build of configuration Debug for project alfred_ultrasonic_hedghog ****
make -j12 all 
arm-none-eabi-gcc "../Core/Src/main.c" -mcpu=cortex-m0 -std=gnu11 -g3 -DDEBUG -DSTM32F030x6 -DUSE_FULL_LL_DRIVER -DHSE_VALUE=8000000 -DHSE_STARTUP_TIMEOUT=100 -DLSE_STARTUP_TIMEOUT=5000 -DLSE_VALUE=32768 -DHSI_VALUE=8000000 -DLSI_VALUE=40000 -DVDD_VALUE=3300 -DPREFETCH_ENABLE=1 -DINSTRUCTION_CACHE_ENABLE=0 -DDATA_CACHE_ENABLE=0 -c -I../Core/Inc -I../Drivers/STM32F0xx_HAL_Driver/Inc -I../Drivers/CMSIS/Device/ST/STM32F0xx/Include -I../Drivers/CMSIS/Include -O0 -ffunction-sections -fdata-sections -Wall -fstack-usage -fcyclomatic-complexity -MMD -MP -MF"Core/Src/main.d" -MT"Core/Src/main.o" --specs=nano.specs -mfloat-abi=soft -mthumb -o "Core/Src/main.o"
arm-none-eabi-gcc -o "alfred_ultrasonic_hedghog.elf" @"objects.list"   -mcpu=cortex-m0 -T"C:\Users\Alfred\STM32CubeIDE\workspace_1.19.0\alfred_ultrasonic_hedghog\STM32F030F4PX_FLASH.ld" --specs=nosys.specs -Wl,-Map="alfred_ultrasonic_hedghog.map" -Wl,--gc-sections -static --specs=nano.specs -mfloat-abi=soft -mthumb -Wl,--start-group -lc -lm -Wl,--end-group
Finished building target: alfred_ultrasonic_hedghog.elf
 
arm-none-eabi-size  alfred_ultrasonic_hedghog.elf 
arm-none-eabi-objdump -h -S alfred_ultrasonic_hedghog.elf  > "alfred_ultrasonic_hedghog.list"
   text	   data	    bss	    dec	    hex	filename
   4372	      4	   1596	   5972	   1754	alfred_ultrasonic_hedghog.elf
Finished building: default.size.stdout
 
Finished building: alfred_ultrasonic_hedghog.list
 
16:41:15 **** Incremental Build of configuration Debug for project alfred_ultrasonic_hedghog ****
make -j12 all 
arm-none-eabi-gcc "../Core/Src/main.c" -mcpu=cortex-m0 -std=gnu11 -g3 -DDEBUG -DSTM32F030x6 -DUSE_FULL_LL_DRIVER -DHSE_VALUE=8000000 -DHSE_STARTUP_TIMEOUT=100 -DLSE_STARTUP_TIMEOUT=5000 -DLSE_VALUE=32768 -DHSI_VALUE=8000000 -DLSI_VALUE=40000 -DVDD_VALUE=3300 -DPREFETCH_ENABLE=1 -DINSTRUCTION_CACHE_ENABLE=0 -DDATA_CACHE_ENABLE=0 -c -I../Core/Inc -I../Drivers/STM32F0xx_HAL_Driver/Inc -I../Drivers/CMSIS/Device/ST/STM32F0xx/Include -I../Drivers/CMSIS/Include -O0 -ffunction-sections -fdata-sections -Wall -fstack-usage -fcyclomatic-complexity -MMD -MP -MF"Core/Src/main.d" -MT"Core/Src/main.o" --specs=nano.specs -mfloat-abi=soft -mthumb -o "Core/Src/main.o"
arm-none-eabi-gcc -o "alfred_ultrasonic_hedghog.elf" @"objects.list"   -mcpu=cortex-m0 -T"C:\Users\Alfred\STM32CubeIDE\workspace_1.19.0\alfred_ultrasonic_hedghog\STM32F030F4PX_FLASH.ld" --specs=nosys.specs -Wl,-Map="alfred_ultrasonic_hedghog.map" -Wl,--gc-sections -static --specs=nano.specs -mfloat-abi=soft -mthumb -Wl,--start-group -lc -lm -Wl,--end-group
Finished building target: alfred_ultrasonic_hedghog.elf
 
arm-none-eabi-size  alfred_ultrasonic_hedghog.elf 
arm-none-eabi-objdump -h -S alfred_ultrasonic_hedghog.elf  > "alfred_ultrasonic_hedghog.list"
   text	   data	    bss	    dec	    hex	filename
   4372	      4	   1596	   5972	   1754	alfred_ultrasonic_hedghog.elf
Finished building: default.size.stdout
 
Finished building: alfred_ultrasonic_hedghog.list
 
16:44:24 **** Incremental Build of configuration Debug for project alfred_ultrasonic_hedghog ****
make -j12 all 
arm-none-eabi-gcc "../Core/Src/main.c" -mcpu=cortex-m0 -std=gnu11 -g3 -DDEBUG -DSTM32F030x6 -DUSE_FULL_LL_DRIVER -DHSE_VALUE=8000000 -DHSE_STARTUP_TIMEOUT=100 -DLSE_STARTUP_TIMEOUT=5000 -DLSE_VALUE=32768 -DHSI_VALUE=8000000 -DLSI_VALUE=40000 -DVDD_VALUE=3300 -DPREFETCH_ENABLE=1 -DINSTRUCTION_CACHE_ENABLE=0 -DDATA_CACHE_ENABLE=0 -c -I../Core/Inc -I../Drivers/STM32F0xx_HAL_Driver/Inc -I../Drivers/CMSIS/Device/ST/STM32F0xx/Include -I../Drivers/CMSIS/Include -O0 -ffunction-sections -fdata-sections -Wall -fstack-usage -fcyclomatic-complexity -MMD -MP -MF"Core/Src/main.d" -MT"Core/Src/main.o" --specs=nano.specs -mfloat-abi=soft -mthumb -o "Core/Src/main.o"
arm-none-eabi-gcc -o "alfred_ultrasonic_hedghog.elf" @"objects.list"   -mcpu=cortex-m0 -T"C:\Users\Alfred\STM32CubeIDE\workspace_1.19.0\alfred_ultrasonic_hedghog\STM32F030F4PX_FLASH.ld" --specs=nosys.specs -Wl,-Map="alfred_ultrasonic_hedghog.map" -Wl,--gc-sections -static --specs=nano.specs -mfloat-abi=soft -mthumb -Wl,--start-group -lc -lm -Wl,--end-group
Finished building target: alfred_ultrasonic_hedghog.elf
 
arm-none-eabi-size  alfred_ultrasonic_hedghog.elf 
arm-none-eabi-objdump -h -S alfred_ultrasonic_hedghog.elf  > "alfred_ultrasonic_hedghog.list"
   text	   data	    bss	    dec	    hex	filename
   4372	      4	   1596	   5972	   1754	alfred_ultrasonic_hedghog.elf
Finished building: default.size.stdout
 
Finished building: alfred_ultrasonic_hedghog.list
 
16:44:59 **** Incremental Build of configuration Debug for project alfred_ultrasonic_hedghog ****
make -j12 all 
arm-none-eabi-gcc "../Core/Src/main.c" -mcpu=cortex-m0 -std=gnu11 -g3 -DDEBUG -DSTM32F030x6 -DUSE_FULL_LL_DRIVER -DHSE_VALUE=8000000 -DHSE_STARTUP_TIMEOUT=100 -DLSE_STARTUP_TIMEOUT=5000 -DLSE_VALUE=32768 -DHSI_VALUE=8000000 -DLSI_VALUE=40000 -DVDD_VALUE=3300 -DPREFETCH_ENABLE=1 -DINSTRUCTION_CACHE_ENABLE=0 -DDATA_CACHE_ENABLE=0 -c -I../Core/Inc -I../Drivers/STM32F0xx_HAL_Driver/Inc -I../Drivers/CMSIS/Device/ST/STM32F0xx/Include -I../Drivers/CMSIS/Include -O0 -ffunction-sections -fdata-sections -Wall -fstack-usage -fcyclomatic-complexity -MMD -MP -MF"Core/Src/main.d" -MT"Core/Src/main.o" --specs=nano.specs -mfloat-abi=soft -mthumb -o "Core/Src/main.o"
arm-none-eabi-gcc -o "alfred_ultrasonic_hedghog.elf" @"objects.list"   -mcpu=cortex-m0 -T"C:\Users\Alfred\STM32CubeIDE\workspace_1.19.0\alfred_ultrasonic_hedghog\STM32F030F4PX_FLASH.ld" --specs=nosys.specs -Wl,-Map="alfred_ultrasonic_hedghog.map" -Wl,--gc-sections -static --specs=nano.specs -mfloat-abi=soft -mthumb -Wl,--start-group -lc -lm -Wl,--end-group
Finished building target: alfred_ultrasonic_hedghog.elf
 
arm-none-eabi-size  alfred_ultrasonic_hedghog.elf 
arm-none-eabi-objdump -h -S alfred_ultrasonic_hedghog.elf  > "alfred_ultrasonic_hedghog.list"
   text	   data	    bss	    dec	    hex	filename
   4372	      4	   1596	   5972	   1754	alfred_ultrasonic_hedghog.elf
Finished building: default.size.stdout
 
Finished building: alfred_ultrasonic_hedghog.list
 
16:45:18 **** Incremental Build of configuration Debug for project alfred_ultrasonic_hedghog ****
make -j12 all 
arm-none-eabi-gcc "../Core/Src/main.c" -mcpu=cortex-m0 -std=gnu11 -g3 -DDEBUG -DSTM32F030x6 -DUSE_FULL_LL_DRIVER -DHSE_VALUE=8000000 -DHSE_STARTUP_TIMEOUT=100 -DLSE_STARTUP_TIMEOUT=5000 -DLSE_VALUE=32768 -DHSI_VALUE=8000000 -DLSI_VALUE=40000 -DVDD_VALUE=3300 -DPREFETCH_ENABLE=1 -DINSTRUCTION_CACHE_ENABLE=0 -DDATA_CACHE_ENABLE=0 -c -I../Core/Inc -I../Drivers/STM32F0xx_HAL_Driver/Inc -I../Drivers/CMSIS/Device/ST/STM32F0xx/Include -I../Drivers/CMSIS/Include -O0 -ffunction-sections -fdata-sections -Wall -fstack-usage -fcyclomatic-complexity -MMD -MP -MF"Core/Src/main.d" -MT"Core/Src/main.o" --specs=nano.specs -mfloat-abi=soft -mthumb -o "Core/Src/main.o"
arm-none-eabi-gcc -o "alfred_ultrasonic_hedghog.elf" @"objects.list"   -mcpu=cortex-m0 -T"C:\Users\Alfred\STM32CubeIDE\workspace_1.19.0\alfred_ultrasonic_hedghog\STM32F030F4PX_FLASH.ld" --specs=nosys.specs -Wl,-Map="alfred_ultrasonic_hedghog.map" -Wl,--gc-sections -static --specs=nano.specs -mfloat-abi=soft -mthumb -Wl,--start-group -lc -lm -Wl,--end-group
Finished building target: alfred_ultrasonic_hedghog.elf
 
arm-none-eabi-size  alfred_ultrasonic_hedghog.elf 
arm-none-eabi-objdump -h -S alfred_ultrasonic_hedghog.elf  > "alfred_ultrasonic_hedghog.list"
   text	   data	    bss	    dec	    hex	filename
   4372	      4	   1596	   5972	   1754	alfred_ultrasonic_hedghog.elf
Finished building: default.size.stdout
 
Finished building: alfred_ultrasonic_hedghog.list
 
17:00:37 **** Incremental Build of configuration Debug for project alfred_ultrasonic_hedghog ****
make -j12 all 
arm-none-eabi-gcc "../Core/Src/main.c" -mcpu=cortex-m0 -std=gnu11 -g3 -DDEBUG -DSTM32F030x6 -DUSE_FULL_LL_DRIVER -DHSE_VALUE=8000000 -DHSE_STARTUP_TIMEOUT=100 -DLSE_STARTUP_TIMEOUT=5000 -DLSE_VALUE=32768 -DHSI_VALUE=8000000 -DLSI_VALUE=40000 -DVDD_VALUE=3300 -DPREFETCH_ENABLE=1 -DINSTRUCTION_CACHE_ENABLE=0 -DDATA_CACHE_ENABLE=0 -c -I../Core/Inc -I../Drivers/STM32F0xx_HAL_Driver/Inc -I../Drivers/CMSIS/Device/ST/STM32F0xx/Include -I../Drivers/CMSIS/Include -O0 -ffunction-sections -fdata-sections -Wall -fstack-usage -fcyclomatic-complexity -MMD -MP -MF"Core/Src/main.d" -MT"Core/Src/main.o" --specs=nano.specs -mfloat-abi=soft -mthumb -o "Core/Src/main.o"
arm-none-eabi-gcc -o "alfred_ultrasonic_hedghog.elf" @"objects.list"   -mcpu=cortex-m0 -T"C:\Users\Alfred\STM32CubeIDE\workspace_1.19.0\alfred_ultrasonic_hedghog\STM32F030F4PX_FLASH.ld" --specs=nosys.specs -Wl,-Map="alfred_ultrasonic_hedghog.map" -Wl,--gc-sections -static --specs=nano.specs -mfloat-abi=soft -mthumb -Wl,--start-group -lc -lm -Wl,--end-group
Finished building target: alfred_ultrasonic_hedghog.elf
 
arm-none-eabi-size  alfred_ultrasonic_hedghog.elf 
arm-none-eabi-objdump -h -S alfred_ultrasonic_hedghog.elf  > "alfred_ultrasonic_hedghog.list"
   text	   data	    bss	    dec	    hex	filename
   4372	      4	   1596	   5972	   1754	alfred_ultrasonic_hedghog.elf
Finished building: default.size.stdout
 
Finished building: alfred_ultrasonic_hedghog.list
 
17:01:15 **** Incremental Build of configuration Debug for project alfred_ultrasonic_hedghog ****
make -j12 all 
arm-none-eabi-gcc "../Core/Src/main.c" -mcpu=cortex-m0 -std=gnu11 -g3 -DDEBUG -DSTM32F030x6 -DUSE_FULL_LL_DRIVER -DHSE_VALUE=8000000 -DHSE_STARTUP_TIMEOUT=100 -DLSE_STARTUP_TIMEOUT=5000 -DLSE_VALUE=32768 -DHSI_VALUE=8000000 -DLSI_VALUE=40000 -DVDD_VALUE=3300 -DPREFETCH_ENABLE=1 -DINSTRUCTION_CACHE_ENABLE=0 -DDATA_CACHE_ENABLE=0 -c -I../Core/Inc -I../Drivers/STM32F0xx_HAL_Driver/Inc -I../Drivers/CMSIS/Device/ST/STM32F0xx/Include -I../Drivers/CMSIS/Include -O0 -ffunction-sections -fdata-sections -Wall -fstack-usage -fcyclomatic-complexity -MMD -MP -MF"Core/Src/main.d" -MT"Core/Src/main.o" --specs=nano.specs -mfloat-abi=soft -mthumb -o "Core/Src/main.o"
arm-none-eabi-gcc -o "alfred_ultrasonic_hedghog.elf" @"objects.list"   -mcpu=cortex-m0 -T"C:\Users\Alfred\STM32CubeIDE\workspace_1.19.0\alfred_ultrasonic_hedghog\STM32F030F4PX_FLASH.ld" --specs=nosys.specs -Wl,-Map="alfred_ultrasonic_hedghog.map" -Wl,--gc-sections -static --specs=nano.specs -mfloat-abi=soft -mthumb -Wl,--start-group -lc -lm -Wl,--end-group
Finished building target: alfred_ultrasonic_hedghog.elf
 
arm-none-eabi-size  alfred_ultrasonic_hedghog.elf 
arm-none-eabi-objdump -h -S alfred_ultrasonic_hedghog.elf  > "alfred_ultrasonic_hedghog.list"
   text	   data	    bss	    dec	    hex	filename
   4372	      4	   1596	   5972	   1754	alfred_ultrasonic_hedghog.elf
Finished building: default.size.stdout
 
Finished building: alfred_ultrasonic_hedghog.list
 
17:06:42 **** Incremental Build of configuration Debug for project alfred_ultrasonic_hedghog ****
make -j12 all 
arm-none-eabi-gcc "../Core/Src/main.c" -mcpu=cortex-m0 -std=gnu11 -g3 -DDEBUG -DSTM32F030x6 -DUSE_FULL_LL_DRIVER -DHSE_VALUE=8000000 -DHSE_STARTUP_TIMEOUT=100 -DLSE_STARTUP_TIMEOUT=5000 -DLSE_VALUE=32768 -DHSI_VALUE=8000000 -DLSI_VALUE=40000 -DVDD_VALUE=3300 -DPREFETCH_ENABLE=1 -DINSTRUCTION_CACHE_ENABLE=0 -DDATA_CACHE_ENABLE=0 -c -I../Core/Inc -I../Drivers/STM32F0xx_HAL_Driver/Inc -I../Drivers/CMSIS/Device/ST/STM32F0xx/Include -I../Drivers/CMSIS/Include -O0 -ffunction-sections -fdata-sections -Wall -fstack-usage -fcyclomatic-complexity -MMD -MP -MF"Core/Src/main.d" -MT"Core/Src/main.o" --specs=nano.specs -mfloat-abi=soft -mthumb -o "Core/Src/main.o"
arm-none-eabi-gcc -o "alfred_ultrasonic_hedghog.elf" @"objects.list"   -mcpu=cortex-m0 -T"C:\Users\Alfred\STM32CubeIDE\workspace_1.19.0\alfred_ultrasonic_hedghog\STM32F030F4PX_FLASH.ld" --specs=nosys.specs -Wl,-Map="alfred_ultrasonic_hedghog.map" -Wl,--gc-sections -static --specs=nano.specs -mfloat-abi=soft -mthumb -Wl,--start-group -lc -lm -Wl,--end-group
Finished building target: alfred_ultrasonic_hedghog.elf
 
arm-none-eabi-size  alfred_ultrasonic_hedghog.elf 
arm-none-eabi-objdump -h -S alfred_ultrasonic_hedghog.elf  > "alfred_ultrasonic_hedghog.list"
   text	   data	    bss	    dec	    hex	filename
   4372	      4	   1596	   5972	   1754	alfred_ultrasonic_hedghog.elf
Finished building: default.size.stdout
 
Finished building: alfred_ultrasonic_hedghog.list
 
17:06:50 **** Incremental Build of configuration Debug for project alfred_ultrasonic_hedghog ****
make -j12 all 
arm-none-eabi-gcc "../Core/Src/main.c" -mcpu=cortex-m0 -std=gnu11 -g3 -DDEBUG -DSTM32F030x6 -DUSE_FULL_LL_DRIVER -DHSE_VALUE=8000000 -DHSE_STARTUP_TIMEOUT=100 -DLSE_STARTUP_TIMEOUT=5000 -DLSE_VALUE=32768 -DHSI_VALUE=8000000 -DLSI_VALUE=40000 -DVDD_VALUE=3300 -DPREFETCH_ENABLE=1 -DINSTRUCTION_CACHE_ENABLE=0 -DDATA_CACHE_ENABLE=0 -c -I../Core/Inc -I../Drivers/STM32F0xx_HAL_Driver/Inc -I../Drivers/CMSIS/Device/ST/STM32F0xx/Include -I../Drivers/CMSIS/Include -O0 -ffunction-sections -fdata-sections -Wall -fstack-usage -fcyclomatic-complexity -MMD -MP -MF"Core/Src/main.d" -MT"Core/Src/main.o" --specs=nano.specs -mfloat-abi=soft -mthumb -o "Core/Src/main.o"
arm-none-eabi-gcc -o "alfred_ultrasonic_hedghog.elf" @"objects.list"   -mcpu=cortex-m0 -T"C:\Users\Alfred\STM32CubeIDE\workspace_1.19.0\alfred_ultrasonic_hedghog\STM32F030F4PX_FLASH.ld" --specs=nosys.specs -Wl,-Map="alfred_ultrasonic_hedghog.map" -Wl,--gc-sections -static --specs=nano.specs -mfloat-abi=soft -mthumb -Wl,--start-group -lc -lm -Wl,--end-group
Finished building target: alfred_ultrasonic_hedghog.elf
 
arm-none-eabi-size  alfred_ultrasonic_hedghog.elf 
arm-none-eabi-objdump -h -S alfred_ultrasonic_hedghog.elf  > "alfred_ultrasonic_hedghog.list"
   text	   data	    bss	    dec	    hex	filename
   4372	      4	   1596	   5972	   1754	alfred_ultrasonic_hedghog.elf
Finished building: default.size.stdout
 
Finished building: alfred_ultrasonic_hedghog.list
 
17:08:38 **** Incremental Build of configuration Debug for project alfred_ultrasonic_hedghog ****
make -j12 all 
arm-none-eabi-gcc "../Core/Src/main.c" -mcpu=cortex-m0 -std=gnu11 -g3 -DDEBUG -DSTM32F030x6 -DUSE_FULL_LL_DRIVER -DHSE_VALUE=8000000 -DHSE_STARTUP_TIMEOUT=100 -DLSE_STARTUP_TIMEOUT=5000 -DLSE_VALUE=32768 -DHSI_VALUE=8000000 -DLSI_VALUE=40000 -DVDD_VALUE=3300 -DPREFETCH_ENABLE=1 -DINSTRUCTION_CACHE_ENABLE=0 -DDATA_CACHE_ENABLE=0 -c -I../Core/Inc -I../Drivers/STM32F0xx_HAL_Driver/Inc -I../Drivers/CMSIS/Device/ST/STM32F0xx/Include -I../Drivers/CMSIS/Include -O0 -ffunction-sections -fdata-sections -Wall -fstack-usage -fcyclomatic-complexity -MMD -MP -MF"Core/Src/main.d" -MT"Core/Src/main.o" --specs=nano.specs -mfloat-abi=soft -mthumb -o "Core/Src/main.o"
arm-none-eabi-gcc -o "alfred_ultrasonic_hedghog.elf" @"objects.list"   -mcpu=cortex-m0 -T"C:\Users\Alfred\STM32CubeIDE\workspace_1.19.0\alfred_ultrasonic_hedghog\STM32F030F4PX_FLASH.ld" --specs=nosys.specs -Wl,-Map="alfred_ultrasonic_hedghog.map" -Wl,--gc-sections -static --specs=nano.specs -mfloat-abi=soft -mthumb -Wl,--start-group -lc -lm -Wl,--end-group
Finished building target: alfred_ultrasonic_hedghog.elf
 
arm-none-eabi-size  alfred_ultrasonic_hedghog.elf 
arm-none-eabi-objdump -h -S alfred_ultrasonic_hedghog.elf  > "alfred_ultrasonic_hedghog.list"
   text	   data	    bss	    dec	    hex	filename
   4372	      4	   1596	   5972	   1754	alfred_ultrasonic_hedghog.elf
Finished building: default.size.stdout
 
Finished building: alfred_ultrasonic_hedghog.list
 
12:47:24 **** Incremental Build of configuration Debug for project alfred_ultrasonic_hedghog ****
make -j12 all 
arm-none-eabi-gcc "../Core/Src/main.c" -mcpu=cortex-m0 -std=gnu11 -g3 -DDEBUG -DSTM32F030x6 -DUSE_FULL_LL_DRIVER -DHSE_VALUE=8000000 -DHSE_STARTUP_TIMEOUT=100 -DLSE_STARTUP_TIMEOUT=5000 -DLSE_VALUE=32768 -DHSI_VALUE=8000000 -DLSI_VALUE=40000 -DVDD_VALUE=3300 -DPREFETCH_ENABLE=1 -DINSTRUCTION_CACHE_ENABLE=0 -DDATA_CACHE_ENABLE=0 -c -I../Core/Inc -I../Drivers/STM32F0xx_HAL_Driver/Inc -I../Drivers/CMSIS/Device/ST/STM32F0xx/Include -I../Drivers/CMSIS/Include -O0 -ffunction-sections -fdata-sections -Wall -fstack-usage -fcyclomatic-complexity -MMD -MP -MF"Core/Src/main.d" -MT"Core/Src/main.o" --specs=nano.specs -mfloat-abi=soft -mthumb -o "Core/Src/main.o"
arm-none-eabi-gcc -o "alfred_ultrasonic_hedghog.elf" @"objects.list"   -mcpu=cortex-m0 -T"C:\Users\Alfred\STM32CubeIDE\workspace_1.19.0\alfred_ultrasonic_hedghog\STM32F030F4PX_FLASH.ld" --specs=nosys.specs -Wl,-Map="alfred_ultrasonic_hedghog.map" -Wl,--gc-sections -static --specs=nano.specs -mfloat-abi=soft -mthumb -Wl,--start-group -lc -lm -Wl,--end-group
Finished building target: alfred_ultrasonic_hedghog.elf
 
arm-none-eabi-size  alfred_ultrasonic_hedghog.elf 
arm-none-eabi-objdump -h -S alfred_ultrasonic_hedghog.elf  > "alfred_ultrasonic_hedghog.list"
   text	   data	    bss	    dec	    hex	filename
   4376	      4	   1596	   5976	   1758	alfred_ultrasonic_hedghog.elf
Finished building: default.size.stdout
 
Finished building: alfred_ultrasonic_hedghog.list
 
12:47:56 **** Incremental Build of configuration Debug for project alfred_ultrasonic_hedghog ****
make -j12 all 
arm-none-eabi-gcc "../Core/Src/main.c" -mcpu=cortex-m0 -std=gnu11 -g3 -DDEBUG -DSTM32F030x6 -DUSE_FULL_LL_DRIVER -DHSE_VALUE=8000000 -DHSE_STARTUP_TIMEOUT=100 -DLSE_STARTUP_TIMEOUT=5000 -DLSE_VALUE=32768 -DHSI_VALUE=8000000 -DLSI_VALUE=40000 -DVDD_VALUE=3300 -DPREFETCH_ENABLE=1 -DINSTRUCTION_CACHE_ENABLE=0 -DDATA_CACHE_ENABLE=0 -c -I../Core/Inc -I../Drivers/STM32F0xx_HAL_Driver/Inc -I../Drivers/CMSIS/Device/ST/STM32F0xx/Include -I../Drivers/CMSIS/Include -O0 -ffunction-sections -fdata-sections -Wall -fstack-usage -fcyclomatic-complexity -MMD -MP -MF"Core/Src/main.d" -MT"Core/Src/main.o" --specs=nano.specs -mfloat-abi=soft -mthumb -o "Core/Src/main.o"
arm-none-eabi-gcc -o "alfred_ultrasonic_hedghog.elf" @"objects.list"   -mcpu=cortex-m0 -T"C:\Users\Alfred\STM32CubeIDE\workspace_1.19.0\alfred_ultrasonic_hedghog\STM32F030F4PX_FLASH.ld" --specs=nosys.specs -Wl,-Map="alfred_ultrasonic_hedghog.map" -Wl,--gc-sections -static --specs=nano.specs -mfloat-abi=soft -mthumb -Wl,--start-group -lc -lm -Wl,--end-group
Finished building target: alfred_ultrasonic_hedghog.elf
 
arm-none-eabi-size  alfred_ultrasonic_hedghog.elf 
arm-none-eabi-objdump -h -S alfred_ultrasonic_hedghog.elf  > "alfred_ultrasonic_hedghog.list"
   text	   data	    bss	    dec	    hex	filename
   4376	      4	   1596	   5976	   1758	alfred_ultrasonic_hedghog.elf
Finished building: default.size.stdout
 
Finished building: alfred_ultrasonic_hedghog.list
 
12:48:43 **** Incremental Build of configuration Debug for project alfred_ultrasonic_hedghog ****
make -j12 all 
arm-none-eabi-gcc "../Core/Src/main.c" -mcpu=cortex-m0 -std=gnu11 -g3 -DDEBUG -DSTM32F030x6 -DUSE_FULL_LL_DRIVER -DHSE_VALUE=8000000 -DHSE_STARTUP_TIMEOUT=100 -DLSE_STARTUP_TIMEOUT=5000 -DLSE_VALUE=32768 -DHSI_VALUE=8000000 -DLSI_VALUE=40000 -DVDD_VALUE=3300 -DPREFETCH_ENABLE=1 -DINSTRUCTION_CACHE_ENABLE=0 -DDATA_CACHE_ENABLE=0 -c -I../Core/Inc -I../Drivers/STM32F0xx_HAL_Driver/Inc -I../Drivers/CMSIS/Device/ST/STM32F0xx/Include -I../Drivers/CMSIS/Include -O0 -ffunction-sections -fdata-sections -Wall -fstack-usage -fcyclomatic-complexity -MMD -MP -MF"Core/Src/main.d" -MT"Core/Src/main.o" --specs=nano.specs -mfloat-abi=soft -mthumb -o "Core/Src/main.o"
arm-none-eabi-gcc -o "alfred_ultrasonic_hedghog.elf" @"objects.list"   -mcpu=cortex-m0 -T"C:\Users\Alfred\STM32CubeIDE\workspace_1.19.0\alfred_ultrasonic_hedghog\STM32F030F4PX_FLASH.ld" --specs=nosys.specs -Wl,-Map="alfred_ultrasonic_hedghog.map" -Wl,--gc-sections -static --specs=nano.specs -mfloat-abi=soft -mthumb -Wl,--start-group -lc -lm -Wl,--end-group
Finished building target: alfred_ultrasonic_hedghog.elf
 
arm-none-eabi-size  alfred_ultrasonic_hedghog.elf 
arm-none-eabi-objdump -h -S alfred_ultrasonic_hedghog.elf  > "alfred_ultrasonic_hedghog.list"
   text	   data	    bss	    dec	    hex	filename
   4372	      4	   1596	   5972	   1754	alfred_ultrasonic_hedghog.elf
Finished building: default.size.stdout
 
Finished building: alfred_ultrasonic_hedghog.list
 
12:49:20 **** Incremental Build of configuration Debug for project alfred_ultrasonic_hedghog ****
make -j12 all 
arm-none-eabi-gcc "../Core/Src/main.c" -mcpu=cortex-m0 -std=gnu11 -g3 -DDEBUG -DSTM32F030x6 -DUSE_FULL_LL_DRIVER -DHSE_VALUE=8000000 -DHSE_STARTUP_TIMEOUT=100 -DLSE_STARTUP_TIMEOUT=5000 -DLSE_VALUE=32768 -DHSI_VALUE=8000000 -DLSI_VALUE=40000 -DVDD_VALUE=3300 -DPREFETCH_ENABLE=1 -DINSTRUCTION_CACHE_ENABLE=0 -DDATA_CACHE_ENABLE=0 -c -I../Core/Inc -I../Drivers/STM32F0xx_HAL_Driver/Inc -I../Drivers/CMSIS/Device/ST/STM32F0xx/Include -I../Drivers/CMSIS/Include -O0 -ffunction-sections -fdata-sections -Wall -fstack-usage -fcyclomatic-complexity -MMD -MP -MF"Core/Src/main.d" -MT"Core/Src/main.o" --specs=nano.specs -mfloat-abi=soft -mthumb -o "Core/Src/main.o"
arm-none-eabi-gcc -o "alfred_ultrasonic_hedghog.elf" @"objects.list"   -mcpu=cortex-m0 -T"C:\Users\Alfred\STM32CubeIDE\workspace_1.19.0\alfred_ultrasonic_hedghog\STM32F030F4PX_FLASH.ld" --specs=nosys.specs -Wl,-Map="alfred_ultrasonic_hedghog.map" -Wl,--gc-sections -static --specs=nano.specs -mfloat-abi=soft -mthumb -Wl,--start-group -lc -lm -Wl,--end-group
Finished building target: alfred_ultrasonic_hedghog.elf
 
arm-none-eabi-size  alfred_ultrasonic_hedghog.elf 
arm-none-eabi-objdump -h -S alfred_ultrasonic_hedghog.elf  > "alfred_ultrasonic_hedghog.list"
   text	   data	    bss	    dec	    hex	filename
   4372	      4	   1596	   5972	   1754	alfred_ultrasonic_hedghog.elf
Finished building: default.size.stdout
 
Finished building: alfred_ultrasonic_hedghog.list
 
12:50:03 **** Incremental Build of configuration Debug for project alfred_ultrasonic_hedghog ****
make -j12 all 
arm-none-eabi-gcc "../Core/Src/main.c" -mcpu=cortex-m0 -std=gnu11 -g3 -DDEBUG -DSTM32F030x6 -DUSE_FULL_LL_DRIVER -DHSE_VALUE=8000000 -DHSE_STARTUP_TIMEOUT=100 -DLSE_STARTUP_TIMEOUT=5000 -DLSE_VALUE=32768 -DHSI_VALUE=8000000 -DLSI_VALUE=40000 -DVDD_VALUE=3300 -DPREFETCH_ENABLE=1 -DINSTRUCTION_CACHE_ENABLE=0 -DDATA_CACHE_ENABLE=0 -c -I../Core/Inc -I../Drivers/STM32F0xx_HAL_Driver/Inc -I../Drivers/CMSIS/Device/ST/STM32F0xx/Include -I../Drivers/CMSIS/Include -O0 -ffunction-sections -fdata-sections -Wall -fstack-usage -fcyclomatic-complexity -MMD -MP -MF"Core/Src/main.d" -MT"Core/Src/main.o" --specs=nano.specs -mfloat-abi=soft -mthumb -o "Core/Src/main.o"
arm-none-eabi-gcc -o "alfred_ultrasonic_hedghog.elf" @"objects.list"   -mcpu=cortex-m0 -T"C:\Users\Alfred\STM32CubeIDE\workspace_1.19.0\alfred_ultrasonic_hedghog\STM32F030F4PX_FLASH.ld" --specs=nosys.specs -Wl,-Map="alfred_ultrasonic_hedghog.map" -Wl,--gc-sections -static --specs=nano.specs -mfloat-abi=soft -mthumb -Wl,--start-group -lc -lm -Wl,--end-group
Finished building target: alfred_ultrasonic_hedghog.elf
 
arm-none-eabi-size  alfred_ultrasonic_hedghog.elf 
arm-none-eabi-objdump -h -S alfred_ultrasonic_hedghog.elf  > "alfred_ultrasonic_hedghog.list"
   text	   data	    bss	    dec	    hex	filename
   4372	      4	   1596	   5972	   1754	alfred_ultrasonic_hedghog.elf
Finished building: default.size.stdout
 
Finished building: alfred_ultrasonic_hedghog.list
 
12:51:05 **** Incremental Build of configuration Debug for project alfred_ultrasonic_hedghog ****
make -j12 all 
arm-none-eabi-gcc "../Core/Src/main.c" -mcpu=cortex-m0 -std=gnu11 -g3 -DDEBUG -DSTM32F030x6 -DUSE_FULL_LL_DRIVER -DHSE_VALUE=8000000 -DHSE_STARTUP_TIMEOUT=100 -DLSE_STARTUP_TIMEOUT=5000 -DLSE_VALUE=32768 -DHSI_VALUE=8000000 -DLSI_VALUE=40000 -DVDD_VALUE=3300 -DPREFETCH_ENABLE=1 -DINSTRUCTION_CACHE_ENABLE=0 -DDATA_CACHE_ENABLE=0 -c -I../Core/Inc -I../Drivers/STM32F0xx_HAL_Driver/Inc -I../Drivers/CMSIS/Device/ST/STM32F0xx/Include -I../Drivers/CMSIS/Include -O0 -ffunction-sections -fdata-sections -Wall -fstack-usage -fcyclomatic-complexity -MMD -MP -MF"Core/Src/main.d" -MT"Core/Src/main.o" --specs=nano.specs -mfloat-abi=soft -mthumb -o "Core/Src/main.o"
arm-none-eabi-gcc -o "alfred_ultrasonic_hedghog.elf" @"objects.list"   -mcpu=cortex-m0 -T"C:\Users\Alfred\STM32CubeIDE\workspace_1.19.0\alfred_ultrasonic_hedghog\STM32F030F4PX_FLASH.ld" --specs=nosys.specs -Wl,-Map="alfred_ultrasonic_hedghog.map" -Wl,--gc-sections -static --specs=nano.specs -mfloat-abi=soft -mthumb -Wl,--start-group -lc -lm -Wl,--end-group
Finished building target: alfred_ultrasonic_hedghog.elf
 
arm-none-eabi-size  alfred_ultrasonic_hedghog.elf 
arm-none-eabi-objdump -h -S alfred_ultrasonic_hedghog.elf  > "alfred_ultrasonic_hedghog.list"
   text	   data	    bss	    dec	    hex	filename
   4372	      4	   1596	   5972	   1754	alfred_ultrasonic_hedghog.elf
Finished building: default.size.stdout
 
Finished building: alfred_ultrasonic_hedghog.list
 
12:51:28 **** Incremental Build of configuration Debug for project alfred_ultrasonic_hedghog ****
make -j12 all 
arm-none-eabi-gcc "../Core/Src/main.c" -mcpu=cortex-m0 -std=gnu11 -g3 -DDEBUG -DSTM32F030x6 -DUSE_FULL_LL_DRIVER -DHSE_VALUE=8000000 -DHSE_STARTUP_TIMEOUT=100 -DLSE_STARTUP_TIMEOUT=5000 -DLSE_VALUE=32768 -DHSI_VALUE=8000000 -DLSI_VALUE=40000 -DVDD_VALUE=3300 -DPREFETCH_ENABLE=1 -DINSTRUCTION_CACHE_ENABLE=0 -DDATA_CACHE_ENABLE=0 -c -I../Core/Inc -I../Drivers/STM32F0xx_HAL_Driver/Inc -I../Drivers/CMSIS/Device/ST/STM32F0xx/Include -I../Drivers/CMSIS/Include -O0 -ffunction-sections -fdata-sections -Wall -fstack-usage -fcyclomatic-complexity -MMD -MP -MF"Core/Src/main.d" -MT"Core/Src/main.o" --specs=nano.specs -mfloat-abi=soft -mthumb -o "Core/Src/main.o"
arm-none-eabi-gcc -o "alfred_ultrasonic_hedghog.elf" @"objects.list"   -mcpu=cortex-m0 -T"C:\Users\Alfred\STM32CubeIDE\workspace_1.19.0\alfred_ultrasonic_hedghog\STM32F030F4PX_FLASH.ld" --specs=nosys.specs -Wl,-Map="alfred_ultrasonic_hedghog.map" -Wl,--gc-sections -static --specs=nano.specs -mfloat-abi=soft -mthumb -Wl,--start-group -lc -lm -Wl,--end-group
Finished building target: alfred_ultrasonic_hedghog.elf
 
arm-none-eabi-size  alfred_ultrasonic_hedghog.elf 
arm-none-eabi-objdump -h -S alfred_ultrasonic_hedghog.elf  > "alfred_ultrasonic_hedghog.list"
   text	   data	    bss	    dec	    hex	filename
   4372	      4	   1596	   5972	   1754	alfred_ultrasonic_hedghog.elf
Finished building: default.size.stdout
 
Finished building: alfred_ultrasonic_hedghog.list
 
12:51:53 **** Incremental Build of configuration Debug for project alfred_ultrasonic_hedghog ****
make -j12 all 
arm-none-eabi-gcc "../Core/Src/main.c" -mcpu=cortex-m0 -std=gnu11 -g3 -DDEBUG -DSTM32F030x6 -DUSE_FULL_LL_DRIVER -DHSE_VALUE=8000000 -DHSE_STARTUP_TIMEOUT=100 -DLSE_STARTUP_TIMEOUT=5000 -DLSE_VALUE=32768 -DHSI_VALUE=8000000 -DLSI_VALUE=40000 -DVDD_VALUE=3300 -DPREFETCH_ENABLE=1 -DINSTRUCTION_CACHE_ENABLE=0 -DDATA_CACHE_ENABLE=0 -c -I../Core/Inc -I../Drivers/STM32F0xx_HAL_Driver/Inc -I../Drivers/CMSIS/Device/ST/STM32F0xx/Include -I../Drivers/CMSIS/Include -O0 -ffunction-sections -fdata-sections -Wall -fstack-usage -fcyclomatic-complexity -MMD -MP -MF"Core/Src/main.d" -MT"Core/Src/main.o" --specs=nano.specs -mfloat-abi=soft -mthumb -o "Core/Src/main.o"
arm-none-eabi-gcc -o "alfred_ultrasonic_hedghog.elf" @"objects.list"   -mcpu=cortex-m0 -T"C:\Users\Alfred\STM32CubeIDE\workspace_1.19.0\alfred_ultrasonic_hedghog\STM32F030F4PX_FLASH.ld" --specs=nosys.specs -Wl,-Map="alfred_ultrasonic_hedghog.map" -Wl,--gc-sections -static --specs=nano.specs -mfloat-abi=soft -mthumb -Wl,--start-group -lc -lm -Wl,--end-group
Finished building target: alfred_ultrasonic_hedghog.elf
 
arm-none-eabi-size  alfred_ultrasonic_hedghog.elf 
arm-none-eabi-objdump -h -S alfred_ultrasonic_hedghog.elf  > "alfred_ultrasonic_hedghog.list"
   text	   data	    bss	    dec	    hex	filename
   4372	      4	   1596	   5972	   1754	alfred_ultrasonic_hedghog.elf
Finished building: default.size.stdout
 
Finished building: alfred_ultrasonic_hedghog.list
 
12:52:20 **** Incremental Build of configuration Debug for project alfred_ultrasonic_hedghog ****
make -j12 all 
arm-none-eabi-gcc "../Core/Src/main.c" -mcpu=cortex-m0 -std=gnu11 -g3 -DDEBUG -DSTM32F030x6 -DUSE_FULL_LL_DRIVER -DHSE_VALUE=8000000 -DHSE_STARTUP_TIMEOUT=100 -DLSE_STARTUP_TIMEOUT=5000 -DLSE_VALUE=32768 -DHSI_VALUE=8000000 -DLSI_VALUE=40000 -DVDD_VALUE=3300 -DPREFETCH_ENABLE=1 -DINSTRUCTION_CACHE_ENABLE=0 -DDATA_CACHE_ENABLE=0 -c -I../Core/Inc -I../Drivers/STM32F0xx_HAL_Driver/Inc -I../Drivers/CMSIS/Device/ST/STM32F0xx/Include -I../Drivers/CMSIS/Include -O0 -ffunction-sections -fdata-sections -Wall -fstack-usage -fcyclomatic-complexity -MMD -MP -MF"Core/Src/main.d" -MT"Core/Src/main.o" --specs=nano.specs -mfloat-abi=soft -mthumb -o "Core/Src/main.o"
arm-none-eabi-gcc -o "alfred_ultrasonic_hedghog.elf" @"objects.list"   -mcpu=cortex-m0 -T"C:\Users\Alfred\STM32CubeIDE\workspace_1.19.0\alfred_ultrasonic_hedghog\STM32F030F4PX_FLASH.ld" --specs=nosys.specs -Wl,-Map="alfred_ultrasonic_hedghog.map" -Wl,--gc-sections -static --specs=nano.specs -mfloat-abi=soft -mthumb -Wl,--start-group -lc -lm -Wl,--end-group
Finished building target: alfred_ultrasonic_hedghog.elf
 
arm-none-eabi-size  alfred_ultrasonic_hedghog.elf 
arm-none-eabi-objdump -h -S alfred_ultrasonic_hedghog.elf  > "alfred_ultrasonic_hedghog.list"
   text	   data	    bss	    dec	    hex	filename
   4372	      4	   1596	   5972	   1754	alfred_ultrasonic_hedghog.elf
Finished building: default.size.stdout
 
Finished building: alfred_ultrasonic_hedghog.list
 
12:54:20 **** Incremental Build of configuration Debug for project alfred_ultrasonic_hedghog ****
make -j12 all 
arm-none-eabi-gcc "../Core/Src/main.c" -mcpu=cortex-m0 -std=gnu11 -g3 -DDEBUG -DSTM32F030x6 -DUSE_FULL_LL_DRIVER -DHSE_VALUE=8000000 -DHSE_STARTUP_TIMEOUT=100 -DLSE_STARTUP_TIMEOUT=5000 -DLSE_VALUE=32768 -DHSI_VALUE=8000000 -DLSI_VALUE=40000 -DVDD_VALUE=3300 -DPREFETCH_ENABLE=1 -DINSTRUCTION_CACHE_ENABLE=0 -DDATA_CACHE_ENABLE=0 -c -I../Core/Inc -I../Drivers/STM32F0xx_HAL_Driver/Inc -I../Drivers/CMSIS/Device/ST/STM32F0xx/Include -I../Drivers/CMSIS/Include -O0 -ffunction-sections -fdata-sections -Wall -fstack-usage -fcyclomatic-complexity -MMD -MP -MF"Core/Src/main.d" -MT"Core/Src/main.o" --specs=nano.specs -mfloat-abi=soft -mthumb -o "Core/Src/main.o"
arm-none-eabi-gcc -o "alfred_ultrasonic_hedghog.elf" @"objects.list"   -mcpu=cortex-m0 -T"C:\Users\Alfred\STM32CubeIDE\workspace_1.19.0\alfred_ultrasonic_hedghog\STM32F030F4PX_FLASH.ld" --specs=nosys.specs -Wl,-Map="alfred_ultrasonic_hedghog.map" -Wl,--gc-sections -static --specs=nano.specs -mfloat-abi=soft -mthumb -Wl,--start-group -lc -lm -Wl,--end-group
Finished building target: alfred_ultrasonic_hedghog.elf
 
arm-none-eabi-size  alfred_ultrasonic_hedghog.elf 
arm-none-eabi-objdump -h -S alfred_ultrasonic_hedghog.elf  > "alfred_ultrasonic_hedghog.list"
   text	   data	    bss	    dec	    hex	filename
   4372	      4	   1596	   5972	   1754	alfred_ultrasonic_hedghog.elf
Finished building: default.size.stdout
 
Finished building: alfred_ultrasonic_hedghog.list
 
12:32:46 **** Incremental Build of configuration Debug for project alfred_ultrasonic_hedghog ****
make -j12 all 
arm-none-eabi-gcc "../Core/Src/main.c" -mcpu=cortex-m0 -std=gnu11 -g3 -DDEBUG -DSTM32F030x6 -DUSE_FULL_LL_DRIVER -DHSE_VALUE=8000000 -DHSE_STARTUP_TIMEOUT=100 -DLSE_STARTUP_TIMEOUT=5000 -DLSE_VALUE=32768 -DHSI_VALUE=8000000 -DLSI_VALUE=40000 -DVDD_VALUE=3300 -DPREFETCH_ENABLE=1 -DINSTRUCTION_CACHE_ENABLE=0 -DDATA_CACHE_ENABLE=0 -c -I../Core/Inc -I../Drivers/STM32F0xx_HAL_Driver/Inc -I../Drivers/CMSIS/Device/ST/STM32F0xx/Include -I../Drivers/CMSIS/Include -O0 -ffunction-sections -fdata-sections -Wall -fstack-usage -fcyclomatic-complexity -MMD -MP -MF"Core/Src/main.d" -MT"Core/Src/main.o" --specs=nano.specs -mfloat-abi=soft -mthumb -o "Core/Src/main.o"
arm-none-eabi-gcc -o "alfred_ultrasonic_hedghog.elf" @"objects.list"   -mcpu=cortex-m0 -T"C:\Users\Alfred\STM32CubeIDE\workspace_1.19.0\alfred_ultrasonic_hedghog\STM32F030F4PX_FLASH.ld" --specs=nosys.specs -Wl,-Map="alfred_ultrasonic_hedghog.map" -Wl,--gc-sections -static --specs=nano.specs -mfloat-abi=soft -mthumb -Wl,--start-group -lc -lm -Wl,--end-group
Finished building target: alfred_ultrasonic_hedghog.elf
 
arm-none-eabi-size  alfred_ultrasonic_hedghog.elf 
arm-none-eabi-objdump -h -S alfred_ultrasonic_hedghog.elf  > "alfred_ultrasonic_hedghog.list"
   text	   data	    bss	    dec	    hex	filename
   4372	      4	   1596	   5972	   1754	alfred_ultrasonic_hedghog.elf
Finished building: default.size.stdout
 
Finished building: alfred_ultrasonic_hedghog.list
 
12:33:35 **** Incremental Build of configuration Debug for project alfred_ultrasonic_hedghog ****
make -j12 all 
arm-none-eabi-gcc "../Core/Src/main.c" -mcpu=cortex-m0 -std=gnu11 -g3 -DDEBUG -DSTM32F030x6 -DUSE_FULL_LL_DRIVER -DHSE_VALUE=8000000 -DHSE_STARTUP_TIMEOUT=100 -DLSE_STARTUP_TIMEOUT=5000 -DLSE_VALUE=32768 -DHSI_VALUE=8000000 -DLSI_VALUE=40000 -DVDD_VALUE=3300 -DPREFETCH_ENABLE=1 -DINSTRUCTION_CACHE_ENABLE=0 -DDATA_CACHE_ENABLE=0 -c -I../Core/Inc -I../Drivers/STM32F0xx_HAL_Driver/Inc -I../Drivers/CMSIS/Device/ST/STM32F0xx/Include -I../Drivers/CMSIS/Include -O0 -ffunction-sections -fdata-sections -Wall -fstack-usage -fcyclomatic-complexity -MMD -MP -MF"Core/Src/main.d" -MT"Core/Src/main.o" --specs=nano.specs -mfloat-abi=soft -mthumb -o "Core/Src/main.o"
arm-none-eabi-gcc -o "alfred_ultrasonic_hedghog.elf" @"objects.list"   -mcpu=cortex-m0 -T"C:\Users\Alfred\STM32CubeIDE\workspace_1.19.0\alfred_ultrasonic_hedghog\STM32F030F4PX_FLASH.ld" --specs=nosys.specs -Wl,-Map="alfred_ultrasonic_hedghog.map" -Wl,--gc-sections -static --specs=nano.specs -mfloat-abi=soft -mthumb -Wl,--start-group -lc -lm -Wl,--end-group
Finished building target: alfred_ultrasonic_hedghog.elf
 
arm-none-eabi-size  alfred_ultrasonic_hedghog.elf 
arm-none-eabi-objdump -h -S alfred_ultrasonic_hedghog.elf  > "alfred_ultrasonic_hedghog.list"
   text	   data	    bss	    dec	    hex	filename
   4372	      4	   1596	   5972	   1754	alfred_ultrasonic_hedghog.elf
Finished building: default.size.stdout
 
Finished building: alfred_ultrasonic_hedghog.list
 
12:34:01 **** Incremental Build of configuration Debug for project alfred_ultrasonic_hedghog ****
make -j12 all 
arm-none-eabi-gcc "../Core/Src/main.c" -mcpu=cortex-m0 -std=gnu11 -g3 -DDEBUG -DSTM32F030x6 -DUSE_FULL_LL_DRIVER -DHSE_VALUE=8000000 -DHSE_STARTUP_TIMEOUT=100 -DLSE_STARTUP_TIMEOUT=5000 -DLSE_VALUE=32768 -DHSI_VALUE=8000000 -DLSI_VALUE=40000 -DVDD_VALUE=3300 -DPREFETCH_ENABLE=1 -DINSTRUCTION_CACHE_ENABLE=0 -DDATA_CACHE_ENABLE=0 -c -I../Core/Inc -I../Drivers/STM32F0xx_HAL_Driver/Inc -I../Drivers/CMSIS/Device/ST/STM32F0xx/Include -I../Drivers/CMSIS/Include -O0 -ffunction-sections -fdata-sections -Wall -fstack-usage -fcyclomatic-complexity -MMD -MP -MF"Core/Src/main.d" -MT"Core/Src/main.o" --specs=nano.specs -mfloat-abi=soft -mthumb -o "Core/Src/main.o"
arm-none-eabi-gcc -o "alfred_ultrasonic_hedghog.elf" @"objects.list"   -mcpu=cortex-m0 -T"C:\Users\Alfred\STM32CubeIDE\workspace_1.19.0\alfred_ultrasonic_hedghog\STM32F030F4PX_FLASH.ld" --specs=nosys.specs -Wl,-Map="alfred_ultrasonic_hedghog.map" -Wl,--gc-sections -static --specs=nano.specs -mfloat-abi=soft -mthumb -Wl,--start-group -lc -lm -Wl,--end-group
Finished building target: alfred_ultrasonic_hedghog.elf
 
arm-none-eabi-size  alfred_ultrasonic_hedghog.elf 
arm-none-eabi-objdump -h -S alfred_ultrasonic_hedghog.elf  > "alfred_ultrasonic_hedghog.list"
   text	   data	    bss	    dec	    hex	filename
   4372	      4	   1596	   5972	   1754	alfred_ultrasonic_hedghog.elf
Finished building: default.size.stdout
 
Finished building: alfred_ultrasonic_hedghog.list
 
11:44:26 **** Incremental Build of configuration Debug for project alfred_ultrasonic_hedghog ****
make -j12 all 
arm-none-eabi-gcc "../Core/Src/main.c" -mcpu=cortex-m0 -std=gnu11 -g3 -DDEBUG -DSTM32F030x6 -DUSE_FULL_LL_DRIVER -DHSE_VALUE=8000000 -DHSE_STARTUP_TIMEOUT=100 -DLSE_STARTUP_TIMEOUT=5000 -DLSE_VALUE=32768 -DHSI_VALUE=8000000 -DLSI_VALUE=40000 -DVDD_VALUE=3300 -DPREFETCH_ENABLE=1 -DINSTRUCTION_CACHE_ENABLE=0 -DDATA_CACHE_ENABLE=0 -c -I../Core/Inc -I../Drivers/STM32F0xx_HAL_Driver/Inc -I../Drivers/CMSIS/Device/ST/STM32F0xx/Include -I../Drivers/CMSIS/Include -O0 -ffunction-sections -fdata-sections -Wall -fstack-usage -fcyclomatic-complexity -MMD -MP -MF"Core/Src/main.d" -MT"Core/Src/main.o" --specs=nano.specs -mfloat-abi=soft -mthumb -o "Core/Src/main.o"
arm-none-eabi-gcc -o "alfred_ultrasonic_hedghog.elf" @"objects.list"   -mcpu=cortex-m0 -T"C:\Users\Alfred\STM32CubeIDE\workspace_1.19.0\alfred_ultrasonic_hedghog\STM32F030F4PX_FLASH.ld" --specs=nosys.specs -Wl,-Map="alfred_ultrasonic_hedghog.map" -Wl,--gc-sections -static --specs=nano.specs -mfloat-abi=soft -mthumb -Wl,--start-group -lc -lm -Wl,--end-group
Finished building target: alfred_ultrasonic_hedghog.elf
 
arm-none-eabi-size  alfred_ultrasonic_hedghog.elf 
arm-none-eabi-objdump -h -S alfred_ultrasonic_hedghog.elf  > "alfred_ultrasonic_hedghog.list"
   text	   data	    bss	    dec	    hex	filename
   4372	      4	   1596	   5972	   1754	alfred_ultrasonic_hedghog.elf
Finished building: default.size.stdout
 
Finished building: alfred_ultrasonic_hedghog.list
 
13:13:07 **** Incremental Build of configuration Debug for project alfred_ultrasonic_hedghog ****
make -j12 all 
arm-none-eabi-gcc "../Core/Src/main.c" -mcpu=cortex-m0 -std=gnu11 -g3 -DDEBUG -DSTM32F030x6 -DUSE_FULL_LL_DRIVER -DHSE_VALUE=8000000 -DHSE_STARTUP_TIMEOUT=100 -DLSE_STARTUP_TIMEOUT=5000 -DLSE_VALUE=32768 -DHSI_VALUE=8000000 -DLSI_VALUE=40000 -DVDD_VALUE=3300 -DPREFETCH_ENABLE=1 -DINSTRUCTION_CACHE_ENABLE=0 -DDATA_CACHE_ENABLE=0 -c -I../Core/Inc -I../Drivers/STM32F0xx_HAL_Driver/Inc -I../Drivers/CMSIS/Device/ST/STM32F0xx/Include -I../Drivers/CMSIS/Include -O0 -ffunction-sections -fdata-sections -Wall -fstack-usage -fcyclomatic-complexity -MMD -MP -MF"Core/Src/main.d" -MT"Core/Src/main.o" --specs=nano.specs -mfloat-abi=soft -mthumb -o "Core/Src/main.o"
arm-none-eabi-gcc -o "alfred_ultrasonic_hedghog.elf" @"objects.list"   -mcpu=cortex-m0 -T"C:\Users\Alfred\STM32CubeIDE\workspace_1.19.0\alfred_ultrasonic_hedghog\STM32F030F4PX_FLASH.ld" --specs=nosys.specs -Wl,-Map="alfred_ultrasonic_hedghog.map" -Wl,--gc-sections -static --specs=nano.specs -mfloat-abi=soft -mthumb -Wl,--start-group -lc -lm -Wl,--end-group
Finished building target: alfred_ultrasonic_hedghog.elf
 
arm-none-eabi-size  alfred_ultrasonic_hedghog.elf 
arm-none-eabi-objdump -h -S alfred_ultrasonic_hedghog.elf  > "alfred_ultrasonic_hedghog.list"
   text	   data	    bss	    dec	    hex	filename
   4372	      4	   1596	   5972	   1754	alfred_ultrasonic_hedghog.elf
Finished building: default.size.stdout
 
Finished building: alfred_ultrasonic_hedghog.list
 
13:14:46 **** Incremental Build of configuration Debug for project alfred_ultrasonic_hedghog ****
make -j12 all 
arm-none-eabi-gcc "../Core/Src/main.c" -mcpu=cortex-m0 -std=gnu11 -g3 -DDEBUG -DSTM32F030x6 -DUSE_FULL_LL_DRIVER -DHSE_VALUE=8000000 -DHSE_STARTUP_TIMEOUT=100 -DLSE_STARTUP_TIMEOUT=5000 -DLSE_VALUE=32768 -DHSI_VALUE=8000000 -DLSI_VALUE=40000 -DVDD_VALUE=3300 -DPREFETCH_ENABLE=1 -DINSTRUCTION_CACHE_ENABLE=0 -DDATA_CACHE_ENABLE=0 -c -I../Core/Inc -I../Drivers/STM32F0xx_HAL_Driver/Inc -I../Drivers/CMSIS/Device/ST/STM32F0xx/Include -I../Drivers/CMSIS/Include -O0 -ffunction-sections -fdata-sections -Wall -fstack-usage -fcyclomatic-complexity -MMD -MP -MF"Core/Src/main.d" -MT"Core/Src/main.o" --specs=nano.specs -mfloat-abi=soft -mthumb -o "Core/Src/main.o"
arm-none-eabi-gcc -o "alfred_ultrasonic_hedghog.elf" @"objects.list"   -mcpu=cortex-m0 -T"C:\Users\Alfred\STM32CubeIDE\workspace_1.19.0\alfred_ultrasonic_hedghog\STM32F030F4PX_FLASH.ld" --specs=nosys.specs -Wl,-Map="alfred_ultrasonic_hedghog.map" -Wl,--gc-sections -static --specs=nano.specs -mfloat-abi=soft -mthumb -Wl,--start-group -lc -lm -Wl,--end-group
Finished building target: alfred_ultrasonic_hedghog.elf
 
arm-none-eabi-size  alfred_ultrasonic_hedghog.elf 
arm-none-eabi-objdump -h -S alfred_ultrasonic_hedghog.elf  > "alfred_ultrasonic_hedghog.list"
   text	   data	    bss	    dec	    hex	filename
   4372	      4	   1596	   5972	   1754	alfred_ultrasonic_hedghog.elf
Finished building: default.size.stdout
 
Finished building: alfred_ultrasonic_hedghog.list
 
13:15:48 **** Incremental Build of configuration Debug for project alfred_ultrasonic_hedghog ****
make -j12 all 
arm-none-eabi-gcc "../Core/Src/main.c" -mcpu=cortex-m0 -std=gnu11 -g3 -DDEBUG -DSTM32F030x6 -DUSE_FULL_LL_DRIVER -DHSE_VALUE=8000000 -DHSE_STARTUP_TIMEOUT=100 -DLSE_STARTUP_TIMEOUT=5000 -DLSE_VALUE=32768 -DHSI_VALUE=8000000 -DLSI_VALUE=40000 -DVDD_VALUE=3300 -DPREFETCH_ENABLE=1 -DINSTRUCTION_CACHE_ENABLE=0 -DDATA_CACHE_ENABLE=0 -c -I../Core/Inc -I../Drivers/STM32F0xx_HAL_Driver/Inc -I../Drivers/CMSIS/Device/ST/STM32F0xx/Include -I../Drivers/CMSIS/Include -O0 -ffunction-sections -fdata-sections -Wall -fstack-usage -fcyclomatic-complexity -MMD -MP -MF"Core/Src/main.d" -MT"Core/Src/main.o" --specs=nano.specs -mfloat-abi=soft -mthumb -o "Core/Src/main.o"
arm-none-eabi-gcc -o "alfred_ultrasonic_hedghog.elf" @"objects.list"   -mcpu=cortex-m0 -T"C:\Users\Alfred\STM32CubeIDE\workspace_1.19.0\alfred_ultrasonic_hedghog\STM32F030F4PX_FLASH.ld" --specs=nosys.specs -Wl,-Map="alfred_ultrasonic_hedghog.map" -Wl,--gc-sections -static --specs=nano.specs -mfloat-abi=soft -mthumb -Wl,--start-group -lc -lm -Wl,--end-group
Finished building target: alfred_ultrasonic_hedghog.elf
 
arm-none-eabi-size  alfred_ultrasonic_hedghog.elf 
arm-none-eabi-objdump -h -S alfred_ultrasonic_hedghog.elf  > "alfred_ultrasonic_hedghog.list"
   text	   data	    bss	    dec	    hex	filename
   4372	      4	   1596	   5972	   1754	alfred_ultrasonic_hedghog.elf
Finished building: default.size.stdout
 
Finished building: alfred_ultrasonic_hedghog.list
 
13:16:32 **** Incremental Build of configuration Debug for project alfred_ultrasonic_hedghog ****
make -j12 all 
arm-none-eabi-gcc "../Core/Src/main.c" -mcpu=cortex-m0 -std=gnu11 -g3 -DDEBUG -DSTM32F030x6 -DUSE_FULL_LL_DRIVER -DHSE_VALUE=8000000 -DHSE_STARTUP_TIMEOUT=100 -DLSE_STARTUP_TIMEOUT=5000 -DLSE_VALUE=32768 -DHSI_VALUE=8000000 -DLSI_VALUE=40000 -DVDD_VALUE=3300 -DPREFETCH_ENABLE=1 -DINSTRUCTION_CACHE_ENABLE=0 -DDATA_CACHE_ENABLE=0 -c -I../Core/Inc -I../Drivers/STM32F0xx_HAL_Driver/Inc -I../Drivers/CMSIS/Device/ST/STM32F0xx/Include -I../Drivers/CMSIS/Include -O0 -ffunction-sections -fdata-sections -Wall -fstack-usage -fcyclomatic-complexity -MMD -MP -MF"Core/Src/main.d" -MT"Core/Src/main.o" --specs=nano.specs -mfloat-abi=soft -mthumb -o "Core/Src/main.o"
arm-none-eabi-gcc -o "alfred_ultrasonic_hedghog.elf" @"objects.list"   -mcpu=cortex-m0 -T"C:\Users\Alfred\STM32CubeIDE\workspace_1.19.0\alfred_ultrasonic_hedghog\STM32F030F4PX_FLASH.ld" --specs=nosys.specs -Wl,-Map="alfred_ultrasonic_hedghog.map" -Wl,--gc-sections -static --specs=nano.specs -mfloat-abi=soft -mthumb -Wl,--start-group -lc -lm -Wl,--end-group
Finished building target: alfred_ultrasonic_hedghog.elf
 
arm-none-eabi-size  alfred_ultrasonic_hedghog.elf 
arm-none-eabi-objdump -h -S alfred_ultrasonic_hedghog.elf  > "alfred_ultrasonic_hedghog.list"
   text	   data	    bss	    dec	    hex	filename
   4372	      4	   1596	   5972	   1754	alfred_ultrasonic_hedghog.elf
Finished building: default.size.stdout
 
Finished building: alfred_ultrasonic_hedghog.list
 
13:16:54 **** Incremental Build of configuration Debug for project alfred_ultrasonic_hedghog ****
make -j12 all 
arm-none-eabi-gcc "../Core/Src/main.c" -mcpu=cortex-m0 -std=gnu11 -g3 -DDEBUG -DSTM32F030x6 -DUSE_FULL_LL_DRIVER -DHSE_VALUE=8000000 -DHSE_STARTUP_TIMEOUT=100 -DLSE_STARTUP_TIMEOUT=5000 -DLSE_VALUE=32768 -DHSI_VALUE=8000000 -DLSI_VALUE=40000 -DVDD_VALUE=3300 -DPREFETCH_ENABLE=1 -DINSTRUCTION_CACHE_ENABLE=0 -DDATA_CACHE_ENABLE=0 -c -I../Core/Inc -I../Drivers/STM32F0xx_HAL_Driver/Inc -I../Drivers/CMSIS/Device/ST/STM32F0xx/Include -I../Drivers/CMSIS/Include -O0 -ffunction-sections -fdata-sections -Wall -fstack-usage -fcyclomatic-complexity -MMD -MP -MF"Core/Src/main.d" -MT"Core/Src/main.o" --specs=nano.specs -mfloat-abi=soft -mthumb -o "Core/Src/main.o"
arm-none-eabi-gcc -o "alfred_ultrasonic_hedghog.elf" @"objects.list"   -mcpu=cortex-m0 -T"C:\Users\Alfred\STM32CubeIDE\workspace_1.19.0\alfred_ultrasonic_hedghog\STM32F030F4PX_FLASH.ld" --specs=nosys.specs -Wl,-Map="alfred_ultrasonic_hedghog.map" -Wl,--gc-sections -static --specs=nano.specs -mfloat-abi=soft -mthumb -Wl,--start-group -lc -lm -Wl,--end-group
Finished building target: alfred_ultrasonic_hedghog.elf
 
arm-none-eabi-size  alfred_ultrasonic_hedghog.elf 
arm-none-eabi-objdump -h -S alfred_ultrasonic_hedghog.elf  > "alfred_ultrasonic_hedghog.list"
   text	   data	    bss	    dec	    hex	filename
   4372	      4	   1596	   5972	   1754	alfred_ultrasonic_hedghog.elf
Finished building: default.size.stdout
 
Finished building: alfred_ultrasonic_hedghog.list
 
13:17:50 **** Incremental Build of configuration Debug for project alfred_ultrasonic_hedghog ****
make -j12 all 
arm-none-eabi-gcc "../Core/Src/main.c" -mcpu=cortex-m0 -std=gnu11 -g3 -DDEBUG -DSTM32F030x6 -DUSE_FULL_LL_DRIVER -DHSE_VALUE=8000000 -DHSE_STARTUP_TIMEOUT=100 -DLSE_STARTUP_TIMEOUT=5000 -DLSE_VALUE=32768 -DHSI_VALUE=8000000 -DLSI_VALUE=40000 -DVDD_VALUE=3300 -DPREFETCH_ENABLE=1 -DINSTRUCTION_CACHE_ENABLE=0 -DDATA_CACHE_ENABLE=0 -c -I../Core/Inc -I../Drivers/STM32F0xx_HAL_Driver/Inc -I../Drivers/CMSIS/Device/ST/STM32F0xx/Include -I../Drivers/CMSIS/Include -O0 -ffunction-sections -fdata-sections -Wall -fstack-usage -fcyclomatic-complexity -MMD -MP -MF"Core/Src/main.d" -MT"Core/Src/main.o" --specs=nano.specs -mfloat-abi=soft -mthumb -o "Core/Src/main.o"
arm-none-eabi-gcc -o "alfred_ultrasonic_hedghog.elf" @"objects.list"   -mcpu=cortex-m0 -T"C:\Users\Alfred\STM32CubeIDE\workspace_1.19.0\alfred_ultrasonic_hedghog\STM32F030F4PX_FLASH.ld" --specs=nosys.specs -Wl,-Map="alfred_ultrasonic_hedghog.map" -Wl,--gc-sections -static --specs=nano.specs -mfloat-abi=soft -mthumb -Wl,--start-group -lc -lm -Wl,--end-group
Finished building target: alfred_ultrasonic_hedghog.elf
 
arm-none-eabi-size  alfred_ultrasonic_hedghog.elf 
arm-none-eabi-objdump -h -S alfred_ultrasonic_hedghog.elf  > "alfred_ultrasonic_hedghog.list"
   text	   data	    bss	    dec	    hex	filename
   4372	      4	   1596	   5972	   1754	alfred_ultrasonic_hedghog.elf
Finished building: default.size.stdout
 
Finished building: alfred_ultrasonic_hedghog.list
 
13:58:49 **** Incremental Build of configuration Debug for project alfred_ultrasonic_hedghog ****
make -j12 all 
arm-none-eabi-gcc "../Core/Src/main.c" -mcpu=cortex-m0 -std=gnu11 -g3 -DDEBUG -DSTM32F030x6 -DUSE_FULL_LL_DRIVER -DHSE_VALUE=8000000 -DHSE_STARTUP_TIMEOUT=100 -DLSE_STARTUP_TIMEOUT=5000 -DLSE_VALUE=32768 -DHSI_VALUE=8000000 -DLSI_VALUE=40000 -DVDD_VALUE=3300 -DPREFETCH_ENABLE=1 -DINSTRUCTION_CACHE_ENABLE=0 -DDATA_CACHE_ENABLE=0 -c -I../Core/Inc -I../Drivers/STM32F0xx_HAL_Driver/Inc -I../Drivers/CMSIS/Device/ST/STM32F0xx/Include -I../Drivers/CMSIS/Include -O0 -ffunction-sections -fdata-sections -Wall -fstack-usage -fcyclomatic-complexity -MMD -MP -MF"Core/Src/main.d" -MT"Core/Src/main.o" --specs=nano.specs -mfloat-abi=soft -mthumb -o "Core/Src/main.o"
arm-none-eabi-gcc -o "alfred_ultrasonic_hedghog.elf" @"objects.list"   -mcpu=cortex-m0 -T"C:\Users\Alfred\STM32CubeIDE\workspace_1.19.0\alfred_ultrasonic_hedghog\STM32F030F4PX_FLASH.ld" --specs=nosys.specs -Wl,-Map="alfred_ultrasonic_hedghog.map" -Wl,--gc-sections -static --specs=nano.specs -mfloat-abi=soft -mthumb -Wl,--start-group -lc -lm -Wl,--end-group
Finished building target: alfred_ultrasonic_hedghog.elf
 
arm-none-eabi-size  alfred_ultrasonic_hedghog.elf 
arm-none-eabi-objdump -h -S alfred_ultrasonic_hedghog.elf  > "alfred_ultrasonic_hedghog.list"
   text	   data	    bss	    dec	    hex	filename
   4372	      4	   1596	   5972	   1754	alfred_ultrasonic_hedghog.elf
Finished building: default.size.stdout
 
Finished building: alfred_ultrasonic_hedghog.list
 
13:59:33 **** Incremental Build of configuration Debug for project alfred_ultrasonic_hedghog ****
make -j12 all 
arm-none-eabi-gcc "../Core/Src/main.c" -mcpu=cortex-m0 -std=gnu11 -g3 -DDEBUG -DSTM32F030x6 -DUSE_FULL_LL_DRIVER -DHSE_VALUE=8000000 -DHSE_STARTUP_TIMEOUT=100 -DLSE_STARTUP_TIMEOUT=5000 -DLSE_VALUE=32768 -DHSI_VALUE=8000000 -DLSI_VALUE=40000 -DVDD_VALUE=3300 -DPREFETCH_ENABLE=1 -DINSTRUCTION_CACHE_ENABLE=0 -DDATA_CACHE_ENABLE=0 -c -I../Core/Inc -I../Drivers/STM32F0xx_HAL_Driver/Inc -I../Drivers/CMSIS/Device/ST/STM32F0xx/Include -I../Drivers/CMSIS/Include -O0 -ffunction-sections -fdata-sections -Wall -fstack-usage -fcyclomatic-complexity -MMD -MP -MF"Core/Src/main.d" -MT"Core/Src/main.o" --specs=nano.specs -mfloat-abi=soft -mthumb -o "Core/Src/main.o"
arm-none-eabi-gcc -o "alfred_ultrasonic_hedghog.elf" @"objects.list"   -mcpu=cortex-m0 -T"C:\Users\Alfred\STM32CubeIDE\workspace_1.19.0\alfred_ultrasonic_hedghog\STM32F030F4PX_FLASH.ld" --specs=nosys.specs -Wl,-Map="alfred_ultrasonic_hedghog.map" -Wl,--gc-sections -static --specs=nano.specs -mfloat-abi=soft -mthumb -Wl,--start-group -lc -lm -Wl,--end-group
Finished building target: alfred_ultrasonic_hedghog.elf
 
arm-none-eabi-size  alfred_ultrasonic_hedghog.elf 
arm-none-eabi-objdump -h -S alfred_ultrasonic_hedghog.elf  > "alfred_ultrasonic_hedghog.list"
   text	   data	    bss	    dec	    hex	filename
   4372	      4	   1596	   5972	   1754	alfred_ultrasonic_hedghog.elf
Finished building: default.size.stdout
 
Finished building: alfred_ultrasonic_hedghog.list
 
14:06:36 **** Incremental Build of configuration Debug for project alfred_ultrasonic_hedghog ****
make -j12 all 
arm-none-eabi-gcc "../Core/Src/main.c" -mcpu=cortex-m0 -std=gnu11 -g3 -DDEBUG -DSTM32F030x6 -DUSE_FULL_LL_DRIVER -DHSE_VALUE=8000000 -DHSE_STARTUP_TIMEOUT=100 -DLSE_STARTUP_TIMEOUT=5000 -DLSE_VALUE=32768 -DHSI_VALUE=8000000 -DLSI_VALUE=40000 -DVDD_VALUE=3300 -DPREFETCH_ENABLE=1 -DINSTRUCTION_CACHE_ENABLE=0 -DDATA_CACHE_ENABLE=0 -c -I../Core/Inc -I../Drivers/STM32F0xx_HAL_Driver/Inc -I../Drivers/CMSIS/Device/ST/STM32F0xx/Include -I../Drivers/CMSIS/Include -O0 -ffunction-sections -fdata-sections -Wall -fstack-usage -fcyclomatic-complexity -MMD -MP -MF"Core/Src/main.d" -MT"Core/Src/main.o" --specs=nano.specs -mfloat-abi=soft -mthumb -o "Core/Src/main.o"
arm-none-eabi-gcc -o "alfred_ultrasonic_hedghog.elf" @"objects.list"   -mcpu=cortex-m0 -T"C:\Users\Alfred\STM32CubeIDE\workspace_1.19.0\alfred_ultrasonic_hedghog\STM32F030F4PX_FLASH.ld" --specs=nosys.specs -Wl,-Map="alfred_ultrasonic_hedghog.map" -Wl,--gc-sections -static --specs=nano.specs -mfloat-abi=soft -mthumb -Wl,--start-group -lc -lm -Wl,--end-group
Finished building target: alfred_ultrasonic_hedghog.elf
 
arm-none-eabi-size  alfred_ultrasonic_hedghog.elf 
arm-none-eabi-objdump -h -S alfred_ultrasonic_hedghog.elf  > "alfred_ultrasonic_hedghog.list"
   text	   data	    bss	    dec	    hex	filename
   4372	      4	   1596	   5972	   1754	alfred_ultrasonic_hedghog.elf
Finished building: default.size.stdout
 
Finished building: alfred_ultrasonic_hedghog.list
 
14:10:37 **** Incremental Build of configuration Debug for project alfred_ultrasonic_hedghog ****
make -j12 all 
arm-none-eabi-gcc "../Core/Src/main.c" -mcpu=cortex-m0 -std=gnu11 -g3 -DDEBUG -DSTM32F030x6 -DUSE_FULL_LL_DRIVER -DHSE_VALUE=8000000 -DHSE_STARTUP_TIMEOUT=100 -DLSE_STARTUP_TIMEOUT=5000 -DLSE_VALUE=32768 -DHSI_VALUE=8000000 -DLSI_VALUE=40000 -DVDD_VALUE=3300 -DPREFETCH_ENABLE=1 -DINSTRUCTION_CACHE_ENABLE=0 -DDATA_CACHE_ENABLE=0 -c -I../Core/Inc -I../Drivers/STM32F0xx_HAL_Driver/Inc -I../Drivers/CMSIS/Device/ST/STM32F0xx/Include -I../Drivers/CMSIS/Include -O0 -ffunction-sections -fdata-sections -Wall -fstack-usage -fcyclomatic-complexity -MMD -MP -MF"Core/Src/main.d" -MT"Core/Src/main.o" --specs=nano.specs -mfloat-abi=soft -mthumb -o "Core/Src/main.o"
arm-none-eabi-gcc -o "alfred_ultrasonic_hedghog.elf" @"objects.list"   -mcpu=cortex-m0 -T"C:\Users\Alfred\STM32CubeIDE\workspace_1.19.0\alfred_ultrasonic_hedghog\STM32F030F4PX_FLASH.ld" --specs=nosys.specs -Wl,-Map="alfred_ultrasonic_hedghog.map" -Wl,--gc-sections -static --specs=nano.specs -mfloat-abi=soft -mthumb -Wl,--start-group -lc -lm -Wl,--end-group
Finished building target: alfred_ultrasonic_hedghog.elf
 
arm-none-eabi-size  alfred_ultrasonic_hedghog.elf 
arm-none-eabi-objdump -h -S alfred_ultrasonic_hedghog.elf  > "alfred_ultrasonic_hedghog.list"
   text	   data	    bss	    dec	    hex	filename
   4372	      4	   1596	   5972	   1754	alfred_ultrasonic_hedghog.elf
Finished building: default.size.stdout
 
Finished building: alfred_ultrasonic_hedghog.list
 
14:12:44 **** Incremental Build of configuration Debug for project alfred_ultrasonic_hedghog ****
make -j12 all 
arm-none-eabi-gcc "../Core/Src/main.c" -mcpu=cortex-m0 -std=gnu11 -g3 -DDEBUG -DSTM32F030x6 -DUSE_FULL_LL_DRIVER -DHSE_VALUE=8000000 -DHSE_STARTUP_TIMEOUT=100 -DLSE_STARTUP_TIMEOUT=5000 -DLSE_VALUE=32768 -DHSI_VALUE=8000000 -DLSI_VALUE=40000 -DVDD_VALUE=3300 -DPREFETCH_ENABLE=1 -DINSTRUCTION_CACHE_ENABLE=0 -DDATA_CACHE_ENABLE=0 -c -I../Core/Inc -I../Drivers/STM32F0xx_HAL_Driver/Inc -I../Drivers/CMSIS/Device/ST/STM32F0xx/Include -I../Drivers/CMSIS/Include -O0 -ffunction-sections -fdata-sections -Wall -fstack-usage -fcyclomatic-complexity -MMD -MP -MF"Core/Src/main.d" -MT"Core/Src/main.o" --specs=nano.specs -mfloat-abi=soft -mthumb -o "Core/Src/main.o"
arm-none-eabi-gcc -o "alfred_ultrasonic_hedghog.elf" @"objects.list"   -mcpu=cortex-m0 -T"C:\Users\Alfred\STM32CubeIDE\workspace_1.19.0\alfred_ultrasonic_hedghog\STM32F030F4PX_FLASH.ld" --specs=nosys.specs -Wl,-Map="alfred_ultrasonic_hedghog.map" -Wl,--gc-sections -static --specs=nano.specs -mfloat-abi=soft -mthumb -Wl,--start-group -lc -lm -Wl,--end-group
Finished building target: alfred_ultrasonic_hedghog.elf
 
arm-none-eabi-size  alfred_ultrasonic_hedghog.elf 
arm-none-eabi-objdump -h -S alfred_ultrasonic_hedghog.elf  > "alfred_ultrasonic_hedghog.list"
   text	   data	    bss	    dec	    hex	filename
   4372	      4	   1596	   5972	   1754	alfred_ultrasonic_hedghog.elf
Finished building: default.size.stdout
 
Finished building: alfred_ultrasonic_hedghog.list
 
14:15:22 **** Incremental Build of configuration Debug for project alfred_ultrasonic_hedghog ****
make -j12 all 
arm-none-eabi-gcc "../Core/Src/main.c" -mcpu=cortex-m0 -std=gnu11 -g3 -DDEBUG -DSTM32F030x6 -DUSE_FULL_LL_DRIVER -DHSE_VALUE=8000000 -DHSE_STARTUP_TIMEOUT=100 -DLSE_STARTUP_TIMEOUT=5000 -DLSE_VALUE=32768 -DHSI_VALUE=8000000 -DLSI_VALUE=40000 -DVDD_VALUE=3300 -DPREFETCH_ENABLE=1 -DINSTRUCTION_CACHE_ENABLE=0 -DDATA_CACHE_ENABLE=0 -c -I../Core/Inc -I../Drivers/STM32F0xx_HAL_Driver/Inc -I../Drivers/CMSIS/Device/ST/STM32F0xx/Include -I../Drivers/CMSIS/Include -O0 -ffunction-sections -fdata-sections -Wall -fstack-usage -fcyclomatic-complexity -MMD -MP -MF"Core/Src/main.d" -MT"Core/Src/main.o" --specs=nano.specs -mfloat-abi=soft -mthumb -o "Core/Src/main.o"
arm-none-eabi-gcc -o "alfred_ultrasonic_hedghog.elf" @"objects.list"   -mcpu=cortex-m0 -T"C:\Users\Alfred\STM32CubeIDE\workspace_1.19.0\alfred_ultrasonic_hedghog\STM32F030F4PX_FLASH.ld" --specs=nosys.specs -Wl,-Map="alfred_ultrasonic_hedghog.map" -Wl,--gc-sections -static --specs=nano.specs -mfloat-abi=soft -mthumb -Wl,--start-group -lc -lm -Wl,--end-group
Finished building target: alfred_ultrasonic_hedghog.elf
 
arm-none-eabi-size  alfred_ultrasonic_hedghog.elf 
arm-none-eabi-objdump -h -S alfred_ultrasonic_hedghog.elf  > "alfred_ultrasonic_hedghog.list"
   text	   data	    bss	    dec	    hex	filename
   4372	      4	   1596	   5972	   1754	alfred_ultrasonic_hedghog.elf
Finished building: default.size.stdout
 
Finished building: alfred_ultrasonic_hedghog.list
 
14:16:37 **** Incremental Build of configuration Debug for project alfred_ultrasonic_hedghog ****
make -j12 all 
arm-none-eabi-gcc "../Core/Src/main.c" -mcpu=cortex-m0 -std=gnu11 -g3 -DDEBUG -DSTM32F030x6 -DUSE_FULL_LL_DRIVER -DHSE_VALUE=8000000 -DHSE_STARTUP_TIMEOUT=100 -DLSE_STARTUP_TIMEOUT=5000 -DLSE_VALUE=32768 -DHSI_VALUE=8000000 -DLSI_VALUE=40000 -DVDD_VALUE=3300 -DPREFETCH_ENABLE=1 -DINSTRUCTION_CACHE_ENABLE=0 -DDATA_CACHE_ENABLE=0 -c -I../Core/Inc -I../Drivers/STM32F0xx_HAL_Driver/Inc -I../Drivers/CMSIS/Device/ST/STM32F0xx/Include -I../Drivers/CMSIS/Include -O0 -ffunction-sections -fdata-sections -Wall -fstack-usage -fcyclomatic-complexity -MMD -MP -MF"Core/Src/main.d" -MT"Core/Src/main.o" --specs=nano.specs -mfloat-abi=soft -mthumb -o "Core/Src/main.o"
arm-none-eabi-gcc -o "alfred_ultrasonic_hedghog.elf" @"objects.list"   -mcpu=cortex-m0 -T"C:\Users\Alfred\STM32CubeIDE\workspace_1.19.0\alfred_ultrasonic_hedghog\STM32F030F4PX_FLASH.ld" --specs=nosys.specs -Wl,-Map="alfred_ultrasonic_hedghog.map" -Wl,--gc-sections -static --specs=nano.specs -mfloat-abi=soft -mthumb -Wl,--start-group -lc -lm -Wl,--end-group
Finished building target: alfred_ultrasonic_hedghog.elf
 
arm-none-eabi-size  alfred_ultrasonic_hedghog.elf 
arm-none-eabi-objdump -h -S alfred_ultrasonic_hedghog.elf  > "alfred_ultrasonic_hedghog.list"
   text	   data	    bss	    dec	    hex	filename
   4372	      4	   1596	   5972	   1754	alfred_ultrasonic_hedghog.elf
Finished building: default.size.stdout
 
Finished building: alfred_ultrasonic_hedghog.list
 
14:17:25 **** Incremental Build of configuration Debug for project alfred_ultrasonic_hedghog ****
make -j12 all 
arm-none-eabi-gcc "../Core/Src/main.c" -mcpu=cortex-m0 -std=gnu11 -g3 -DDEBUG -DSTM32F030x6 -DUSE_FULL_LL_DRIVER -DHSE_VALUE=8000000 -DHSE_STARTUP_TIMEOUT=100 -DLSE_STARTUP_TIMEOUT=5000 -DLSE_VALUE=32768 -DHSI_VALUE=8000000 -DLSI_VALUE=40000 -DVDD_VALUE=3300 -DPREFETCH_ENABLE=1 -DINSTRUCTION_CACHE_ENABLE=0 -DDATA_CACHE_ENABLE=0 -c -I../Core/Inc -I../Drivers/STM32F0xx_HAL_Driver/Inc -I../Drivers/CMSIS/Device/ST/STM32F0xx/Include -I../Drivers/CMSIS/Include -O0 -ffunction-sections -fdata-sections -Wall -fstack-usage -fcyclomatic-complexity -MMD -MP -MF"Core/Src/main.d" -MT"Core/Src/main.o" --specs=nano.specs -mfloat-abi=soft -mthumb -o "Core/Src/main.o"
arm-none-eabi-gcc -o "alfred_ultrasonic_hedghog.elf" @"objects.list"   -mcpu=cortex-m0 -T"C:\Users\Alfred\STM32CubeIDE\workspace_1.19.0\alfred_ultrasonic_hedghog\STM32F030F4PX_FLASH.ld" --specs=nosys.specs -Wl,-Map="alfred_ultrasonic_hedghog.map" -Wl,--gc-sections -static --specs=nano.specs -mfloat-abi=soft -mthumb -Wl,--start-group -lc -lm -Wl,--end-group
Finished building target: alfred_ultrasonic_hedghog.elf
 
arm-none-eabi-size  alfred_ultrasonic_hedghog.elf 
arm-none-eabi-objdump -h -S alfred_ultrasonic_hedghog.elf  > "alfred_ultrasonic_hedghog.list"
   text	   data	    bss	    dec	    hex	filename
   4372	      4	   1596	   5972	   1754	alfred_ultrasonic_hedghog.elf
Finished building: default.size.stdout
 
Finished building: alfred_ultrasonic_hedghog.list
 
14:40:27 **** Incremental Build of configuration Debug for project alfred_ultrasonic_hedghog ****
make -j12 all 
arm-none-eabi-gcc "../Core/Src/main.c" -mcpu=cortex-m0 -std=gnu11 -g3 -DDEBUG -DSTM32F030x6 -DUSE_FULL_LL_DRIVER -DHSE_VALUE=8000000 -DHSE_STARTUP_TIMEOUT=100 -DLSE_STARTUP_TIMEOUT=5000 -DLSE_VALUE=32768 -DHSI_VALUE=8000000 -DLSI_VALUE=40000 -DVDD_VALUE=3300 -DPREFETCH_ENABLE=1 -DINSTRUCTION_CACHE_ENABLE=0 -DDATA_CACHE_ENABLE=0 -c -I../Core/Inc -I../Drivers/STM32F0xx_HAL_Driver/Inc -I../Drivers/CMSIS/Device/ST/STM32F0xx/Include -I../Drivers/CMSIS/Include -O0 -ffunction-sections -fdata-sections -Wall -fstack-usage -fcyclomatic-complexity -MMD -MP -MF"Core/Src/main.d" -MT"Core/Src/main.o" --specs=nano.specs -mfloat-abi=soft -mthumb -o "Core/Src/main.o"
arm-none-eabi-gcc -o "alfred_ultrasonic_hedghog.elf" @"objects.list"   -mcpu=cortex-m0 -T"C:\Users\Alfred\STM32CubeIDE\workspace_1.19.0\alfred_ultrasonic_hedghog\STM32F030F4PX_FLASH.ld" --specs=nosys.specs -Wl,-Map="alfred_ultrasonic_hedghog.map" -Wl,--gc-sections -static --specs=nano.specs -mfloat-abi=soft -mthumb -Wl,--start-group -lc -lm -Wl,--end-group
Finished building target: alfred_ultrasonic_hedghog.elf
 
arm-none-eabi-size  alfred_ultrasonic_hedghog.elf 
arm-none-eabi-objdump -h -S alfred_ultrasonic_hedghog.elf  > "alfred_ultrasonic_hedghog.list"
   text	   data	    bss	    dec	    hex	filename
   4376	      4	   1596	   5976	   1758	alfred_ultrasonic_hedghog.elf
Finished building: default.size.stdout
 
Finished building: alfred_ultrasonic_hedghog.list
 
14:43:50 **** Incremental Build of configuration Debug for project alfred_ultrasonic_hedghog ****
make -j12 all 
arm-none-eabi-gcc "../Core/Src/main.c" -mcpu=cortex-m0 -std=gnu11 -g3 -DDEBUG -DSTM32F030x6 -DUSE_FULL_LL_DRIVER -DHSE_VALUE=8000000 -DHSE_STARTUP_TIMEOUT=100 -DLSE_STARTUP_TIMEOUT=5000 -DLSE_VALUE=32768 -DHSI_VALUE=8000000 -DLSI_VALUE=40000 -DVDD_VALUE=3300 -DPREFETCH_ENABLE=1 -DINSTRUCTION_CACHE_ENABLE=0 -DDATA_CACHE_ENABLE=0 -c -I../Core/Inc -I../Drivers/STM32F0xx_HAL_Driver/Inc -I../Drivers/CMSIS/Device/ST/STM32F0xx/Include -I../Drivers/CMSIS/Include -O0 -ffunction-sections -fdata-sections -Wall -fstack-usage -fcyclomatic-complexity -MMD -MP -MF"Core/Src/main.d" -MT"Core/Src/main.o" --specs=nano.specs -mfloat-abi=soft -mthumb -o "Core/Src/main.o"
arm-none-eabi-gcc -o "alfred_ultrasonic_hedghog.elf" @"objects.list"   -mcpu=cortex-m0 -T"C:\Users\Alfred\STM32CubeIDE\workspace_1.19.0\alfred_ultrasonic_hedghog\STM32F030F4PX_FLASH.ld" --specs=nosys.specs -Wl,-Map="alfred_ultrasonic_hedghog.map" -Wl,--gc-sections -static --specs=nano.specs -mfloat-abi=soft -mthumb -Wl,--start-group -lc -lm -Wl,--end-group
Finished building target: alfred_ultrasonic_hedghog.elf
 
arm-none-eabi-size  alfred_ultrasonic_hedghog.elf 
arm-none-eabi-objdump -h -S alfred_ultrasonic_hedghog.elf  > "alfred_ultrasonic_hedghog.list"
   text	   data	    bss	    dec	    hex	filename
   4372	      4	   1596	   5972	   1754	alfred_ultrasonic_hedghog.elf
Finished building: default.size.stdout
 
Finished building: alfred_ultrasonic_hedghog.list
 
14:45:14 **** Incremental Build of configuration Debug for project alfred_ultrasonic_hedghog ****
make -j12 all 
arm-none-eabi-gcc "../Core/Src/main.c" -mcpu=cortex-m0 -std=gnu11 -g3 -DDEBUG -DSTM32F030x6 -DUSE_FULL_LL_DRIVER -DHSE_VALUE=8000000 -DHSE_STARTUP_TIMEOUT=100 -DLSE_STARTUP_TIMEOUT=5000 -DLSE_VALUE=32768 -DHSI_VALUE=8000000 -DLSI_VALUE=40000 -DVDD_VALUE=3300 -DPREFETCH_ENABLE=1 -DINSTRUCTION_CACHE_ENABLE=0 -DDATA_CACHE_ENABLE=0 -c -I../Core/Inc -I../Drivers/STM32F0xx_HAL_Driver/Inc -I../Drivers/CMSIS/Device/ST/STM32F0xx/Include -I../Drivers/CMSIS/Include -O0 -ffunction-sections -fdata-sections -Wall -fstack-usage -fcyclomatic-complexity -MMD -MP -MF"Core/Src/main.d" -MT"Core/Src/main.o" --specs=nano.specs -mfloat-abi=soft -mthumb -o "Core/Src/main.o"
arm-none-eabi-gcc -o "alfred_ultrasonic_hedghog.elf" @"objects.list"   -mcpu=cortex-m0 -T"C:\Users\Alfred\STM32CubeIDE\workspace_1.19.0\alfred_ultrasonic_hedghog\STM32F030F4PX_FLASH.ld" --specs=nosys.specs -Wl,-Map="alfred_ultrasonic_hedghog.map" -Wl,--gc-sections -static --specs=nano.specs -mfloat-abi=soft -mthumb -Wl,--start-group -lc -lm -Wl,--end-group
Finished building target: alfred_ultrasonic_hedghog.elf
 
arm-none-eabi-size  alfred_ultrasonic_hedghog.elf 
arm-none-eabi-objdump -h -S alfred_ultrasonic_hedghog.elf  > "alfred_ultrasonic_hedghog.list"
   text	   data	    bss	    dec	    hex	filename
   4380	      4	   1596	   5980	   175c	alfred_ultrasonic_hedghog.elf
Finished building: default.size.stdout
 
Finished building: alfred_ultrasonic_hedghog.list
 
14:48:22 **** Incremental Build of configuration Debug for project alfred_ultrasonic_hedghog ****
make -j12 all 
arm-none-eabi-gcc "../Core/Src/main.c" -mcpu=cortex-m0 -std=gnu11 -g3 -DDEBUG -DSTM32F030x6 -DUSE_FULL_LL_DRIVER -DHSE_VALUE=8000000 -DHSE_STARTUP_TIMEOUT=100 -DLSE_STARTUP_TIMEOUT=5000 -DLSE_VALUE=32768 -DHSI_VALUE=8000000 -DLSI_VALUE=40000 -DVDD_VALUE=3300 -DPREFETCH_ENABLE=1 -DINSTRUCTION_CACHE_ENABLE=0 -DDATA_CACHE_ENABLE=0 -c -I../Core/Inc -I../Drivers/STM32F0xx_HAL_Driver/Inc -I../Drivers/CMSIS/Device/ST/STM32F0xx/Include -I../Drivers/CMSIS/Include -O0 -ffunction-sections -fdata-sections -Wall -fstack-usage -fcyclomatic-complexity -MMD -MP -MF"Core/Src/main.d" -MT"Core/Src/main.o" --specs=nano.specs -mfloat-abi=soft -mthumb -o "Core/Src/main.o"
arm-none-eabi-gcc -o "alfred_ultrasonic_hedghog.elf" @"objects.list"   -mcpu=cortex-m0 -T"C:\Users\Alfred\STM32CubeIDE\workspace_1.19.0\alfred_ultrasonic_hedghog\STM32F030F4PX_FLASH.ld" --specs=nosys.specs -Wl,-Map="alfred_ultrasonic_hedghog.map" -Wl,--gc-sections -static --specs=nano.specs -mfloat-abi=soft -mthumb -Wl,--start-group -lc -lm -Wl,--end-group
Finished building target: alfred_ultrasonic_hedghog.elf
 
arm-none-eabi-size  alfred_ultrasonic_hedghog.elf 
arm-none-eabi-objdump -h -S alfred_ultrasonic_hedghog.elf  > "alfred_ultrasonic_hedghog.list"
   text	   data	    bss	    dec	    hex	filename
   4372	      4	   1596	   5972	   1754	alfred_ultrasonic_hedghog.elf
Finished building: default.size.stdout
 
Finished building: alfred_ultrasonic_hedghog.list
 
14:52:19 **** Incremental Build of configuration Debug for project alfred_ultrasonic_hedghog ****
make -j12 all 
arm-none-eabi-gcc "../Core/Src/main.c" -mcpu=cortex-m0 -std=gnu11 -g3 -DDEBUG -DSTM32F030x6 -DUSE_FULL_LL_DRIVER -DHSE_VALUE=8000000 -DHSE_STARTUP_TIMEOUT=100 -DLSE_STARTUP_TIMEOUT=5000 -DLSE_VALUE=32768 -DHSI_VALUE=8000000 -DLSI_VALUE=40000 -DVDD_VALUE=3300 -DPREFETCH_ENABLE=1 -DINSTRUCTION_CACHE_ENABLE=0 -DDATA_CACHE_ENABLE=0 -c -I../Core/Inc -I../Drivers/STM32F0xx_HAL_Driver/Inc -I../Drivers/CMSIS/Device/ST/STM32F0xx/Include -I../Drivers/CMSIS/Include -O0 -ffunction-sections -fdata-sections -Wall -fstack-usage -fcyclomatic-complexity -MMD -MP -MF"Core/Src/main.d" -MT"Core/Src/main.o" --specs=nano.specs -mfloat-abi=soft -mthumb -o "Core/Src/main.o"
arm-none-eabi-gcc -o "alfred_ultrasonic_hedghog.elf" @"objects.list"   -mcpu=cortex-m0 -T"C:\Users\Alfred\STM32CubeIDE\workspace_1.19.0\alfred_ultrasonic_hedghog\STM32F030F4PX_FLASH.ld" --specs=nosys.specs -Wl,-Map="alfred_ultrasonic_hedghog.map" -Wl,--gc-sections -static --specs=nano.specs -mfloat-abi=soft -mthumb -Wl,--start-group -lc -lm -Wl,--end-group
Finished building target: alfred_ultrasonic_hedghog.elf
 
arm-none-eabi-size  alfred_ultrasonic_hedghog.elf 
arm-none-eabi-objdump -h -S alfred_ultrasonic_hedghog.elf  > "alfred_ultrasonic_hedghog.list"
   text	   data	    bss	    dec	    hex	filename
   4372	      4	   1596	   5972	   1754	alfred_ultrasonic_hedghog.elf
Finished building: default.size.stdout
 
Finished building: alfred_ultrasonic_hedghog.list
 
14:52:30 **** Incremental Build of configuration Debug for project alfred_ultrasonic_hedghog ****
make -j12 all 
arm-none-eabi-gcc "../Core/Src/main.c" -mcpu=cortex-m0 -std=gnu11 -g3 -DDEBUG -DSTM32F030x6 -DUSE_FULL_LL_DRIVER -DHSE_VALUE=8000000 -DHSE_STARTUP_TIMEOUT=100 -DLSE_STARTUP_TIMEOUT=5000 -DLSE_VALUE=32768 -DHSI_VALUE=8000000 -DLSI_VALUE=40000 -DVDD_VALUE=3300 -DPREFETCH_ENABLE=1 -DINSTRUCTION_CACHE_ENABLE=0 -DDATA_CACHE_ENABLE=0 -c -I../Core/Inc -I../Drivers/STM32F0xx_HAL_Driver/Inc -I../Drivers/CMSIS/Device/ST/STM32F0xx/Include -I../Drivers/CMSIS/Include -O0 -ffunction-sections -fdata-sections -Wall -fstack-usage -fcyclomatic-complexity -MMD -MP -MF"Core/Src/main.d" -MT"Core/Src/main.o" --specs=nano.specs -mfloat-abi=soft -mthumb -o "Core/Src/main.o"
arm-none-eabi-gcc -o "alfred_ultrasonic_hedghog.elf" @"objects.list"   -mcpu=cortex-m0 -T"C:\Users\Alfred\STM32CubeIDE\workspace_1.19.0\alfred_ultrasonic_hedghog\STM32F030F4PX_FLASH.ld" --specs=nosys.specs -Wl,-Map="alfred_ultrasonic_hedghog.map" -Wl,--gc-sections -static --specs=nano.specs -mfloat-abi=soft -mthumb -Wl,--start-group -lc -lm -Wl,--end-group
Finished building target: alfred_ultrasonic_hedghog.elf
 
arm-none-eabi-size  alfred_ultrasonic_hedghog.elf 
arm-none-eabi-objdump -h -S alfred_ultrasonic_hedghog.elf  > "alfred_ultrasonic_hedghog.list"
   text	   data	    bss	    dec	    hex	filename
   4372	      4	   1596	   5972	   1754	alfred_ultrasonic_hedghog.elf
Finished building: default.size.stdout
 
Finished building: alfred_ultrasonic_hedghog.list
 
15:46:42 **** Incremental Build of configuration Debug for project alfred_ultrasonic_hedghog ****
make -j12 all 
arm-none-eabi-gcc "../Core/Src/main.c" -mcpu=cortex-m0 -std=gnu11 -g3 -DDEBUG -DSTM32F030x6 -DUSE_FULL_LL_DRIVER -DHSE_VALUE=8000000 -DHSE_STARTUP_TIMEOUT=100 -DLSE_STARTUP_TIMEOUT=5000 -DLSE_VALUE=32768 -DHSI_VALUE=8000000 -DLSI_VALUE=40000 -DVDD_VALUE=3300 -DPREFETCH_ENABLE=1 -DINSTRUCTION_CACHE_ENABLE=0 -DDATA_CACHE_ENABLE=0 -c -I../Core/Inc -I../Drivers/STM32F0xx_HAL_Driver/Inc -I../Drivers/CMSIS/Device/ST/STM32F0xx/Include -I../Drivers/CMSIS/Include -O0 -ffunction-sections -fdata-sections -Wall -fstack-usage -fcyclomatic-complexity -MMD -MP -MF"Core/Src/main.d" -MT"Core/Src/main.o" --specs=nano.specs -mfloat-abi=soft -mthumb -o "Core/Src/main.o"
arm-none-eabi-gcc -o "alfred_ultrasonic_hedghog.elf" @"objects.list"   -mcpu=cortex-m0 -T"C:\Users\Alfred\STM32CubeIDE\workspace_1.19.0\alfred_ultrasonic_hedghog\STM32F030F4PX_FLASH.ld" --specs=nosys.specs -Wl,-Map="alfred_ultrasonic_hedghog.map" -Wl,--gc-sections -static --specs=nano.specs -mfloat-abi=soft -mthumb -Wl,--start-group -lc -lm -Wl,--end-group
Finished building target: alfred_ultrasonic_hedghog.elf
 
arm-none-eabi-size  alfred_ultrasonic_hedghog.elf 
arm-none-eabi-objdump -h -S alfred_ultrasonic_hedghog.elf  > "alfred_ultrasonic_hedghog.list"
   text	   data	    bss	    dec	    hex	filename
   4372	      4	   1596	   5972	   1754	alfred_ultrasonic_hedghog.elf
Finished building: default.size.stdout
 
Finished building: alfred_ultrasonic_hedghog.list
 
13:24:29 **** Incremental Build of configuration Debug for project alfred_ultrasonic_hedghog ****
make -j12 all 
arm-none-eabi-gcc "../Core/Src/main.c" -mcpu=cortex-m0 -std=gnu11 -g3 -DDEBUG -DSTM32F030x6 -DUSE_FULL_LL_DRIVER -DHSE_VALUE=8000000 -DHSE_STARTUP_TIMEOUT=100 -DLSE_STARTUP_TIMEOUT=5000 -DLSE_VALUE=32768 -DHSI_VALUE=8000000 -DLSI_VALUE=40000 -DVDD_VALUE=3300 -DPREFETCH_ENABLE=1 -DINSTRUCTION_CACHE_ENABLE=0 -DDATA_CACHE_ENABLE=0 -c -I../Core/Inc -I../Drivers/STM32F0xx_HAL_Driver/Inc -I../Drivers/CMSIS/Device/ST/STM32F0xx/Include -I../Drivers/CMSIS/Include -O0 -ffunction-sections -fdata-sections -Wall -fstack-usage -fcyclomatic-complexity -MMD -MP -MF"Core/Src/main.d" -MT"Core/Src/main.o" --specs=nano.specs -mfloat-abi=soft -mthumb -o "Core/Src/main.o"
arm-none-eabi-gcc -o "alfred_ultrasonic_hedghog.elf" @"objects.list"   -mcpu=cortex-m0 -T"C:\Users\Alfred\STM32CubeIDE\workspace_1.19.0\alfred_ultrasonic_hedghog\STM32F030F4PX_FLASH.ld" --specs=nosys.specs -Wl,-Map="alfred_ultrasonic_hedghog.map" -Wl,--gc-sections -static --specs=nano.specs -mfloat-abi=soft -mthumb -Wl,--start-group -lc -lm -Wl,--end-group
Finished building target: alfred_ultrasonic_hedghog.elf
 
arm-none-eabi-size  alfred_ultrasonic_hedghog.elf 
arm-none-eabi-objdump -h -S alfred_ultrasonic_hedghog.elf  > "alfred_ultrasonic_hedghog.list"
   text	   data	    bss	    dec	    hex	filename
   4372	      4	   1596	   5972	   1754	alfred_ultrasonic_hedghog.elf
Finished building: default.size.stdout
 
Finished building: alfred_ultrasonic_hedghog.list
 
16:38:58 **** Incremental Build of configuration Debug for project alfred_ultrasonic_hedghog ****
make -j12 all 
arm-none-eabi-gcc "../Core/Src/main.c" -mcpu=cortex-m0 -std=gnu11 -g3 -DDEBUG -DSTM32F030x6 -DUSE_FULL_LL_DRIVER -DHSE_VALUE=8000000 -DHSE_STARTUP_TIMEOUT=100 -DLSE_STARTUP_TIMEOUT=5000 -DLSE_VALUE=32768 -DHSI_VALUE=8000000 -DLSI_VALUE=40000 -DVDD_VALUE=3300 -DPREFETCH_ENABLE=1 -DINSTRUCTION_CACHE_ENABLE=0 -DDATA_CACHE_ENABLE=0 -c -I../Core/Inc -I../Drivers/STM32F0xx_HAL_Driver/Inc -I../Drivers/CMSIS/Device/ST/STM32F0xx/Include -I../Drivers/CMSIS/Include -O0 -ffunction-sections -fdata-sections -Wall -fstack-usage -fcyclomatic-complexity -MMD -MP -MF"Core/Src/main.d" -MT"Core/Src/main.o" --specs=nano.specs -mfloat-abi=soft -mthumb -o "Core/Src/main.o"
arm-none-eabi-gcc -o "alfred_ultrasonic_hedghog.elf" @"objects.list"   -mcpu=cortex-m0 -T"C:\Users\Alfred\STM32CubeIDE\workspace_1.19.0\alfred_ultrasonic_hedghog\STM32F030F4PX_FLASH.ld" --specs=nosys.specs -Wl,-Map="alfred_ultrasonic_hedghog.map" -Wl,--gc-sections -static --specs=nano.specs -mfloat-abi=soft -mthumb -Wl,--start-group -lc -lm -Wl,--end-group
Finished building target: alfred_ultrasonic_hedghog.elf
 
arm-none-eabi-size  alfred_ultrasonic_hedghog.elf 
arm-none-eabi-objdump -h -S alfred_ultrasonic_hedghog.elf  > "alfred_ultrasonic_hedghog.list"
   text	   data	    bss	    dec	    hex	filename
   4372	      4	   1596	   5972	   1754	alfred_ultrasonic_hedghog.elf
Finished building: default.size.stdout
 
Finished building: alfred_ultrasonic_hedghog.list
 
16:41:19 **** Incremental Build of configuration Debug for project alfred_ultrasonic_hedghog ****
make -j12 all 
arm-none-eabi-gcc "../Core/Src/main.c" -mcpu=cortex-m0 -std=gnu11 -g3 -DDEBUG -DSTM32F030x6 -DUSE_FULL_LL_DRIVER -DHSE_VALUE=8000000 -DHSE_STARTUP_TIMEOUT=100 -DLSE_STARTUP_TIMEOUT=5000 -DLSE_VALUE=32768 -DHSI_VALUE=8000000 -DLSI_VALUE=40000 -DVDD_VALUE=3300 -DPREFETCH_ENABLE=1 -DINSTRUCTION_CACHE_ENABLE=0 -DDATA_CACHE_ENABLE=0 -c -I../Core/Inc -I../Drivers/STM32F0xx_HAL_Driver/Inc -I../Drivers/CMSIS/Device/ST/STM32F0xx/Include -I../Drivers/CMSIS/Include -O0 -ffunction-sections -fdata-sections -Wall -fstack-usage -fcyclomatic-complexity -MMD -MP -MF"Core/Src/main.d" -MT"Core/Src/main.o" --specs=nano.specs -mfloat-abi=soft -mthumb -o "Core/Src/main.o"
arm-none-eabi-gcc -o "alfred_ultrasonic_hedghog.elf" @"objects.list"   -mcpu=cortex-m0 -T"C:\Users\Alfred\STM32CubeIDE\workspace_1.19.0\alfred_ultrasonic_hedghog\STM32F030F4PX_FLASH.ld" --specs=nosys.specs -Wl,-Map="alfred_ultrasonic_hedghog.map" -Wl,--gc-sections -static --specs=nano.specs -mfloat-abi=soft -mthumb -Wl,--start-group -lc -lm -Wl,--end-group
Finished building target: alfred_ultrasonic_hedghog.elf
 
arm-none-eabi-size  alfred_ultrasonic_hedghog.elf 
arm-none-eabi-objdump -h -S alfred_ultrasonic_hedghog.elf  > "alfred_ultrasonic_hedghog.list"
   text	   data	    bss	    dec	    hex	filename
   4376	      4	   1596	   5976	   1758	alfred_ultrasonic_hedghog.elf
Finished building: default.size.stdout
 
Finished building: alfred_ultrasonic_hedghog.list
 
16:42:54 **** Incremental Build of configuration Debug for project alfred_ultrasonic_hedghog ****
make -j12 all 
arm-none-eabi-gcc "../Core/Src/main.c" -mcpu=cortex-m0 -std=gnu11 -g3 -DDEBUG -DSTM32F030x6 -DUSE_FULL_LL_DRIVER -DHSE_VALUE=8000000 -DHSE_STARTUP_TIMEOUT=100 -DLSE_STARTUP_TIMEOUT=5000 -DLSE_VALUE=32768 -DHSI_VALUE=8000000 -DLSI_VALUE=40000 -DVDD_VALUE=3300 -DPREFETCH_ENABLE=1 -DINSTRUCTION_CACHE_ENABLE=0 -DDATA_CACHE_ENABLE=0 -c -I../Core/Inc -I../Drivers/STM32F0xx_HAL_Driver/Inc -I../Drivers/CMSIS/Device/ST/STM32F0xx/Include -I../Drivers/CMSIS/Include -O0 -ffunction-sections -fdata-sections -Wall -fstack-usage -fcyclomatic-complexity -MMD -MP -MF"Core/Src/main.d" -MT"Core/Src/main.o" --specs=nano.specs -mfloat-abi=soft -mthumb -o "Core/Src/main.o"
arm-none-eabi-gcc -o "alfred_ultrasonic_hedghog.elf" @"objects.list"   -mcpu=cortex-m0 -T"C:\Users\Alfred\STM32CubeIDE\workspace_1.19.0\alfred_ultrasonic_hedghog\STM32F030F4PX_FLASH.ld" --specs=nosys.specs -Wl,-Map="alfred_ultrasonic_hedghog.map" -Wl,--gc-sections -static --specs=nano.specs -mfloat-abi=soft -mthumb -Wl,--start-group -lc -lm -Wl,--end-group
Finished building target: alfred_ultrasonic_hedghog.elf
 
arm-none-eabi-size  alfred_ultrasonic_hedghog.elf 
arm-none-eabi-objdump -h -S alfred_ultrasonic_hedghog.elf  > "alfred_ultrasonic_hedghog.list"
   text	   data	    bss	    dec	    hex	filename
   4376	      4	   1596	   5976	   1758	alfred_ultrasonic_hedghog.elf
Finished building: default.size.stdout
 
Finished building: alfred_ultrasonic_hedghog.list
 
16:43:10 **** Incremental Build of configuration Debug for project alfred_ultrasonic_hedghog ****
make -j12 all 
arm-none-eabi-size  alfred_ultrasonic_hedghog.elf 
   text	   data	    bss	    dec	    hex	filename
   4376	      4	   1596	   5976	   1758	alfred_ultrasonic_hedghog.elf
Finished building: default.size.stdout
 
16:46:41 **** Incremental Build of configuration Debug for project alfred_ultrasonic_hedghog ****
make -j12 all 
arm-none-eabi-gcc "../Core/Src/main.c" -mcpu=cortex-m0 -std=gnu11 -g3 -DDEBUG -DSTM32F030x6 -DUSE_FULL_LL_DRIVER -DHSE_VALUE=8000000 -DHSE_STARTUP_TIMEOUT=100 -DLSE_STARTUP_TIMEOUT=5000 -DLSE_VALUE=32768 -DHSI_VALUE=8000000 -DLSI_VALUE=40000 -DVDD_VALUE=3300 -DPREFETCH_ENABLE=1 -DINSTRUCTION_CACHE_ENABLE=0 -DDATA_CACHE_ENABLE=0 -c -I../Core/Inc -I../Drivers/STM32F0xx_HAL_Driver/Inc -I../Drivers/CMSIS/Device/ST/STM32F0xx/Include -I../Drivers/CMSIS/Include -O0 -ffunction-sections -fdata-sections -Wall -fstack-usage -fcyclomatic-complexity -MMD -MP -MF"Core/Src/main.d" -MT"Core/Src/main.o" --specs=nano.specs -mfloat-abi=soft -mthumb -o "Core/Src/main.o"
arm-none-eabi-gcc -o "alfred_ultrasonic_hedghog.elf" @"objects.list"   -mcpu=cortex-m0 -T"C:\Users\Alfred\STM32CubeIDE\workspace_1.19.0\alfred_ultrasonic_hedghog\STM32F030F4PX_FLASH.ld" --specs=nosys.specs -Wl,-Map="alfred_ultrasonic_hedghog.map" -Wl,--gc-sections -static --specs=nano.specs -mfloat-abi=soft -mthumb -Wl,--start-group -lc -lm -Wl,--end-group
Finished building target: alfred_ultrasonic_hedghog.elf
 
arm-none-eabi-size  alfred_ultrasonic_hedghog.elf 
arm-none-eabi-objdump -h -S alfred_ultrasonic_hedghog.elf  > "alfred_ultrasonic_hedghog.list"
   text	   data	    bss	    dec	    hex	filename
   4376	      4	   1596	   5976	   1758	alfred_ultrasonic_hedghog.elf
Finished building: default.size.stdout
 
Finished building: alfred_ultrasonic_hedghog.list
 
16:51:47 **** Incremental Build of configuration Debug for project alfred_ultrasonic_hedghog ****
make -j12 all 
arm-none-eabi-gcc "../Core/Src/main.c" -mcpu=cortex-m0 -std=gnu11 -g3 -DDEBUG -DSTM32F030x6 -DUSE_FULL_LL_DRIVER -DHSE_VALUE=8000000 -DHSE_STARTUP_TIMEOUT=100 -DLSE_STARTUP_TIMEOUT=5000 -DLSE_VALUE=32768 -DHSI_VALUE=8000000 -DLSI_VALUE=40000 -DVDD_VALUE=3300 -DPREFETCH_ENABLE=1 -DINSTRUCTION_CACHE_ENABLE=0 -DDATA_CACHE_ENABLE=0 -c -I../Core/Inc -I../Drivers/STM32F0xx_HAL_Driver/Inc -I../Drivers/CMSIS/Device/ST/STM32F0xx/Include -I../Drivers/CMSIS/Include -O0 -ffunction-sections -fdata-sections -Wall -fstack-usage -fcyclomatic-complexity -MMD -MP -MF"Core/Src/main.d" -MT"Core/Src/main.o" --specs=nano.specs -mfloat-abi=soft -mthumb -o "Core/Src/main.o"
arm-none-eabi-gcc -o "alfred_ultrasonic_hedghog.elf" @"objects.list"   -mcpu=cortex-m0 -T"C:\Users\Alfred\STM32CubeIDE\workspace_1.19.0\alfred_ultrasonic_hedghog\STM32F030F4PX_FLASH.ld" --specs=nosys.specs -Wl,-Map="alfred_ultrasonic_hedghog.map" -Wl,--gc-sections -static --specs=nano.specs -mfloat-abi=soft -mthumb -Wl,--start-group -lc -lm -Wl,--end-group
Finished building target: alfred_ultrasonic_hedghog.elf
 
arm-none-eabi-size  alfred_ultrasonic_hedghog.elf 
arm-none-eabi-objdump -h -S alfred_ultrasonic_hedghog.elf  > "alfred_ultrasonic_hedghog.list"
   text	   data	    bss	    dec	    hex	filename
   4376	      4	   1596	   5976	   1758	alfred_ultrasonic_hedghog.elf
Finished building: default.size.stdout
 
Finished building: alfred_ultrasonic_hedghog.list
 
16:55:44 **** Incremental Build of configuration Debug for project alfred_ultrasonic_hedghog ****
make -j12 all 
arm-none-eabi-gcc "../Core/Src/main.c" -mcpu=cortex-m0 -std=gnu11 -g3 -DDEBUG -DSTM32F030x6 -DUSE_FULL_LL_DRIVER -DHSE_VALUE=8000000 -DHSE_STARTUP_TIMEOUT=100 -DLSE_STARTUP_TIMEOUT=5000 -DLSE_VALUE=32768 -DHSI_VALUE=8000000 -DLSI_VALUE=40000 -DVDD_VALUE=3300 -DPREFETCH_ENABLE=1 -DINSTRUCTION_CACHE_ENABLE=0 -DDATA_CACHE_ENABLE=0 -c -I../Core/Inc -I../Drivers/STM32F0xx_HAL_Driver/Inc -I../Drivers/CMSIS/Device/ST/STM32F0xx/Include -I../Drivers/CMSIS/Include -O0 -ffunction-sections -fdata-sections -Wall -fstack-usage -fcyclomatic-complexity -MMD -MP -MF"Core/Src/main.d" -MT"Core/Src/main.o" --specs=nano.specs -mfloat-abi=soft -mthumb -o "Core/Src/main.o"
arm-none-eabi-gcc -o "alfred_ultrasonic_hedghog.elf" @"objects.list"   -mcpu=cortex-m0 -T"C:\Users\Alfred\STM32CubeIDE\workspace_1.19.0\alfred_ultrasonic_hedghog\STM32F030F4PX_FLASH.ld" --specs=nosys.specs -Wl,-Map="alfred_ultrasonic_hedghog.map" -Wl,--gc-sections -static --specs=nano.specs -mfloat-abi=soft -mthumb -Wl,--start-group -lc -lm -Wl,--end-group
Finished building target: alfred_ultrasonic_hedghog.elf
 
arm-none-eabi-size  alfred_ultrasonic_hedghog.elf 
arm-none-eabi-objdump -h -S alfred_ultrasonic_hedghog.elf  > "alfred_ultrasonic_hedghog.list"
   text	   data	    bss	    dec	    hex	filename
   4376	      4	   1596	   5976	   1758	alfred_ultrasonic_hedghog.elf
Finished building: default.size.stdout
 
Finished building: alfred_ultrasonic_hedghog.list
 
17:48:52 **** Incremental Build of configuration Debug for project alfred_ultrasonic_hedghog ****
make -j12 all 
arm-none-eabi-gcc "../Core/Src/main.c" -mcpu=cortex-m0 -std=gnu11 -g3 -DDEBUG -DSTM32F030x6 -DUSE_FULL_LL_DRIVER -DHSE_VALUE=8000000 -DHSE_STARTUP_TIMEOUT=100 -DLSE_STARTUP_TIMEOUT=5000 -DLSE_VALUE=32768 -DHSI_VALUE=8000000 -DLSI_VALUE=40000 -DVDD_VALUE=3300 -DPREFETCH_ENABLE=1 -DINSTRUCTION_CACHE_ENABLE=0 -DDATA_CACHE_ENABLE=0 -c -I../Core/Inc -I../Drivers/STM32F0xx_HAL_Driver/Inc -I../Drivers/CMSIS/Device/ST/STM32F0xx/Include -I../Drivers/CMSIS/Include -O0 -ffunction-sections -fdata-sections -Wall -fstack-usage -fcyclomatic-complexity -MMD -MP -MF"Core/Src/main.d" -MT"Core/Src/main.o" --specs=nano.specs -mfloat-abi=soft -mthumb -o "Core/Src/main.o"
arm-none-eabi-gcc -o "alfred_ultrasonic_hedghog.elf" @"objects.list"   -mcpu=cortex-m0 -T"C:\Users\Alfred\STM32CubeIDE\workspace_1.19.0\alfred_ultrasonic_hedghog\STM32F030F4PX_FLASH.ld" --specs=nosys.specs -Wl,-Map="alfred_ultrasonic_hedghog.map" -Wl,--gc-sections -static --specs=nano.specs -mfloat-abi=soft -mthumb -Wl,--start-group -lc -lm -Wl,--end-group
Finished building target: alfred_ultrasonic_hedghog.elf
 
arm-none-eabi-size  alfred_ultrasonic_hedghog.elf 
arm-none-eabi-objdump -h -S alfred_ultrasonic_hedghog.elf  > "alfred_ultrasonic_hedghog.list"
   text	   data	    bss	    dec	    hex	filename
   4456	      4	   1596	   6056	   17a8	alfred_ultrasonic_hedghog.elf
Finished building: default.size.stdout
 
Finished building: alfred_ultrasonic_hedghog.list
 
17:42:41 **** Incremental Build of configuration Debug for project alfred_ultrasonic_hedghog ****
make -j12 all 
arm-none-eabi-gcc "../Core/Src/main.c" -mcpu=cortex-m0 -std=gnu11 -g3 -DDEBUG -DSTM32F030x6 -DUSE_FULL_LL_DRIVER -DHSE_VALUE=8000000 -DHSE_STARTUP_TIMEOUT=100 -DLSE_STARTUP_TIMEOUT=5000 -DLSE_VALUE=32768 -DHSI_VALUE=8000000 -DLSI_VALUE=40000 -DVDD_VALUE=3300 -DPREFETCH_ENABLE=1 -DINSTRUCTION_CACHE_ENABLE=0 -DDATA_CACHE_ENABLE=0 -c -I../Core/Inc -I../Drivers/STM32F0xx_HAL_Driver/Inc -I../Drivers/CMSIS/Device/ST/STM32F0xx/Include -I../Drivers/CMSIS/Include -O0 -ffunction-sections -fdata-sections -Wall -fstack-usage -fcyclomatic-complexity -MMD -MP -MF"Core/Src/main.d" -MT"Core/Src/main.o" --specs=nano.specs -mfloat-abi=soft -mthumb -o "Core/Src/main.o"
arm-none-eabi-gcc -o "alfred_ultrasonic_hedghog.elf" @"objects.list"   -mcpu=cortex-m0 -T"C:\Users\Alfred\STM32CubeIDE\workspace_1.19.0\alfred_ultrasonic_hedghog\STM32F030F4PX_FLASH.ld" --specs=nosys.specs -Wl,-Map="alfred_ultrasonic_hedghog.map" -Wl,--gc-sections -static --specs=nano.specs -mfloat-abi=soft -mthumb -Wl,--start-group -lc -lm -Wl,--end-group
Finished building target: alfred_ultrasonic_hedghog.elf
 
arm-none-eabi-size  alfred_ultrasonic_hedghog.elf 
arm-none-eabi-objdump -h -S alfred_ultrasonic_hedghog.elf  > "alfred_ultrasonic_hedghog.list"
   text	   data	    bss	    dec	    hex	filename
   4452	      4	   1596	   6052	   17a4	alfred_ultrasonic_hedghog.elf
Finished building: default.size.stdout
 
Finished building: alfred_ultrasonic_hedghog.list
 
17:44:53 **** Incremental Build of configuration Debug for project alfred_ultrasonic_hedghog ****
make -j12 all 
arm-none-eabi-gcc "../Core/Src/main.c" -mcpu=cortex-m0 -std=gnu11 -g3 -DDEBUG -DSTM32F030x6 -DUSE_FULL_LL_DRIVER -DHSE_VALUE=8000000 -DHSE_STARTUP_TIMEOUT=100 -DLSE_STARTUP_TIMEOUT=5000 -DLSE_VALUE=32768 -DHSI_VALUE=8000000 -DLSI_VALUE=40000 -DVDD_VALUE=3300 -DPREFETCH_ENABLE=1 -DINSTRUCTION_CACHE_ENABLE=0 -DDATA_CACHE_ENABLE=0 -c -I../Core/Inc -I../Drivers/STM32F0xx_HAL_Driver/Inc -I../Drivers/CMSIS/Device/ST/STM32F0xx/Include -I../Drivers/CMSIS/Include -O0 -ffunction-sections -fdata-sections -Wall -fstack-usage -fcyclomatic-complexity -MMD -MP -MF"Core/Src/main.d" -MT"Core/Src/main.o" --specs=nano.specs -mfloat-abi=soft -mthumb -o "Core/Src/main.o"
arm-none-eabi-gcc -o "alfred_ultrasonic_hedghog.elf" @"objects.list"   -mcpu=cortex-m0 -T"C:\Users\Alfred\STM32CubeIDE\workspace_1.19.0\alfred_ultrasonic_hedghog\STM32F030F4PX_FLASH.ld" --specs=nosys.specs -Wl,-Map="alfred_ultrasonic_hedghog.map" -Wl,--gc-sections -static --specs=nano.specs -mfloat-abi=soft -mthumb -Wl,--start-group -lc -lm -Wl,--end-group
Finished building target: alfred_ultrasonic_hedghog.elf
 
arm-none-eabi-size  alfred_ultrasonic_hedghog.elf 
arm-none-eabi-objdump -h -S alfred_ultrasonic_hedghog.elf  > "alfred_ultrasonic_hedghog.list"
   text	   data	    bss	    dec	    hex	filename
   4456	      4	   1596	   6056	   17a8	alfred_ultrasonic_hedghog.elf
Finished building: default.size.stdout
 
Finished building: alfred_ultrasonic_hedghog.list
 
17:45:13 **** Incremental Build of configuration Debug for project alfred_ultrasonic_hedghog ****
make -j12 all 
arm-none-eabi-gcc "../Core/Src/main.c" -mcpu=cortex-m0 -std=gnu11 -g3 -DDEBUG -DSTM32F030x6 -DUSE_FULL_LL_DRIVER -DHSE_VALUE=8000000 -DHSE_STARTUP_TIMEOUT=100 -DLSE_STARTUP_TIMEOUT=5000 -DLSE_VALUE=32768 -DHSI_VALUE=8000000 -DLSI_VALUE=40000 -DVDD_VALUE=3300 -DPREFETCH_ENABLE=1 -DINSTRUCTION_CACHE_ENABLE=0 -DDATA_CACHE_ENABLE=0 -c -I../Core/Inc -I../Drivers/STM32F0xx_HAL_Driver/Inc -I../Drivers/CMSIS/Device/ST/STM32F0xx/Include -I../Drivers/CMSIS/Include -O0 -ffunction-sections -fdata-sections -Wall -fstack-usage -fcyclomatic-complexity -MMD -MP -MF"Core/Src/main.d" -MT"Core/Src/main.o" --specs=nano.specs -mfloat-abi=soft -mthumb -o "Core/Src/main.o"
arm-none-eabi-gcc -o "alfred_ultrasonic_hedghog.elf" @"objects.list"   -mcpu=cortex-m0 -T"C:\Users\Alfred\STM32CubeIDE\workspace_1.19.0\alfred_ultrasonic_hedghog\STM32F030F4PX_FLASH.ld" --specs=nosys.specs -Wl,-Map="alfred_ultrasonic_hedghog.map" -Wl,--gc-sections -static --specs=nano.specs -mfloat-abi=soft -mthumb -Wl,--start-group -lc -lm -Wl,--end-group
Finished building target: alfred_ultrasonic_hedghog.elf
 
arm-none-eabi-size  alfred_ultrasonic_hedghog.elf 
arm-none-eabi-objdump -h -S alfred_ultrasonic_hedghog.elf  > "alfred_ultrasonic_hedghog.list"
   text	   data	    bss	    dec	    hex	filename
   4456	      4	   1596	   6056	   17a8	alfred_ultrasonic_hedghog.elf
Finished building: default.size.stdout
 
Finished building: alfred_ultrasonic_hedghog.list
 
17:54:20 **** Incremental Build of configuration Debug for project alfred_ultrasonic_hedghog ****
make -j12 all 
arm-none-eabi-gcc "../Core/Src/main.c" -mcpu=cortex-m0 -std=gnu11 -g3 -DDEBUG -DSTM32F030x6 -DUSE_FULL_LL_DRIVER -DHSE_VALUE=8000000 -DHSE_STARTUP_TIMEOUT=100 -DLSE_STARTUP_TIMEOUT=5000 -DLSE_VALUE=32768 -DHSI_VALUE=8000000 -DLSI_VALUE=40000 -DVDD_VALUE=3300 -DPREFETCH_ENABLE=1 -DINSTRUCTION_CACHE_ENABLE=0 -DDATA_CACHE_ENABLE=0 -c -I../Core/Inc -I../Drivers/STM32F0xx_HAL_Driver/Inc -I../Drivers/CMSIS/Device/ST/STM32F0xx/Include -I../Drivers/CMSIS/Include -O0 -ffunction-sections -fdata-sections -Wall -fstack-usage -fcyclomatic-complexity -MMD -MP -MF"Core/Src/main.d" -MT"Core/Src/main.o" --specs=nano.specs -mfloat-abi=soft -mthumb -o "Core/Src/main.o"
arm-none-eabi-gcc -o "alfred_ultrasonic_hedghog.elf" @"objects.list"   -mcpu=cortex-m0 -T"C:\Users\Alfred\STM32CubeIDE\workspace_1.19.0\alfred_ultrasonic_hedghog\STM32F030F4PX_FLASH.ld" --specs=nosys.specs -Wl,-Map="alfred_ultrasonic_hedghog.map" -Wl,--gc-sections -static --specs=nano.specs -mfloat-abi=soft -mthumb -Wl,--start-group -lc -lm -Wl,--end-group
Finished building target: alfred_ultrasonic_hedghog.elf
 
arm-none-eabi-size  alfred_ultrasonic_hedghog.elf 
arm-none-eabi-objdump -h -S alfred_ultrasonic_hedghog.elf  > "alfred_ultrasonic_hedghog.list"
   text	   data	    bss	    dec	    hex	filename
   4452	      4	   1596	   6052	   17a4	alfred_ultrasonic_hedghog.elf
Finished building: default.size.stdout
 
Finished building: alfred_ultrasonic_hedghog.list
 
17:55:26 **** Incremental Build of configuration Debug for project alfred_ultrasonic_hedghog ****
make -j12 all 
arm-none-eabi-gcc "../Core/Src/main.c" -mcpu=cortex-m0 -std=gnu11 -g3 -DDEBUG -DSTM32F030x6 -DUSE_FULL_LL_DRIVER -DHSE_VALUE=8000000 -DHSE_STARTUP_TIMEOUT=100 -DLSE_STARTUP_TIMEOUT=5000 -DLSE_VALUE=32768 -DHSI_VALUE=8000000 -DLSI_VALUE=40000 -DVDD_VALUE=3300 -DPREFETCH_ENABLE=1 -DINSTRUCTION_CACHE_ENABLE=0 -DDATA_CACHE_ENABLE=0 -c -I../Core/Inc -I../Drivers/STM32F0xx_HAL_Driver/Inc -I../Drivers/CMSIS/Device/ST/STM32F0xx/Include -I../Drivers/CMSIS/Include -O0 -ffunction-sections -fdata-sections -Wall -fstack-usage -fcyclomatic-complexity -MMD -MP -MF"Core/Src/main.d" -MT"Core/Src/main.o" --specs=nano.specs -mfloat-abi=soft -mthumb -o "Core/Src/main.o"
arm-none-eabi-gcc -o "alfred_ultrasonic_hedghog.elf" @"objects.list"   -mcpu=cortex-m0 -T"C:\Users\Alfred\STM32CubeIDE\workspace_1.19.0\alfred_ultrasonic_hedghog\STM32F030F4PX_FLASH.ld" --specs=nosys.specs -Wl,-Map="alfred_ultrasonic_hedghog.map" -Wl,--gc-sections -static --specs=nano.specs -mfloat-abi=soft -mthumb -Wl,--start-group -lc -lm -Wl,--end-group
Finished building target: alfred_ultrasonic_hedghog.elf
 
arm-none-eabi-size  alfred_ultrasonic_hedghog.elf 
arm-none-eabi-objdump -h -S alfred_ultrasonic_hedghog.elf  > "alfred_ultrasonic_hedghog.list"
   text	   data	    bss	    dec	    hex	filename
   4448	      4	   1596	   6048	   17a0	alfred_ultrasonic_hedghog.elf
Finished building: default.size.stdout
 
Finished building: alfred_ultrasonic_hedghog.list
 
17:56:00 **** Incremental Build of configuration Debug for project alfred_ultrasonic_hedghog ****
make -j12 all 
arm-none-eabi-gcc "../Core/Src/main.c" -mcpu=cortex-m0 -std=gnu11 -g3 -DDEBUG -DSTM32F030x6 -DUSE_FULL_LL_DRIVER -DHSE_VALUE=8000000 -DHSE_STARTUP_TIMEOUT=100 -DLSE_STARTUP_TIMEOUT=5000 -DLSE_VALUE=32768 -DHSI_VALUE=8000000 -DLSI_VALUE=40000 -DVDD_VALUE=3300 -DPREFETCH_ENABLE=1 -DINSTRUCTION_CACHE_ENABLE=0 -DDATA_CACHE_ENABLE=0 -c -I../Core/Inc -I../Drivers/STM32F0xx_HAL_Driver/Inc -I../Drivers/CMSIS/Device/ST/STM32F0xx/Include -I../Drivers/CMSIS/Include -O0 -ffunction-sections -fdata-sections -Wall -fstack-usage -fcyclomatic-complexity -MMD -MP -MF"Core/Src/main.d" -MT"Core/Src/main.o" --specs=nano.specs -mfloat-abi=soft -mthumb -o "Core/Src/main.o"
arm-none-eabi-gcc -o "alfred_ultrasonic_hedghog.elf" @"objects.list"   -mcpu=cortex-m0 -T"C:\Users\Alfred\STM32CubeIDE\workspace_1.19.0\alfred_ultrasonic_hedghog\STM32F030F4PX_FLASH.ld" --specs=nosys.specs -Wl,-Map="alfred_ultrasonic_hedghog.map" -Wl,--gc-sections -static --specs=nano.specs -mfloat-abi=soft -mthumb -Wl,--start-group -lc -lm -Wl,--end-group
Finished building target: alfred_ultrasonic_hedghog.elf
 
arm-none-eabi-size  alfred_ultrasonic_hedghog.elf 
arm-none-eabi-objdump -h -S alfred_ultrasonic_hedghog.elf  > "alfred_ultrasonic_hedghog.list"
   text	   data	    bss	    dec	    hex	filename
   4456	      4	   1596	   6056	   17a8	alfred_ultrasonic_hedghog.elf
Finished building: default.size.stdout
 
Finished building: alfred_ultrasonic_hedghog.list
 
18:02:45 **** Incremental Build of configuration Debug for project alfred_ultrasonic_hedghog ****
make -j12 all 
arm-none-eabi-gcc "../Core/Src/main.c" -mcpu=cortex-m0 -std=gnu11 -g3 -DDEBUG -DSTM32F030x6 -DUSE_FULL_LL_DRIVER -DHSE_VALUE=8000000 -DHSE_STARTUP_TIMEOUT=100 -DLSE_STARTUP_TIMEOUT=5000 -DLSE_VALUE=32768 -DHSI_VALUE=8000000 -DLSI_VALUE=40000 -DVDD_VALUE=3300 -DPREFETCH_ENABLE=1 -DINSTRUCTION_CACHE_ENABLE=0 -DDATA_CACHE_ENABLE=0 -c -I../Core/Inc -I../Drivers/STM32F0xx_HAL_Driver/Inc -I../Drivers/CMSIS/Device/ST/STM32F0xx/Include -I../Drivers/CMSIS/Include -O0 -ffunction-sections -fdata-sections -Wall -fstack-usage -fcyclomatic-complexity -MMD -MP -MF"Core/Src/main.d" -MT"Core/Src/main.o" --specs=nano.specs -mfloat-abi=soft -mthumb -o "Core/Src/main.o"
arm-none-eabi-gcc -o "alfred_ultrasonic_hedghog.elf" @"objects.list"   -mcpu=cortex-m0 -T"C:\Users\Alfred\STM32CubeIDE\workspace_1.19.0\alfred_ultrasonic_hedghog\STM32F030F4PX_FLASH.ld" --specs=nosys.specs -Wl,-Map="alfred_ultrasonic_hedghog.map" -Wl,--gc-sections -static --specs=nano.specs -mfloat-abi=soft -mthumb -Wl,--start-group -lc -lm -Wl,--end-group
Finished building target: alfred_ultrasonic_hedghog.elf
 
arm-none-eabi-size  alfred_ultrasonic_hedghog.elf 
arm-none-eabi-objdump -h -S alfred_ultrasonic_hedghog.elf  > "alfred_ultrasonic_hedghog.list"
   text	   data	    bss	    dec	    hex	filename
   4456	      4	   1596	   6056	   17a8	alfred_ultrasonic_hedghog.elf
Finished building: default.size.stdout
 
Finished building: alfred_ultrasonic_hedghog.list
 
18:03:05 **** Incremental Build of configuration Debug for project alfred_ultrasonic_hedghog ****
make -j12 all 
arm-none-eabi-gcc "../Core/Src/main.c" -mcpu=cortex-m0 -std=gnu11 -g3 -DDEBUG -DSTM32F030x6 -DUSE_FULL_LL_DRIVER -DHSE_VALUE=8000000 -DHSE_STARTUP_TIMEOUT=100 -DLSE_STARTUP_TIMEOUT=5000 -DLSE_VALUE=32768 -DHSI_VALUE=8000000 -DLSI_VALUE=40000 -DVDD_VALUE=3300 -DPREFETCH_ENABLE=1 -DINSTRUCTION_CACHE_ENABLE=0 -DDATA_CACHE_ENABLE=0 -c -I../Core/Inc -I../Drivers/STM32F0xx_HAL_Driver/Inc -I../Drivers/CMSIS/Device/ST/STM32F0xx/Include -I../Drivers/CMSIS/Include -O0 -ffunction-sections -fdata-sections -Wall -fstack-usage -fcyclomatic-complexity -MMD -MP -MF"Core/Src/main.d" -MT"Core/Src/main.o" --specs=nano.specs -mfloat-abi=soft -mthumb -o "Core/Src/main.o"
arm-none-eabi-gcc -o "alfred_ultrasonic_hedghog.elf" @"objects.list"   -mcpu=cortex-m0 -T"C:\Users\Alfred\STM32CubeIDE\workspace_1.19.0\alfred_ultrasonic_hedghog\STM32F030F4PX_FLASH.ld" --specs=nosys.specs -Wl,-Map="alfred_ultrasonic_hedghog.map" -Wl,--gc-sections -static --specs=nano.specs -mfloat-abi=soft -mthumb -Wl,--start-group -lc -lm -Wl,--end-group
Finished building target: alfred_ultrasonic_hedghog.elf
 
arm-none-eabi-size  alfred_ultrasonic_hedghog.elf 
arm-none-eabi-objdump -h -S alfred_ultrasonic_hedghog.elf  > "alfred_ultrasonic_hedghog.list"
   text	   data	    bss	    dec	    hex	filename
   4448	      4	   1596	   6048	   17a0	alfred_ultrasonic_hedghog.elf
Finished building: default.size.stdout
 
Finished building: alfred_ultrasonic_hedghog.list
 
18:03:24 **** Incremental Build of configuration Debug for project alfred_ultrasonic_hedghog ****
make -j12 all 
arm-none-eabi-size  alfred_ultrasonic_hedghog.elf 
   text	   data	    bss	    dec	    hex	filename
   4448	      4	   1596	   6048	   17a0	alfred_ultrasonic_hedghog.elf
Finished building: default.size.stdout
 
18:04:47 **** Incremental Build of configuration Debug for project alfred_ultrasonic_hedghog ****
make -j12 all 
arm-none-eabi-gcc "../Core/Src/main.c" -mcpu=cortex-m0 -std=gnu11 -g3 -DDEBUG -DSTM32F030x6 -DUSE_FULL_LL_DRIVER -DHSE_VALUE=8000000 -DHSE_STARTUP_TIMEOUT=100 -DLSE_STARTUP_TIMEOUT=5000 -DLSE_VALUE=32768 -DHSI_VALUE=8000000 -DLSI_VALUE=40000 -DVDD_VALUE=3300 -DPREFETCH_ENABLE=1 -DINSTRUCTION_CACHE_ENABLE=0 -DDATA_CACHE_ENABLE=0 -c -I../Core/Inc -I../Drivers/STM32F0xx_HAL_Driver/Inc -I../Drivers/CMSIS/Device/ST/STM32F0xx/Include -I../Drivers/CMSIS/Include -O0 -ffunction-sections -fdata-sections -Wall -fstack-usage -fcyclomatic-complexity -MMD -MP -MF"Core/Src/main.d" -MT"Core/Src/main.o" --specs=nano.specs -mfloat-abi=soft -mthumb -o "Core/Src/main.o"
arm-none-eabi-gcc -o "alfred_ultrasonic_hedghog.elf" @"objects.list"   -mcpu=cortex-m0 -T"C:\Users\Alfred\STM32CubeIDE\workspace_1.19.0\alfred_ultrasonic_hedghog\STM32F030F4PX_FLASH.ld" --specs=nosys.specs -Wl,-Map="alfred_ultrasonic_hedghog.map" -Wl,--gc-sections -static --specs=nano.specs -mfloat-abi=soft -mthumb -Wl,--start-group -lc -lm -Wl,--end-group
Finished building target: alfred_ultrasonic_hedghog.elf
 
arm-none-eabi-size  alfred_ultrasonic_hedghog.elf 
arm-none-eabi-objdump -h -S alfred_ultrasonic_hedghog.elf  > "alfred_ultrasonic_hedghog.list"
   text	   data	    bss	    dec	    hex	filename
   4448	      4	   1596	   6048	   17a0	alfred_ultrasonic_hedghog.elf
Finished building: default.size.stdout
 
Finished building: alfred_ultrasonic_hedghog.list
 
18:05:13 **** Incremental Build of configuration Debug for project alfred_ultrasonic_hedghog ****
make -j12 all 
arm-none-eabi-gcc "../Core/Src/main.c" -mcpu=cortex-m0 -std=gnu11 -g3 -DDEBUG -DSTM32F030x6 -DUSE_FULL_LL_DRIVER -DHSE_VALUE=8000000 -DHSE_STARTUP_TIMEOUT=100 -DLSE_STARTUP_TIMEOUT=5000 -DLSE_VALUE=32768 -DHSI_VALUE=8000000 -DLSI_VALUE=40000 -DVDD_VALUE=3300 -DPREFETCH_ENABLE=1 -DINSTRUCTION_CACHE_ENABLE=0 -DDATA_CACHE_ENABLE=0 -c -I../Core/Inc -I../Drivers/STM32F0xx_HAL_Driver/Inc -I../Drivers/CMSIS/Device/ST/STM32F0xx/Include -I../Drivers/CMSIS/Include -O0 -ffunction-sections -fdata-sections -Wall -fstack-usage -fcyclomatic-complexity -MMD -MP -MF"Core/Src/main.d" -MT"Core/Src/main.o" --specs=nano.specs -mfloat-abi=soft -mthumb -o "Core/Src/main.o"
arm-none-eabi-gcc -o "alfred_ultrasonic_hedghog.elf" @"objects.list"   -mcpu=cortex-m0 -T"C:\Users\Alfred\STM32CubeIDE\workspace_1.19.0\alfred_ultrasonic_hedghog\STM32F030F4PX_FLASH.ld" --specs=nosys.specs -Wl,-Map="alfred_ultrasonic_hedghog.map" -Wl,--gc-sections -static --specs=nano.specs -mfloat-abi=soft -mthumb -Wl,--start-group -lc -lm -Wl,--end-group
Finished building target: alfred_ultrasonic_hedghog.elf
 
arm-none-eabi-size  alfred_ultrasonic_hedghog.elf 
arm-none-eabi-objdump -h -S alfred_ultrasonic_hedghog.elf  > "alfred_ultrasonic_hedghog.list"
   text	   data	    bss	    dec	    hex	filename
   4440	      4	   1596	   6040	   1798	alfred_ultrasonic_hedghog.elf
Finished building: default.size.stdout
 
Finished building: alfred_ultrasonic_hedghog.list
 
15:29:19 **** Incremental Build of configuration Debug for project alfred_ultrasonic_hedghog ****
make -j12 all 
arm-none-eabi-gcc "../Core/Src/main.c" -mcpu=cortex-m0 -std=gnu11 -g3 -DDEBUG -DSTM32F030x6 -DUSE_FULL_LL_DRIVER -DHSE_VALUE=8000000 -DHSE_STARTUP_TIMEOUT=100 -DLSE_STARTUP_TIMEOUT=5000 -DLSE_VALUE=32768 -DHSI_VALUE=8000000 -DLSI_VALUE=40000 -DVDD_VALUE=3300 -DPREFETCH_ENABLE=1 -DINSTRUCTION_CACHE_ENABLE=0 -DDATA_CACHE_ENABLE=0 -c -I../Core/Inc -I../Drivers/STM32F0xx_HAL_Driver/Inc -I../Drivers/CMSIS/Device/ST/STM32F0xx/Include -I../Drivers/CMSIS/Include -O0 -ffunction-sections -fdata-sections -Wall -fstack-usage -fcyclomatic-complexity -MMD -MP -MF"Core/Src/main.d" -MT"Core/Src/main.o" --specs=nano.specs -mfloat-abi=soft -mthumb -o "Core/Src/main.o"
arm-none-eabi-gcc -o "alfred_ultrasonic_hedghog.elf" @"objects.list"   -mcpu=cortex-m0 -T"C:\Users\Alfred\STM32CubeIDE\workspace_1.19.0\alfred_ultrasonic_hedghog\STM32F030F4PX_FLASH.ld" --specs=nosys.specs -Wl,-Map="alfred_ultrasonic_hedghog.map" -Wl,--gc-sections -static --specs=nano.specs -mfloat-abi=soft -mthumb -Wl,--start-group -lc -lm -Wl,--end-group
Finished building target: alfred_ultrasonic_hedghog.elf
 
arm-none-eabi-size  alfred_ultrasonic_hedghog.elf 
arm-none-eabi-objdump -h -S alfred_ultrasonic_hedghog.elf  > "alfred_ultrasonic_hedghog.list"
   text	   data	    bss	    dec	    hex	filename
   4448	      4	   1596	   6048	   17a0	alfred_ultrasonic_hedghog.elf
Finished building: default.size.stdout
 
Finished building: alfred_ultrasonic_hedghog.list
 
15:29:57 **** Incremental Build of configuration Debug for project alfred_ultrasonic_hedghog ****
make -j12 all 
arm-none-eabi-gcc "../Core/Src/main.c" -mcpu=cortex-m0 -std=gnu11 -g3 -DDEBUG -DSTM32F030x6 -DUSE_FULL_LL_DRIVER -DHSE_VALUE=8000000 -DHSE_STARTUP_TIMEOUT=100 -DLSE_STARTUP_TIMEOUT=5000 -DLSE_VALUE=32768 -DHSI_VALUE=8000000 -DLSI_VALUE=40000 -DVDD_VALUE=3300 -DPREFETCH_ENABLE=1 -DINSTRUCTION_CACHE_ENABLE=0 -DDATA_CACHE_ENABLE=0 -c -I../Core/Inc -I../Drivers/STM32F0xx_HAL_Driver/Inc -I../Drivers/CMSIS/Device/ST/STM32F0xx/Include -I../Drivers/CMSIS/Include -O0 -ffunction-sections -fdata-sections -Wall -fstack-usage -fcyclomatic-complexity -MMD -MP -MF"Core/Src/main.d" -MT"Core/Src/main.o" --specs=nano.specs -mfloat-abi=soft -mthumb -o "Core/Src/main.o"
arm-none-eabi-gcc -o "alfred_ultrasonic_hedghog.elf" @"objects.list"   -mcpu=cortex-m0 -T"C:\Users\Alfred\STM32CubeIDE\workspace_1.19.0\alfred_ultrasonic_hedghog\STM32F030F4PX_FLASH.ld" --specs=nosys.specs -Wl,-Map="alfred_ultrasonic_hedghog.map" -Wl,--gc-sections -static --specs=nano.specs -mfloat-abi=soft -mthumb -Wl,--start-group -lc -lm -Wl,--end-group
Finished building target: alfred_ultrasonic_hedghog.elf
 
arm-none-eabi-size  alfred_ultrasonic_hedghog.elf 
arm-none-eabi-objdump -h -S alfred_ultrasonic_hedghog.elf  > "alfred_ultrasonic_hedghog.list"
   text	   data	    bss	    dec	    hex	filename
   4448	      4	   1596	   6048	   17a0	alfred_ultrasonic_hedghog.elf
Finished building: default.size.stdout
 
Finished building: alfred_ultrasonic_hedghog.list
 
15:30:41 **** Incremental Build of configuration Debug for project alfred_ultrasonic_hedghog ****
make -j12 all 
arm-none-eabi-gcc "../Core/Src/main.c" -mcpu=cortex-m0 -std=gnu11 -g3 -DDEBUG -DSTM32F030x6 -DUSE_FULL_LL_DRIVER -DHSE_VALUE=8000000 -DHSE_STARTUP_TIMEOUT=100 -DLSE_STARTUP_TIMEOUT=5000 -DLSE_VALUE=32768 -DHSI_VALUE=8000000 -DLSI_VALUE=40000 -DVDD_VALUE=3300 -DPREFETCH_ENABLE=1 -DINSTRUCTION_CACHE_ENABLE=0 -DDATA_CACHE_ENABLE=0 -c -I../Core/Inc -I../Drivers/STM32F0xx_HAL_Driver/Inc -I../Drivers/CMSIS/Device/ST/STM32F0xx/Include -I../Drivers/CMSIS/Include -O0 -ffunction-sections -fdata-sections -Wall -fstack-usage -fcyclomatic-complexity -MMD -MP -MF"Core/Src/main.d" -MT"Core/Src/main.o" --specs=nano.specs -mfloat-abi=soft -mthumb -o "Core/Src/main.o"
arm-none-eabi-gcc -o "alfred_ultrasonic_hedghog.elf" @"objects.list"   -mcpu=cortex-m0 -T"C:\Users\Alfred\STM32CubeIDE\workspace_1.19.0\alfred_ultrasonic_hedghog\STM32F030F4PX_FLASH.ld" --specs=nosys.specs -Wl,-Map="alfred_ultrasonic_hedghog.map" -Wl,--gc-sections -static --specs=nano.specs -mfloat-abi=soft -mthumb -Wl,--start-group -lc -lm -Wl,--end-group
Finished building target: alfred_ultrasonic_hedghog.elf
 
arm-none-eabi-size  alfred_ultrasonic_hedghog.elf 
arm-none-eabi-objdump -h -S alfred_ultrasonic_hedghog.elf  > "alfred_ultrasonic_hedghog.list"
   text	   data	    bss	    dec	    hex	filename
   4448	      4	   1596	   6048	   17a0	alfred_ultrasonic_hedghog.elf
Finished building: default.size.stdout
 
Finished building: alfred_ultrasonic_hedghog.list
 
16:09:37 **** Incremental Build of configuration Debug for project alfred_ultrasonic_hedghog ****
make -j12 all 
arm-none-eabi-gcc "../Core/Src/main.c" -mcpu=cortex-m0 -std=gnu11 -g3 -DDEBUG -DSTM32F030x6 -DUSE_FULL_LL_DRIVER -DHSE_VALUE=8000000 -DHSE_STARTUP_TIMEOUT=100 -DLSE_STARTUP_TIMEOUT=5000 -DLSE_VALUE=32768 -DHSI_VALUE=8000000 -DLSI_VALUE=40000 -DVDD_VALUE=3300 -DPREFETCH_ENABLE=1 -DINSTRUCTION_CACHE_ENABLE=0 -DDATA_CACHE_ENABLE=0 -c -I../Core/Inc -I../Drivers/STM32F0xx_HAL_Driver/Inc -I../Drivers/CMSIS/Device/ST/STM32F0xx/Include -I../Drivers/CMSIS/Include -O0 -ffunction-sections -fdata-sections -Wall -fstack-usage -fcyclomatic-complexity -MMD -MP -MF"Core/Src/main.d" -MT"Core/Src/main.o" --specs=nano.specs -mfloat-abi=soft -mthumb -o "Core/Src/main.o"
arm-none-eabi-gcc -o "alfred_ultrasonic_hedghog.elf" @"objects.list"   -mcpu=cortex-m0 -T"C:\Users\Alfred\STM32CubeIDE\workspace_1.19.0\alfred_ultrasonic_hedghog\STM32F030F4PX_FLASH.ld" --specs=nosys.specs -Wl,-Map="alfred_ultrasonic_hedghog.map" -Wl,--gc-sections -static --specs=nano.specs -mfloat-abi=soft -mthumb -Wl,--start-group -lc -lm -Wl,--end-group
Finished building target: alfred_ultrasonic_hedghog.elf
 
arm-none-eabi-size  alfred_ultrasonic_hedghog.elf 
arm-none-eabi-objdump -h -S alfred_ultrasonic_hedghog.elf  > "alfred_ultrasonic_hedghog.list"
   text	   data	    bss	    dec	    hex	filename
   4444	      4	   1596	   6044	   179c	alfred_ultrasonic_hedghog.elf
Finished building: default.size.stdout
 
Finished building: alfred_ultrasonic_hedghog.list
 
16:12:57 **** Incremental Build of configuration Debug for project alfred_ultrasonic_hedghog ****
make -j12 all 
arm-none-eabi-gcc "../Core/Src/main.c" -mcpu=cortex-m0 -std=gnu11 -g3 -DDEBUG -DSTM32F030x6 -DUSE_FULL_LL_DRIVER -DHSE_VALUE=8000000 -DHSE_STARTUP_TIMEOUT=100 -DLSE_STARTUP_TIMEOUT=5000 -DLSE_VALUE=32768 -DHSI_VALUE=8000000 -DLSI_VALUE=40000 -DVDD_VALUE=3300 -DPREFETCH_ENABLE=1 -DINSTRUCTION_CACHE_ENABLE=0 -DDATA_CACHE_ENABLE=0 -c -I../Core/Inc -I../Drivers/STM32F0xx_HAL_Driver/Inc -I../Drivers/CMSIS/Device/ST/STM32F0xx/Include -I../Drivers/CMSIS/Include -O0 -ffunction-sections -fdata-sections -Wall -fstack-usage -fcyclomatic-complexity -MMD -MP -MF"Core/Src/main.d" -MT"Core/Src/main.o" --specs=nano.specs -mfloat-abi=soft -mthumb -o "Core/Src/main.o"
arm-none-eabi-gcc -o "alfred_ultrasonic_hedghog.elf" @"objects.list"   -mcpu=cortex-m0 -T"C:\Users\Alfred\STM32CubeIDE\workspace_1.19.0\alfred_ultrasonic_hedghog\STM32F030F4PX_FLASH.ld" --specs=nosys.specs -Wl,-Map="alfred_ultrasonic_hedghog.map" -Wl,--gc-sections -static --specs=nano.specs -mfloat-abi=soft -mthumb -Wl,--start-group -lc -lm -Wl,--end-group
Finished building target: alfred_ultrasonic_hedghog.elf
 
arm-none-eabi-size  alfred_ultrasonic_hedghog.elf 
arm-none-eabi-objdump -h -S alfred_ultrasonic_hedghog.elf  > "alfred_ultrasonic_hedghog.list"
   text	   data	    bss	    dec	    hex	filename
   4448	      4	   1596	   6048	   17a0	alfred_ultrasonic_hedghog.elf
Finished building: default.size.stdout
 
Finished building: alfred_ultrasonic_hedghog.list
 
16:13:16 **** Incremental Build of configuration Debug for project alfred_ultrasonic_hedghog ****
make -j12 all 
arm-none-eabi-gcc "../Core/Src/main.c" -mcpu=cortex-m0 -std=gnu11 -g3 -DDEBUG -DSTM32F030x6 -DUSE_FULL_LL_DRIVER -DHSE_VALUE=8000000 -DHSE_STARTUP_TIMEOUT=100 -DLSE_STARTUP_TIMEOUT=5000 -DLSE_VALUE=32768 -DHSI_VALUE=8000000 -DLSI_VALUE=40000 -DVDD_VALUE=3300 -DPREFETCH_ENABLE=1 -DINSTRUCTION_CACHE_ENABLE=0 -DDATA_CACHE_ENABLE=0 -c -I../Core/Inc -I../Drivers/STM32F0xx_HAL_Driver/Inc -I../Drivers/CMSIS/Device/ST/STM32F0xx/Include -I../Drivers/CMSIS/Include -O0 -ffunction-sections -fdata-sections -Wall -fstack-usage -fcyclomatic-complexity -MMD -MP -MF"Core/Src/main.d" -MT"Core/Src/main.o" --specs=nano.specs -mfloat-abi=soft -mthumb -o "Core/Src/main.o"
arm-none-eabi-gcc -o "alfred_ultrasonic_hedghog.elf" @"objects.list"   -mcpu=cortex-m0 -T"C:\Users\Alfred\STM32CubeIDE\workspace_1.19.0\alfred_ultrasonic_hedghog\STM32F030F4PX_FLASH.ld" --specs=nosys.specs -Wl,-Map="alfred_ultrasonic_hedghog.map" -Wl,--gc-sections -static --specs=nano.specs -mfloat-abi=soft -mthumb -Wl,--start-group -lc -lm -Wl,--end-group
Finished building target: alfred_ultrasonic_hedghog.elf
 
arm-none-eabi-size  alfred_ultrasonic_hedghog.elf 
arm-none-eabi-objdump -h -S alfred_ultrasonic_hedghog.elf  > "alfred_ultrasonic_hedghog.list"
   text	   data	    bss	    dec	    hex	filename
   4448	      4	   1596	   6048	   17a0	alfred_ultrasonic_hedghog.elf
Finished building: default.size.stdout
 
Finished building: alfred_ultrasonic_hedghog.list
 
16:13:51 **** Incremental Build of configuration Debug for project alfred_ultrasonic_hedghog ****
make -j12 all 
arm-none-eabi-gcc "../Core/Src/main.c" -mcpu=cortex-m0 -std=gnu11 -g3 -DDEBUG -DSTM32F030x6 -DUSE_FULL_LL_DRIVER -DHSE_VALUE=8000000 -DHSE_STARTUP_TIMEOUT=100 -DLSE_STARTUP_TIMEOUT=5000 -DLSE_VALUE=32768 -DHSI_VALUE=8000000 -DLSI_VALUE=40000 -DVDD_VALUE=3300 -DPREFETCH_ENABLE=1 -DINSTRUCTION_CACHE_ENABLE=0 -DDATA_CACHE_ENABLE=0 -c -I../Core/Inc -I../Drivers/STM32F0xx_HAL_Driver/Inc -I../Drivers/CMSIS/Device/ST/STM32F0xx/Include -I../Drivers/CMSIS/Include -O0 -ffunction-sections -fdata-sections -Wall -fstack-usage -fcyclomatic-complexity -MMD -MP -MF"Core/Src/main.d" -MT"Core/Src/main.o" --specs=nano.specs -mfloat-abi=soft -mthumb -o "Core/Src/main.o"
arm-none-eabi-gcc -o "alfred_ultrasonic_hedghog.elf" @"objects.list"   -mcpu=cortex-m0 -T"C:\Users\Alfred\STM32CubeIDE\workspace_1.19.0\alfred_ultrasonic_hedghog\STM32F030F4PX_FLASH.ld" --specs=nosys.specs -Wl,-Map="alfred_ultrasonic_hedghog.map" -Wl,--gc-sections -static --specs=nano.specs -mfloat-abi=soft -mthumb -Wl,--start-group -lc -lm -Wl,--end-group
Finished building target: alfred_ultrasonic_hedghog.elf
 
arm-none-eabi-size  alfred_ultrasonic_hedghog.elf 
arm-none-eabi-objdump -h -S alfred_ultrasonic_hedghog.elf  > "alfred_ultrasonic_hedghog.list"
   text	   data	    bss	    dec	    hex	filename
   4444	      4	   1596	   6044	   179c	alfred_ultrasonic_hedghog.elf
Finished building: default.size.stdout
 
Finished building: alfred_ultrasonic_hedghog.list
 
16:14:18 **** Incremental Build of configuration Debug for project alfred_ultrasonic_hedghog ****
make -j12 all 
arm-none-eabi-gcc "../Core/Src/main.c" -mcpu=cortex-m0 -std=gnu11 -g3 -DDEBUG -DSTM32F030x6 -DUSE_FULL_LL_DRIVER -DHSE_VALUE=8000000 -DHSE_STARTUP_TIMEOUT=100 -DLSE_STARTUP_TIMEOUT=5000 -DLSE_VALUE=32768 -DHSI_VALUE=8000000 -DLSI_VALUE=40000 -DVDD_VALUE=3300 -DPREFETCH_ENABLE=1 -DINSTRUCTION_CACHE_ENABLE=0 -DDATA_CACHE_ENABLE=0 -c -I../Core/Inc -I../Drivers/STM32F0xx_HAL_Driver/Inc -I../Drivers/CMSIS/Device/ST/STM32F0xx/Include -I../Drivers/CMSIS/Include -O0 -ffunction-sections -fdata-sections -Wall -fstack-usage -fcyclomatic-complexity -MMD -MP -MF"Core/Src/main.d" -MT"Core/Src/main.o" --specs=nano.specs -mfloat-abi=soft -mthumb -o "Core/Src/main.o"
arm-none-eabi-gcc -o "alfred_ultrasonic_hedghog.elf" @"objects.list"   -mcpu=cortex-m0 -T"C:\Users\Alfred\STM32CubeIDE\workspace_1.19.0\alfred_ultrasonic_hedghog\STM32F030F4PX_FLASH.ld" --specs=nosys.specs -Wl,-Map="alfred_ultrasonic_hedghog.map" -Wl,--gc-sections -static --specs=nano.specs -mfloat-abi=soft -mthumb -Wl,--start-group -lc -lm -Wl,--end-group
Finished building target: alfred_ultrasonic_hedghog.elf
 
arm-none-eabi-size  alfred_ultrasonic_hedghog.elf 
arm-none-eabi-objdump -h -S alfred_ultrasonic_hedghog.elf  > "alfred_ultrasonic_hedghog.list"
   text	   data	    bss	    dec	    hex	filename
   4444	      4	   1596	   6044	   179c	alfred_ultrasonic_hedghog.elf
Finished building: default.size.stdout
 
Finished building: alfred_ultrasonic_hedghog.list
 
16:14:46 **** Incremental Build of configuration Debug for project alfred_ultrasonic_hedghog ****
make -j12 all 
arm-none-eabi-gcc "../Core/Src/main.c" -mcpu=cortex-m0 -std=gnu11 -g3 -DDEBUG -DSTM32F030x6 -DUSE_FULL_LL_DRIVER -DHSE_VALUE=8000000 -DHSE_STARTUP_TIMEOUT=100 -DLSE_STARTUP_TIMEOUT=5000 -DLSE_VALUE=32768 -DHSI_VALUE=8000000 -DLSI_VALUE=40000 -DVDD_VALUE=3300 -DPREFETCH_ENABLE=1 -DINSTRUCTION_CACHE_ENABLE=0 -DDATA_CACHE_ENABLE=0 -c -I../Core/Inc -I../Drivers/STM32F0xx_HAL_Driver/Inc -I../Drivers/CMSIS/Device/ST/STM32F0xx/Include -I../Drivers/CMSIS/Include -O0 -ffunction-sections -fdata-sections -Wall -fstack-usage -fcyclomatic-complexity -MMD -MP -MF"Core/Src/main.d" -MT"Core/Src/main.o" --specs=nano.specs -mfloat-abi=soft -mthumb -o "Core/Src/main.o"
arm-none-eabi-gcc -o "alfred_ultrasonic_hedghog.elf" @"objects.list"   -mcpu=cortex-m0 -T"C:\Users\Alfred\STM32CubeIDE\workspace_1.19.0\alfred_ultrasonic_hedghog\STM32F030F4PX_FLASH.ld" --specs=nosys.specs -Wl,-Map="alfred_ultrasonic_hedghog.map" -Wl,--gc-sections -static --specs=nano.specs -mfloat-abi=soft -mthumb -Wl,--start-group -lc -lm -Wl,--end-group
Finished building target: alfred_ultrasonic_hedghog.elf
 
arm-none-eabi-size  alfred_ultrasonic_hedghog.elf 
arm-none-eabi-objdump -h -S alfred_ultrasonic_hedghog.elf  > "alfred_ultrasonic_hedghog.list"
   text	   data	    bss	    dec	    hex	filename
   4444	      4	   1596	   6044	   179c	alfred_ultrasonic_hedghog.elf
Finished building: default.size.stdout
 
Finished building: alfred_ultrasonic_hedghog.list
 
16:17:26 **** Incremental Build of configuration Debug for project alfred_ultrasonic_hedghog ****
make -j12 all 
arm-none-eabi-gcc "../Core/Src/main.c" -mcpu=cortex-m0 -std=gnu11 -g3 -DDEBUG -DSTM32F030x6 -DUSE_FULL_LL_DRIVER -DHSE_VALUE=8000000 -DHSE_STARTUP_TIMEOUT=100 -DLSE_STARTUP_TIMEOUT=5000 -DLSE_VALUE=32768 -DHSI_VALUE=8000000 -DLSI_VALUE=40000 -DVDD_VALUE=3300 -DPREFETCH_ENABLE=1 -DINSTRUCTION_CACHE_ENABLE=0 -DDATA_CACHE_ENABLE=0 -c -I../Core/Inc -I../Drivers/STM32F0xx_HAL_Driver/Inc -I../Drivers/CMSIS/Device/ST/STM32F0xx/Include -I../Drivers/CMSIS/Include -O0 -ffunction-sections -fdata-sections -Wall -fstack-usage -fcyclomatic-complexity -MMD -MP -MF"Core/Src/main.d" -MT"Core/Src/main.o" --specs=nano.specs -mfloat-abi=soft -mthumb -o "Core/Src/main.o"
arm-none-eabi-gcc -o "alfred_ultrasonic_hedghog.elf" @"objects.list"   -mcpu=cortex-m0 -T"C:\Users\Alfred\STM32CubeIDE\workspace_1.19.0\alfred_ultrasonic_hedghog\STM32F030F4PX_FLASH.ld" --specs=nosys.specs -Wl,-Map="alfred_ultrasonic_hedghog.map" -Wl,--gc-sections -static --specs=nano.specs -mfloat-abi=soft -mthumb -Wl,--start-group -lc -lm -Wl,--end-group
Finished building target: alfred_ultrasonic_hedghog.elf
 
arm-none-eabi-size  alfred_ultrasonic_hedghog.elf 
arm-none-eabi-objdump -h -S alfred_ultrasonic_hedghog.elf  > "alfred_ultrasonic_hedghog.list"
   text	   data	    bss	    dec	    hex	filename
   4444	      4	   1596	   6044	   179c	alfred_ultrasonic_hedghog.elf
Finished building: default.size.stdout
 
Finished building: alfred_ultrasonic_hedghog.list
 
16:18:41 **** Incremental Build of configuration Debug for project alfred_ultrasonic_hedghog ****
make -j12 all 
arm-none-eabi-gcc "../Core/Src/main.c" -mcpu=cortex-m0 -std=gnu11 -g3 -DDEBUG -DSTM32F030x6 -DUSE_FULL_LL_DRIVER -DHSE_VALUE=8000000 -DHSE_STARTUP_TIMEOUT=100 -DLSE_STARTUP_TIMEOUT=5000 -DLSE_VALUE=32768 -DHSI_VALUE=8000000 -DLSI_VALUE=40000 -DVDD_VALUE=3300 -DPREFETCH_ENABLE=1 -DINSTRUCTION_CACHE_ENABLE=0 -DDATA_CACHE_ENABLE=0 -c -I../Core/Inc -I../Drivers/STM32F0xx_HAL_Driver/Inc -I../Drivers/CMSIS/Device/ST/STM32F0xx/Include -I../Drivers/CMSIS/Include -O0 -ffunction-sections -fdata-sections -Wall -fstack-usage -fcyclomatic-complexity -MMD -MP -MF"Core/Src/main.d" -MT"Core/Src/main.o" --specs=nano.specs -mfloat-abi=soft -mthumb -o "Core/Src/main.o"
arm-none-eabi-gcc -o "alfred_ultrasonic_hedghog.elf" @"objects.list"   -mcpu=cortex-m0 -T"C:\Users\Alfred\STM32CubeIDE\workspace_1.19.0\alfred_ultrasonic_hedghog\STM32F030F4PX_FLASH.ld" --specs=nosys.specs -Wl,-Map="alfred_ultrasonic_hedghog.map" -Wl,--gc-sections -static --specs=nano.specs -mfloat-abi=soft -mthumb -Wl,--start-group -lc -lm -Wl,--end-group
Finished building target: alfred_ultrasonic_hedghog.elf
 
arm-none-eabi-size  alfred_ultrasonic_hedghog.elf 
arm-none-eabi-objdump -h -S alfred_ultrasonic_hedghog.elf  > "alfred_ultrasonic_hedghog.list"
   text	   data	    bss	    dec	    hex	filename
   4444	      4	   1596	   6044	   179c	alfred_ultrasonic_hedghog.elf
Finished building: default.size.stdout
 
Finished building: alfred_ultrasonic_hedghog.list
 
17:18:59 **** Incremental Build of configuration Debug for project alfred_ultrasonic_hedghog ****
make -j12 all 
arm-none-eabi-gcc "../Core/Src/main.c" -mcpu=cortex-m0 -std=gnu11 -g3 -DDEBUG -DSTM32F030x6 -DUSE_FULL_LL_DRIVER -DHSE_VALUE=8000000 -DHSE_STARTUP_TIMEOUT=100 -DLSE_STARTUP_TIMEOUT=5000 -DLSE_VALUE=32768 -DHSI_VALUE=8000000 -DLSI_VALUE=40000 -DVDD_VALUE=3300 -DPREFETCH_ENABLE=1 -DINSTRUCTION_CACHE_ENABLE=0 -DDATA_CACHE_ENABLE=0 -c -I../Core/Inc -I../Drivers/STM32F0xx_HAL_Driver/Inc -I../Drivers/CMSIS/Device/ST/STM32F0xx/Include -I../Drivers/CMSIS/Include -O0 -ffunction-sections -fdata-sections -Wall -fstack-usage -fcyclomatic-complexity -MMD -MP -MF"Core/Src/main.d" -MT"Core/Src/main.o" --specs=nano.specs -mfloat-abi=soft -mthumb -o "Core/Src/main.o"
arm-none-eabi-gcc -o "alfred_ultrasonic_hedghog.elf" @"objects.list"   -mcpu=cortex-m0 -T"C:\Users\Alfred\STM32CubeIDE\workspace_1.19.0\alfred_ultrasonic_hedghog\STM32F030F4PX_FLASH.ld" --specs=nosys.specs -Wl,-Map="alfred_ultrasonic_hedghog.map" -Wl,--gc-sections -static --specs=nano.specs -mfloat-abi=soft -mthumb -Wl,--start-group -lc -lm -Wl,--end-group
Finished building target: alfred_ultrasonic_hedghog.elf
 
arm-none-eabi-size  alfred_ultrasonic_hedghog.elf 
arm-none-eabi-objdump -h -S alfred_ultrasonic_hedghog.elf  > "alfred_ultrasonic_hedghog.list"
   text	   data	    bss	    dec	    hex	filename
   4444	      4	   1596	   6044	   179c	alfred_ultrasonic_hedghog.elf
Finished building: default.size.stdout
 
Finished building: alfred_ultrasonic_hedghog.list
 
15:23:26 **** Incremental Build of configuration Debug for project alfred_ultrasonic_hedghog ****
make -j12 all 
arm-none-eabi-gcc "../Core/Src/main.c" -mcpu=cortex-m0 -std=gnu11 -g3 -DDEBUG -DSTM32F030x6 -DUSE_FULL_LL_DRIVER -DHSE_VALUE=8000000 -DHSE_STARTUP_TIMEOUT=100 -DLSE_STARTUP_TIMEOUT=5000 -DLSE_VALUE=32768 -DHSI_VALUE=8000000 -DLSI_VALUE=40000 -DVDD_VALUE=3300 -DPREFETCH_ENABLE=1 -DINSTRUCTION_CACHE_ENABLE=0 -DDATA_CACHE_ENABLE=0 -c -I../Core/Inc -I../Drivers/STM32F0xx_HAL_Driver/Inc -I../Drivers/CMSIS/Device/ST/STM32F0xx/Include -I../Drivers/CMSIS/Include -O0 -ffunction-sections -fdata-sections -Wall -fstack-usage -fcyclomatic-complexity -MMD -MP -MF"Core/Src/main.d" -MT"Core/Src/main.o" --specs=nano.specs -mfloat-abi=soft -mthumb -o "Core/Src/main.o"
arm-none-eabi-gcc -o "alfred_ultrasonic_hedghog.elf" @"objects.list"   -mcpu=cortex-m0 -T"C:\Users\Alfred\STM32CubeIDE\workspace_1.19.0\alfred_ultrasonic_hedghog\STM32F030F4PX_FLASH.ld" --specs=nosys.specs -Wl,-Map="alfred_ultrasonic_hedghog.map" -Wl,--gc-sections -static --specs=nano.specs -mfloat-abi=soft -mthumb -Wl,--start-group -lc -lm -Wl,--end-group
Finished building target: alfred_ultrasonic_hedghog.elf
 
arm-none-eabi-size  alfred_ultrasonic_hedghog.elf 
arm-none-eabi-objdump -h -S alfred_ultrasonic_hedghog.elf  > "alfred_ultrasonic_hedghog.list"
   text	   data	    bss	    dec	    hex	filename
   4444	      4	   1596	   6044	   179c	alfred_ultrasonic_hedghog.elf
Finished building: default.size.stdout
 
Finished building: alfred_ultrasonic_hedghog.list
 
15:24:55 **** Incremental Build of configuration Debug for project alfred_ultrasonic_hedghog ****
make -j12 all 
arm-none-eabi-gcc "../Core/Src/main.c" -mcpu=cortex-m0 -std=gnu11 -g3 -DDEBUG -DSTM32F030x6 -DUSE_FULL_LL_DRIVER -DHSE_VALUE=8000000 -DHSE_STARTUP_TIMEOUT=100 -DLSE_STARTUP_TIMEOUT=5000 -DLSE_VALUE=32768 -DHSI_VALUE=8000000 -DLSI_VALUE=40000 -DVDD_VALUE=3300 -DPREFETCH_ENABLE=1 -DINSTRUCTION_CACHE_ENABLE=0 -DDATA_CACHE_ENABLE=0 -c -I../Core/Inc -I../Drivers/STM32F0xx_HAL_Driver/Inc -I../Drivers/CMSIS/Device/ST/STM32F0xx/Include -I../Drivers/CMSIS/Include -O0 -ffunction-sections -fdata-sections -Wall -fstack-usage -fcyclomatic-complexity -MMD -MP -MF"Core/Src/main.d" -MT"Core/Src/main.o" --specs=nano.specs -mfloat-abi=soft -mthumb -o "Core/Src/main.o"
arm-none-eabi-gcc -o "alfred_ultrasonic_hedghog.elf" @"objects.list"   -mcpu=cortex-m0 -T"C:\Users\Alfred\STM32CubeIDE\workspace_1.19.0\alfred_ultrasonic_hedghog\STM32F030F4PX_FLASH.ld" --specs=nosys.specs -Wl,-Map="alfred_ultrasonic_hedghog.map" -Wl,--gc-sections -static --specs=nano.specs -mfloat-abi=soft -mthumb -Wl,--start-group -lc -lm -Wl,--end-group
Finished building target: alfred_ultrasonic_hedghog.elf
 
arm-none-eabi-size  alfred_ultrasonic_hedghog.elf 
arm-none-eabi-objdump -h -S alfred_ultrasonic_hedghog.elf  > "alfred_ultrasonic_hedghog.list"
   text	   data	    bss	    dec	    hex	filename
   4444	      4	   1596	   6044	   179c	alfred_ultrasonic_hedghog.elf
Finished building: default.size.stdout
 
Finished building: alfred_ultrasonic_hedghog.list
 
15:26:03 **** Incremental Build of configuration Debug for project alfred_ultrasonic_hedghog ****
make -j12 all 
arm-none-eabi-gcc "../Core/Src/main.c" -mcpu=cortex-m0 -std=gnu11 -g3 -DDEBUG -DSTM32F030x6 -DUSE_FULL_LL_DRIVER -DHSE_VALUE=8000000 -DHSE_STARTUP_TIMEOUT=100 -DLSE_STARTUP_TIMEOUT=5000 -DLSE_VALUE=32768 -DHSI_VALUE=8000000 -DLSI_VALUE=40000 -DVDD_VALUE=3300 -DPREFETCH_ENABLE=1 -DINSTRUCTION_CACHE_ENABLE=0 -DDATA_CACHE_ENABLE=0 -c -I../Core/Inc -I../Drivers/STM32F0xx_HAL_Driver/Inc -I../Drivers/CMSIS/Device/ST/STM32F0xx/Include -I../Drivers/CMSIS/Include -O0 -ffunction-sections -fdata-sections -Wall -fstack-usage -fcyclomatic-complexity -MMD -MP -MF"Core/Src/main.d" -MT"Core/Src/main.o" --specs=nano.specs -mfloat-abi=soft -mthumb -o "Core/Src/main.o"
arm-none-eabi-gcc -o "alfred_ultrasonic_hedghog.elf" @"objects.list"   -mcpu=cortex-m0 -T"C:\Users\Alfred\STM32CubeIDE\workspace_1.19.0\alfred_ultrasonic_hedghog\STM32F030F4PX_FLASH.ld" --specs=nosys.specs -Wl,-Map="alfred_ultrasonic_hedghog.map" -Wl,--gc-sections -static --specs=nano.specs -mfloat-abi=soft -mthumb -Wl,--start-group -lc -lm -Wl,--end-group
Finished building target: alfred_ultrasonic_hedghog.elf
 
arm-none-eabi-size  alfred_ultrasonic_hedghog.elf 
arm-none-eabi-objdump -h -S alfred_ultrasonic_hedghog.elf  > "alfred_ultrasonic_hedghog.list"
   text	   data	    bss	    dec	    hex	filename
   4444	      4	   1596	   6044	   179c	alfred_ultrasonic_hedghog.elf
Finished building: default.size.stdout
 
Finished building: alfred_ultrasonic_hedghog.list
 
15:29:49 **** Incremental Build of configuration Debug for project alfred_ultrasonic_hedghog ****
make -j12 all 
arm-none-eabi-gcc "../Core/Src/main.c" -mcpu=cortex-m0 -std=gnu11 -g3 -DDEBUG -DSTM32F030x6 -DUSE_FULL_LL_DRIVER -DHSE_VALUE=8000000 -DHSE_STARTUP_TIMEOUT=100 -DLSE_STARTUP_TIMEOUT=5000 -DLSE_VALUE=32768 -DHSI_VALUE=8000000 -DLSI_VALUE=40000 -DVDD_VALUE=3300 -DPREFETCH_ENABLE=1 -DINSTRUCTION_CACHE_ENABLE=0 -DDATA_CACHE_ENABLE=0 -c -I../Core/Inc -I../Drivers/STM32F0xx_HAL_Driver/Inc -I../Drivers/CMSIS/Device/ST/STM32F0xx/Include -I../Drivers/CMSIS/Include -O0 -ffunction-sections -fdata-sections -Wall -fstack-usage -fcyclomatic-complexity -MMD -MP -MF"Core/Src/main.d" -MT"Core/Src/main.o" --specs=nano.specs -mfloat-abi=soft -mthumb -o "Core/Src/main.o"
arm-none-eabi-gcc -o "alfred_ultrasonic_hedghog.elf" @"objects.list"   -mcpu=cortex-m0 -T"C:\Users\Alfred\STM32CubeIDE\workspace_1.19.0\alfred_ultrasonic_hedghog\STM32F030F4PX_FLASH.ld" --specs=nosys.specs -Wl,-Map="alfred_ultrasonic_hedghog.map" -Wl,--gc-sections -static --specs=nano.specs -mfloat-abi=soft -mthumb -Wl,--start-group -lc -lm -Wl,--end-group
Finished building target: alfred_ultrasonic_hedghog.elf
 
arm-none-eabi-size  alfred_ultrasonic_hedghog.elf 
arm-none-eabi-objdump -h -S alfred_ultrasonic_hedghog.elf  > "alfred_ultrasonic_hedghog.list"
   text	   data	    bss	    dec	    hex	filename
   4444	      4	   1596	   6044	   179c	alfred_ultrasonic_hedghog.elf
Finished building: default.size.stdout
 
Finished building: alfred_ultrasonic_hedghog.list
 
15:30:17 **** Incremental Build of configuration Debug for project alfred_ultrasonic_hedghog ****
make -j12 all 
arm-none-eabi-gcc "../Core/Src/main.c" -mcpu=cortex-m0 -std=gnu11 -g3 -DDEBUG -DSTM32F030x6 -DUSE_FULL_LL_DRIVER -DHSE_VALUE=8000000 -DHSE_STARTUP_TIMEOUT=100 -DLSE_STARTUP_TIMEOUT=5000 -DLSE_VALUE=32768 -DHSI_VALUE=8000000 -DLSI_VALUE=40000 -DVDD_VALUE=3300 -DPREFETCH_ENABLE=1 -DINSTRUCTION_CACHE_ENABLE=0 -DDATA_CACHE_ENABLE=0 -c -I../Core/Inc -I../Drivers/STM32F0xx_HAL_Driver/Inc -I../Drivers/CMSIS/Device/ST/STM32F0xx/Include -I../Drivers/CMSIS/Include -O0 -ffunction-sections -fdata-sections -Wall -fstack-usage -fcyclomatic-complexity -MMD -MP -MF"Core/Src/main.d" -MT"Core/Src/main.o" --specs=nano.specs -mfloat-abi=soft -mthumb -o "Core/Src/main.o"
arm-none-eabi-gcc -o "alfred_ultrasonic_hedghog.elf" @"objects.list"   -mcpu=cortex-m0 -T"C:\Users\Alfred\STM32CubeIDE\workspace_1.19.0\alfred_ultrasonic_hedghog\STM32F030F4PX_FLASH.ld" --specs=nosys.specs -Wl,-Map="alfred_ultrasonic_hedghog.map" -Wl,--gc-sections -static --specs=nano.specs -mfloat-abi=soft -mthumb -Wl,--start-group -lc -lm -Wl,--end-group
Finished building target: alfred_ultrasonic_hedghog.elf
 
arm-none-eabi-size  alfred_ultrasonic_hedghog.elf 
arm-none-eabi-objdump -h -S alfred_ultrasonic_hedghog.elf  > "alfred_ultrasonic_hedghog.list"
   text	   data	    bss	    dec	    hex	filename
   4444	      4	   1596	   6044	   179c	alfred_ultrasonic_hedghog.elf
Finished building: default.size.stdout
 
Finished building: alfred_ultrasonic_hedghog.list
 
15:30:43 **** Incremental Build of configuration Debug for project alfred_ultrasonic_hedghog ****
make -j12 all 
arm-none-eabi-gcc "../Core/Src/main.c" -mcpu=cortex-m0 -std=gnu11 -g3 -DDEBUG -DSTM32F030x6 -DUSE_FULL_LL_DRIVER -DHSE_VALUE=8000000 -DHSE_STARTUP_TIMEOUT=100 -DLSE_STARTUP_TIMEOUT=5000 -DLSE_VALUE=32768 -DHSI_VALUE=8000000 -DLSI_VALUE=40000 -DVDD_VALUE=3300 -DPREFETCH_ENABLE=1 -DINSTRUCTION_CACHE_ENABLE=0 -DDATA_CACHE_ENABLE=0 -c -I../Core/Inc -I../Drivers/STM32F0xx_HAL_Driver/Inc -I../Drivers/CMSIS/Device/ST/STM32F0xx/Include -I../Drivers/CMSIS/Include -O0 -ffunction-sections -fdata-sections -Wall -fstack-usage -fcyclomatic-complexity -MMD -MP -MF"Core/Src/main.d" -MT"Core/Src/main.o" --specs=nano.specs -mfloat-abi=soft -mthumb -o "Core/Src/main.o"
arm-none-eabi-gcc -o "alfred_ultrasonic_hedghog.elf" @"objects.list"   -mcpu=cortex-m0 -T"C:\Users\Alfred\STM32CubeIDE\workspace_1.19.0\alfred_ultrasonic_hedghog\STM32F030F4PX_FLASH.ld" --specs=nosys.specs -Wl,-Map="alfred_ultrasonic_hedghog.map" -Wl,--gc-sections -static --specs=nano.specs -mfloat-abi=soft -mthumb -Wl,--start-group -lc -lm -Wl,--end-group
Finished building target: alfred_ultrasonic_hedghog.elf
 
arm-none-eabi-size  alfred_ultrasonic_hedghog.elf 
arm-none-eabi-objdump -h -S alfred_ultrasonic_hedghog.elf  > "alfred_ultrasonic_hedghog.list"
   text	   data	    bss	    dec	    hex	filename
   4444	      4	   1596	   6044	   179c	alfred_ultrasonic_hedghog.elf
Finished building: default.size.stdout
 
Finished building: alfred_ultrasonic_hedghog.list
 
15:32:50 **** Incremental Build of configuration Debug for project alfred_ultrasonic_hedghog ****
make -j12 all 
arm-none-eabi-gcc "../Core/Src/main.c" -mcpu=cortex-m0 -std=gnu11 -g3 -DDEBUG -DSTM32F030x6 -DUSE_FULL_LL_DRIVER -DHSE_VALUE=8000000 -DHSE_STARTUP_TIMEOUT=100 -DLSE_STARTUP_TIMEOUT=5000 -DLSE_VALUE=32768 -DHSI_VALUE=8000000 -DLSI_VALUE=40000 -DVDD_VALUE=3300 -DPREFETCH_ENABLE=1 -DINSTRUCTION_CACHE_ENABLE=0 -DDATA_CACHE_ENABLE=0 -c -I../Core/Inc -I../Drivers/STM32F0xx_HAL_Driver/Inc -I../Drivers/CMSIS/Device/ST/STM32F0xx/Include -I../Drivers/CMSIS/Include -O0 -ffunction-sections -fdata-sections -Wall -fstack-usage -fcyclomatic-complexity -MMD -MP -MF"Core/Src/main.d" -MT"Core/Src/main.o" --specs=nano.specs -mfloat-abi=soft -mthumb -o "Core/Src/main.o"
arm-none-eabi-gcc -o "alfred_ultrasonic_hedghog.elf" @"objects.list"   -mcpu=cortex-m0 -T"C:\Users\Alfred\STM32CubeIDE\workspace_1.19.0\alfred_ultrasonic_hedghog\STM32F030F4PX_FLASH.ld" --specs=nosys.specs -Wl,-Map="alfred_ultrasonic_hedghog.map" -Wl,--gc-sections -static --specs=nano.specs -mfloat-abi=soft -mthumb -Wl,--start-group -lc -lm -Wl,--end-group
Finished building target: alfred_ultrasonic_hedghog.elf
 
arm-none-eabi-size  alfred_ultrasonic_hedghog.elf 
arm-none-eabi-objdump -h -S alfred_ultrasonic_hedghog.elf  > "alfred_ultrasonic_hedghog.list"
   text	   data	    bss	    dec	    hex	filename
   4440	      4	   1596	   6040	   1798	alfred_ultrasonic_hedghog.elf
Finished building: default.size.stdout
 
Finished building: alfred_ultrasonic_hedghog.list
 
15:43:28 **** Incremental Build of configuration Debug for project alfred_ultrasonic_hedghog ****
make -j12 all 
arm-none-eabi-gcc "../Core/Src/main.c" -mcpu=cortex-m0 -std=gnu11 -g3 -DDEBUG -DSTM32F030x6 -DUSE_FULL_LL_DRIVER -DHSE_VALUE=8000000 -DHSE_STARTUP_TIMEOUT=100 -DLSE_STARTUP_TIMEOUT=5000 -DLSE_VALUE=32768 -DHSI_VALUE=8000000 -DLSI_VALUE=40000 -DVDD_VALUE=3300 -DPREFETCH_ENABLE=1 -DINSTRUCTION_CACHE_ENABLE=0 -DDATA_CACHE_ENABLE=0 -c -I../Core/Inc -I../Drivers/STM32F0xx_HAL_Driver/Inc -I../Drivers/CMSIS/Device/ST/STM32F0xx/Include -I../Drivers/CMSIS/Include -O0 -ffunction-sections -fdata-sections -Wall -fstack-usage -fcyclomatic-complexity -MMD -MP -MF"Core/Src/main.d" -MT"Core/Src/main.o" --specs=nano.specs -mfloat-abi=soft -mthumb -o "Core/Src/main.o"
arm-none-eabi-gcc -o "alfred_ultrasonic_hedghog.elf" @"objects.list"   -mcpu=cortex-m0 -T"C:\Users\Alfred\STM32CubeIDE\workspace_1.19.0\alfred_ultrasonic_hedghog\STM32F030F4PX_FLASH.ld" --specs=nosys.specs -Wl,-Map="alfred_ultrasonic_hedghog.map" -Wl,--gc-sections -static --specs=nano.specs -mfloat-abi=soft -mthumb -Wl,--start-group -lc -lm -Wl,--end-group
Finished building target: alfred_ultrasonic_hedghog.elf
 
arm-none-eabi-size  alfred_ultrasonic_hedghog.elf 
arm-none-eabi-objdump -h -S alfred_ultrasonic_hedghog.elf  > "alfred_ultrasonic_hedghog.list"
   text	   data	    bss	    dec	    hex	filename
   4440	      4	   1596	   6040	   1798	alfred_ultrasonic_hedghog.elf
Finished building: default.size.stdout
 
Finished building: alfred_ultrasonic_hedghog.list
 
18:02:47 **** Incremental Build of configuration Debug for project alfred_ultrasonic_hedghog ****
make -j12 all 
arm-none-eabi-gcc "../Core/Src/main.c" -mcpu=cortex-m0 -std=gnu11 -g3 -DDEBUG -DSTM32F030x6 -DUSE_FULL_LL_DRIVER -DHSE_VALUE=8000000 -DHSE_STARTUP_TIMEOUT=100 -DLSE_STARTUP_TIMEOUT=5000 -DLSE_VALUE=32768 -DHSI_VALUE=8000000 -DLSI_VALUE=40000 -DVDD_VALUE=3300 -DPREFETCH_ENABLE=1 -DINSTRUCTION_CACHE_ENABLE=0 -DDATA_CACHE_ENABLE=0 -c -I../Core/Inc -I../Drivers/STM32F0xx_HAL_Driver/Inc -I../Drivers/CMSIS/Device/ST/STM32F0xx/Include -I../Drivers/CMSIS/Include -O0 -ffunction-sections -fdata-sections -Wall -fstack-usage -fcyclomatic-complexity -MMD -MP -MF"Core/Src/main.d" -MT"Core/Src/main.o" --specs=nano.specs -mfloat-abi=soft -mthumb -o "Core/Src/main.o"
arm-none-eabi-gcc -o "alfred_ultrasonic_hedghog.elf" @"objects.list"   -mcpu=cortex-m0 -T"C:\Users\Alfred\STM32CubeIDE\workspace_1.19.0\alfred_ultrasonic_hedghog\STM32F030F4PX_FLASH.ld" --specs=nosys.specs -Wl,-Map="alfred_ultrasonic_hedghog.map" -Wl,--gc-sections -static --specs=nano.specs -mfloat-abi=soft -mthumb -Wl,--start-group -lc -lm -Wl,--end-group
Finished building target: alfred_ultrasonic_hedghog.elf
 
arm-none-eabi-size  alfred_ultrasonic_hedghog.elf 
arm-none-eabi-objdump -h -S alfred_ultrasonic_hedghog.elf  > "alfred_ultrasonic_hedghog.list"
   text	   data	    bss	    dec	    hex	filename
   4456	      4	   1596	   6056	   17a8	alfred_ultrasonic_hedghog.elf
Finished building: default.size.stdout
 
Finished building: alfred_ultrasonic_hedghog.list
 
12:28:59 **** Incremental Build of configuration Debug for project alfred_ultrasonic_hedghog ****
make -j12 all 
arm-none-eabi-gcc "../Core/Src/main.c" -mcpu=cortex-m0 -std=gnu11 -g3 -DDEBUG -DSTM32F030x6 -DUSE_FULL_LL_DRIVER -DHSE_VALUE=8000000 -DHSE_STARTUP_TIMEOUT=100 -DLSE_STARTUP_TIMEOUT=5000 -DLSE_VALUE=32768 -DHSI_VALUE=8000000 -DLSI_VALUE=40000 -DVDD_VALUE=3300 -DPREFETCH_ENABLE=1 -DINSTRUCTION_CACHE_ENABLE=0 -DDATA_CACHE_ENABLE=0 -c -I../Core/Inc -I../Drivers/STM32F0xx_HAL_Driver/Inc -I../Drivers/CMSIS/Device/ST/STM32F0xx/Include -I../Drivers/CMSIS/Include -O0 -ffunction-sections -fdata-sections -Wall -fstack-usage -fcyclomatic-complexity -MMD -MP -MF"Core/Src/main.d" -MT"Core/Src/main.o" --specs=nano.specs -mfloat-abi=soft -mthumb -o "Core/Src/main.o"
arm-none-eabi-gcc -o "alfred_ultrasonic_hedghog.elf" @"objects.list"   -mcpu=cortex-m0 -T"C:\Users\Alfred\STM32CubeIDE\workspace_1.19.0\alfred_ultrasonic_hedghog\STM32F030F4PX_FLASH.ld" --specs=nosys.specs -Wl,-Map="alfred_ultrasonic_hedghog.map" -Wl,--gc-sections -static --specs=nano.specs -mfloat-abi=soft -mthumb -Wl,--start-group -lc -lm -Wl,--end-group
Finished building target: alfred_ultrasonic_hedghog.elf
 
arm-none-eabi-size  alfred_ultrasonic_hedghog.elf 
arm-none-eabi-objdump -h -S alfred_ultrasonic_hedghog.elf  > "alfred_ultrasonic_hedghog.list"
   text	   data	    bss	    dec	    hex	filename
   4440	      4	   1596	   6040	   1798	alfred_ultrasonic_hedghog.elf
Finished building: default.size.stdout
 
Finished building: alfred_ultrasonic_hedghog.list
 
12:29:27 **** Incremental Build of configuration Debug for project alfred_ultrasonic_hedghog ****
make -j12 all 
arm-none-eabi-gcc "../Core/Src/main.c" -mcpu=cortex-m0 -std=gnu11 -g3 -DDEBUG -DSTM32F030x6 -DUSE_FULL_LL_DRIVER -DHSE_VALUE=8000000 -DHSE_STARTUP_TIMEOUT=100 -DLSE_STARTUP_TIMEOUT=5000 -DLSE_VALUE=32768 -DHSI_VALUE=8000000 -DLSI_VALUE=40000 -DVDD_VALUE=3300 -DPREFETCH_ENABLE=1 -DINSTRUCTION_CACHE_ENABLE=0 -DDATA_CACHE_ENABLE=0 -c -I../Core/Inc -I../Drivers/STM32F0xx_HAL_Driver/Inc -I../Drivers/CMSIS/Device/ST/STM32F0xx/Include -I../Drivers/CMSIS/Include -O0 -ffunction-sections -fdata-sections -Wall -fstack-usage -fcyclomatic-complexity -MMD -MP -MF"Core/Src/main.d" -MT"Core/Src/main.o" --specs=nano.specs -mfloat-abi=soft -mthumb -o "Core/Src/main.o"
arm-none-eabi-gcc -o "alfred_ultrasonic_hedghog.elf" @"objects.list"   -mcpu=cortex-m0 -T"C:\Users\Alfred\STM32CubeIDE\workspace_1.19.0\alfred_ultrasonic_hedghog\STM32F030F4PX_FLASH.ld" --specs=nosys.specs -Wl,-Map="alfred_ultrasonic_hedghog.map" -Wl,--gc-sections -static --specs=nano.specs -mfloat-abi=soft -mthumb -Wl,--start-group -lc -lm -Wl,--end-group
Finished building target: alfred_ultrasonic_hedghog.elf
 
arm-none-eabi-size  alfred_ultrasonic_hedghog.elf 
arm-none-eabi-objdump -h -S alfred_ultrasonic_hedghog.elf  > "alfred_ultrasonic_hedghog.list"
   text	   data	    bss	    dec	    hex	filename
   4440	      4	   1596	   6040	   1798	alfred_ultrasonic_hedghog.elf
Finished building: default.size.stdout
 
Finished building: alfred_ultrasonic_hedghog.list
 
12:30:03 **** Incremental Build of configuration Debug for project alfred_ultrasonic_hedghog ****
make -j12 all 
arm-none-eabi-gcc "../Core/Src/main.c" -mcpu=cortex-m0 -std=gnu11 -g3 -DDEBUG -DSTM32F030x6 -DUSE_FULL_LL_DRIVER -DHSE_VALUE=8000000 -DHSE_STARTUP_TIMEOUT=100 -DLSE_STARTUP_TIMEOUT=5000 -DLSE_VALUE=32768 -DHSI_VALUE=8000000 -DLSI_VALUE=40000 -DVDD_VALUE=3300 -DPREFETCH_ENABLE=1 -DINSTRUCTION_CACHE_ENABLE=0 -DDATA_CACHE_ENABLE=0 -c -I../Core/Inc -I../Drivers/STM32F0xx_HAL_Driver/Inc -I../Drivers/CMSIS/Device/ST/STM32F0xx/Include -I../Drivers/CMSIS/Include -O0 -ffunction-sections -fdata-sections -Wall -fstack-usage -fcyclomatic-complexity -MMD -MP -MF"Core/Src/main.d" -MT"Core/Src/main.o" --specs=nano.specs -mfloat-abi=soft -mthumb -o "Core/Src/main.o"
arm-none-eabi-gcc -o "alfred_ultrasonic_hedghog.elf" @"objects.list"   -mcpu=cortex-m0 -T"C:\Users\Alfred\STM32CubeIDE\workspace_1.19.0\alfred_ultrasonic_hedghog\STM32F030F4PX_FLASH.ld" --specs=nosys.specs -Wl,-Map="alfred_ultrasonic_hedghog.map" -Wl,--gc-sections -static --specs=nano.specs -mfloat-abi=soft -mthumb -Wl,--start-group -lc -lm -Wl,--end-group
Finished building target: alfred_ultrasonic_hedghog.elf
 
arm-none-eabi-size  alfred_ultrasonic_hedghog.elf 
arm-none-eabi-objdump -h -S alfred_ultrasonic_hedghog.elf  > "alfred_ultrasonic_hedghog.list"
   text	   data	    bss	    dec	    hex	filename
   4444	      4	   1596	   6044	   179c	alfred_ultrasonic_hedghog.elf
Finished building: default.size.stdout
 
Finished building: alfred_ultrasonic_hedghog.list
 
12:30:23 **** Incremental Build of configuration Debug for project alfred_ultrasonic_hedghog ****
make -j12 all 
arm-none-eabi-gcc "../Core/Src/main.c" -mcpu=cortex-m0 -std=gnu11 -g3 -DDEBUG -DSTM32F030x6 -DUSE_FULL_LL_DRIVER -DHSE_VALUE=8000000 -DHSE_STARTUP_TIMEOUT=100 -DLSE_STARTUP_TIMEOUT=5000 -DLSE_VALUE=32768 -DHSI_VALUE=8000000 -DLSI_VALUE=40000 -DVDD_VALUE=3300 -DPREFETCH_ENABLE=1 -DINSTRUCTION_CACHE_ENABLE=0 -DDATA_CACHE_ENABLE=0 -c -I../Core/Inc -I../Drivers/STM32F0xx_HAL_Driver/Inc -I../Drivers/CMSIS/Device/ST/STM32F0xx/Include -I../Drivers/CMSIS/Include -O0 -ffunction-sections -fdata-sections -Wall -fstack-usage -fcyclomatic-complexity -MMD -MP -MF"Core/Src/main.d" -MT"Core/Src/main.o" --specs=nano.specs -mfloat-abi=soft -mthumb -o "Core/Src/main.o"
arm-none-eabi-gcc -o "alfred_ultrasonic_hedghog.elf" @"objects.list"   -mcpu=cortex-m0 -T"C:\Users\Alfred\STM32CubeIDE\workspace_1.19.0\alfred_ultrasonic_hedghog\STM32F030F4PX_FLASH.ld" --specs=nosys.specs -Wl,-Map="alfred_ultrasonic_hedghog.map" -Wl,--gc-sections -static --specs=nano.specs -mfloat-abi=soft -mthumb -Wl,--start-group -lc -lm -Wl,--end-group
Finished building target: alfred_ultrasonic_hedghog.elf
 
arm-none-eabi-size  alfred_ultrasonic_hedghog.elf 
arm-none-eabi-objdump -h -S alfred_ultrasonic_hedghog.elf  > "alfred_ultrasonic_hedghog.list"
   text	   data	    bss	    dec	    hex	filename
   4452	      4	   1596	   6052	   17a4	alfred_ultrasonic_hedghog.elf
Finished building: default.size.stdout
 
Finished building: alfred_ultrasonic_hedghog.list
 
12:30:50 **** Incremental Build of configuration Debug for project alfred_ultrasonic_hedghog ****
make -j12 all 
arm-none-eabi-gcc "../Core/Src/main.c" -mcpu=cortex-m0 -std=gnu11 -g3 -DDEBUG -DSTM32F030x6 -DUSE_FULL_LL_DRIVER -DHSE_VALUE=8000000 -DHSE_STARTUP_TIMEOUT=100 -DLSE_STARTUP_TIMEOUT=5000 -DLSE_VALUE=32768 -DHSI_VALUE=8000000 -DLSI_VALUE=40000 -DVDD_VALUE=3300 -DPREFETCH_ENABLE=1 -DINSTRUCTION_CACHE_ENABLE=0 -DDATA_CACHE_ENABLE=0 -c -I../Core/Inc -I../Drivers/STM32F0xx_HAL_Driver/Inc -I../Drivers/CMSIS/Device/ST/STM32F0xx/Include -I../Drivers/CMSIS/Include -O0 -ffunction-sections -fdata-sections -Wall -fstack-usage -fcyclomatic-complexity -MMD -MP -MF"Core/Src/main.d" -MT"Core/Src/main.o" --specs=nano.specs -mfloat-abi=soft -mthumb -o "Core/Src/main.o"
arm-none-eabi-gcc -o "alfred_ultrasonic_hedghog.elf" @"objects.list"   -mcpu=cortex-m0 -T"C:\Users\Alfred\STM32CubeIDE\workspace_1.19.0\alfred_ultrasonic_hedghog\STM32F030F4PX_FLASH.ld" --specs=nosys.specs -Wl,-Map="alfred_ultrasonic_hedghog.map" -Wl,--gc-sections -static --specs=nano.specs -mfloat-abi=soft -mthumb -Wl,--start-group -lc -lm -Wl,--end-group
Finished building target: alfred_ultrasonic_hedghog.elf
 
arm-none-eabi-size  alfred_ultrasonic_hedghog.elf 
arm-none-eabi-objdump -h -S alfred_ultrasonic_hedghog.elf  > "alfred_ultrasonic_hedghog.list"
   text	   data	    bss	    dec	    hex	filename
   4440	      4	   1596	   6040	   1798	alfred_ultrasonic_hedghog.elf
Finished building: default.size.stdout
 
Finished building: alfred_ultrasonic_hedghog.list
 
12:34:47 **** Incremental Build of configuration Debug for project alfred_ultrasonic_hedghog ****
make -j12 all 
arm-none-eabi-gcc "../Core/Src/main.c" -mcpu=cortex-m0 -std=gnu11 -g3 -DDEBUG -DSTM32F030x6 -DUSE_FULL_LL_DRIVER -DHSE_VALUE=8000000 -DHSE_STARTUP_TIMEOUT=100 -DLSE_STARTUP_TIMEOUT=5000 -DLSE_VALUE=32768 -DHSI_VALUE=8000000 -DLSI_VALUE=40000 -DVDD_VALUE=3300 -DPREFETCH_ENABLE=1 -DINSTRUCTION_CACHE_ENABLE=0 -DDATA_CACHE_ENABLE=0 -c -I../Core/Inc -I../Drivers/STM32F0xx_HAL_Driver/Inc -I../Drivers/CMSIS/Device/ST/STM32F0xx/Include -I../Drivers/CMSIS/Include -O0 -ffunction-sections -fdata-sections -Wall -fstack-usage -fcyclomatic-complexity -MMD -MP -MF"Core/Src/main.d" -MT"Core/Src/main.o" --specs=nano.specs -mfloat-abi=soft -mthumb -o "Core/Src/main.o"
arm-none-eabi-gcc -o "alfred_ultrasonic_hedghog.elf" @"objects.list"   -mcpu=cortex-m0 -T"C:\Users\Alfred\STM32CubeIDE\workspace_1.19.0\alfred_ultrasonic_hedghog\STM32F030F4PX_FLASH.ld" --specs=nosys.specs -Wl,-Map="alfred_ultrasonic_hedghog.map" -Wl,--gc-sections -static --specs=nano.specs -mfloat-abi=soft -mthumb -Wl,--start-group -lc -lm -Wl,--end-group
C:/ST/STM32CubeIDE_1.19.0/STM32CubeIDE/plugins/com.st.stm32cube.ide.mcu.externaltools.gnu-tools-for-stm32.13.3.rel1.win32_1.0.0.202411081344/tools/bin/../lib/gcc/arm-none-eabi/13.3.1/../../../../arm-none-eabi/bin/ld.exe: ./Core/Src/main.o: in function `main':
C:/Users/Alfred/STM32CubeIDE/workspace_1.19.0/alfred_ultrasonic_hedghog/Debug/../Core/Src/main.c:7:(.text.main+0x4): undefined reference to `SystemClock_Config'
collect2.exe: error: ld returned 1 exit status
make: *** [makefile:64: alfred_ultrasonic_hedghog.elf] Error 1
"make -j12 all" terminated with exit code 2. Build might be incomplete.
12:41:20 **** Incremental Build of configuration Debug for project alfred_ultrasonic_hedghog ****
make -j12 all 
arm-none-eabi-gcc "../Core/Src/main.c" -mcpu=cortex-m0 -std=gnu11 -g3 -DDEBUG -DSTM32F030x6 -DUSE_FULL_LL_DRIVER -DHSE_VALUE=8000000 -DHSE_STARTUP_TIMEOUT=100 -DLSE_STARTUP_TIMEOUT=5000 -DLSE_VALUE=32768 -DHSI_VALUE=8000000 -DLSI_VALUE=40000 -DVDD_VALUE=3300 -DPREFETCH_ENABLE=1 -DINSTRUCTION_CACHE_ENABLE=0 -DDATA_CACHE_ENABLE=0 -c -I../Core/Inc -I../Drivers/STM32F0xx_HAL_Driver/Inc -I../Drivers/CMSIS/Device/ST/STM32F0xx/Include -I../Drivers/CMSIS/Include -O0 -ffunction-sections -fdata-sections -Wall -fstack-usage -fcyclomatic-complexity -MMD -MP -MF"Core/Src/main.d" -MT"Core/Src/main.o" --specs=nano.specs -mfloat-abi=soft -mthumb -o "Core/Src/main.o"
arm-none-eabi-gcc -o "alfred_ultrasonic_hedghog.elf" @"objects.list"   -mcpu=cortex-m0 -T"C:\Users\Alfred\STM32CubeIDE\workspace_1.19.0\alfred_ultrasonic_hedghog\STM32F030F4PX_FLASH.ld" --specs=nosys.specs -Wl,-Map="alfred_ultrasonic_hedghog.map" -Wl,--gc-sections -static --specs=nano.specs -mfloat-abi=soft -mthumb -Wl,--start-group -lc -lm -Wl,--end-group
Finished building target: alfred_ultrasonic_hedghog.elf
 
arm-none-eabi-size  alfred_ultrasonic_hedghog.elf 
arm-none-eabi-objdump -h -S alfred_ultrasonic_hedghog.elf  > "alfred_ultrasonic_hedghog.list"
   text	   data	    bss	    dec	    hex	filename
   1852	      4	   1564	   3420	    d5c	alfred_ultrasonic_hedghog.elf
Finished building: default.size.stdout
 
Finished building: alfred_ultrasonic_hedghog.list
 
12:42:31 **** Incremental Build of configuration Debug for project alfred_ultrasonic_hedghog ****
make -j12 all 
arm-none-eabi-gcc "../Core/Src/main.c" -mcpu=cortex-m0 -std=gnu11 -g3 -DDEBUG -DSTM32F030x6 -DUSE_FULL_LL_DRIVER -DHSE_VALUE=8000000 -DHSE_STARTUP_TIMEOUT=100 -DLSE_STARTUP_TIMEOUT=5000 -DLSE_VALUE=32768 -DHSI_VALUE=8000000 -DLSI_VALUE=40000 -DVDD_VALUE=3300 -DPREFETCH_ENABLE=1 -DINSTRUCTION_CACHE_ENABLE=0 -DDATA_CACHE_ENABLE=0 -c -I../Core/Inc -I../Drivers/STM32F0xx_HAL_Driver/Inc -I../Drivers/CMSIS/Device/ST/STM32F0xx/Include -I../Drivers/CMSIS/Include -O0 -ffunction-sections -fdata-sections -Wall -fstack-usage -fcyclomatic-complexity -MMD -MP -MF"Core/Src/main.d" -MT"Core/Src/main.o" --specs=nano.specs -mfloat-abi=soft -mthumb -o "Core/Src/main.o"
arm-none-eabi-gcc -o "alfred_ultrasonic_hedghog.elf" @"objects.list"   -mcpu=cortex-m0 -T"C:\Users\Alfred\STM32CubeIDE\workspace_1.19.0\alfred_ultrasonic_hedghog\STM32F030F4PX_FLASH.ld" --specs=nosys.specs -Wl,-Map="alfred_ultrasonic_hedghog.map" -Wl,--gc-sections -static --specs=nano.specs -mfloat-abi=soft -mthumb -Wl,--start-group -lc -lm -Wl,--end-group
Finished building target: alfred_ultrasonic_hedghog.elf
 
arm-none-eabi-size  alfred_ultrasonic_hedghog.elf 
arm-none-eabi-objdump -h -S alfred_ultrasonic_hedghog.elf  > "alfred_ultrasonic_hedghog.list"
   text	   data	    bss	    dec	    hex	filename
   4448	      4	   1596	   6048	   17a0	alfred_ultrasonic_hedghog.elf
Finished building: default.size.stdout
 
Finished building: alfred_ultrasonic_hedghog.list
 
12:42:53 **** Incremental Build of configuration Debug for project alfred_ultrasonic_hedghog ****
make -j12 all 
arm-none-eabi-size  alfred_ultrasonic_hedghog.elf 
   text	   data	    bss	    dec	    hex	filename
   4448	      4	   1596	   6048	   17a0	alfred_ultrasonic_hedghog.elf
Finished building: default.size.stdout
 
12:43:41 **** Incremental Build of configuration Debug for project alfred_ultrasonic_hedghog ****
make -j12 all 
arm-none-eabi-gcc "../Core/Src/main.c" -mcpu=cortex-m0 -std=gnu11 -g3 -DDEBUG -DSTM32F030x6 -DUSE_FULL_LL_DRIVER -DHSE_VALUE=8000000 -DHSE_STARTUP_TIMEOUT=100 -DLSE_STARTUP_TIMEOUT=5000 -DLSE_VALUE=32768 -DHSI_VALUE=8000000 -DLSI_VALUE=40000 -DVDD_VALUE=3300 -DPREFETCH_ENABLE=1 -DINSTRUCTION_CACHE_ENABLE=0 -DDATA_CACHE_ENABLE=0 -c -I../Core/Inc -I../Drivers/STM32F0xx_HAL_Driver/Inc -I../Drivers/CMSIS/Device/ST/STM32F0xx/Include -I../Drivers/CMSIS/Include -O0 -ffunction-sections -fdata-sections -Wall -fstack-usage -fcyclomatic-complexity -MMD -MP -MF"Core/Src/main.d" -MT"Core/Src/main.o" --specs=nano.specs -mfloat-abi=soft -mthumb -o "Core/Src/main.o"
arm-none-eabi-gcc -o "alfred_ultrasonic_hedghog.elf" @"objects.list"   -mcpu=cortex-m0 -T"C:\Users\Alfred\STM32CubeIDE\workspace_1.19.0\alfred_ultrasonic_hedghog\STM32F030F4PX_FLASH.ld" --specs=nosys.specs -Wl,-Map="alfred_ultrasonic_hedghog.map" -Wl,--gc-sections -static --specs=nano.specs -mfloat-abi=soft -mthumb -Wl,--start-group -lc -lm -Wl,--end-group
Finished building target: alfred_ultrasonic_hedghog.elf
 
arm-none-eabi-size  alfred_ultrasonic_hedghog.elf 
arm-none-eabi-objdump -h -S alfred_ultrasonic_hedghog.elf  > "alfred_ultrasonic_hedghog.list"
   text	   data	    bss	    dec	    hex	filename
   4448	      4	   1596	   6048	   17a0	alfred_ultrasonic_hedghog.elf
Finished building: default.size.stdout
 
Finished building: alfred_ultrasonic_hedghog.list
 
12:44:00 **** Incremental Build of configuration Debug for project alfred_ultrasonic_hedghog ****
make -j12 all 
arm-none-eabi-size  alfred_ultrasonic_hedghog.elf 
   text	   data	    bss	    dec	    hex	filename
   4448	      4	   1596	   6048	   17a0	alfred_ultrasonic_hedghog.elf
Finished building: default.size.stdout
 
16:47:02 **** Incremental Build of configuration Debug for project alfred_ultrasonic_hedghog ****
make -j12 all 
arm-none-eabi-gcc "../Core/Src/main.c" -mcpu=cortex-m0 -std=gnu11 -g3 -DDEBUG -DSTM32F030x6 -DUSE_FULL_LL_DRIVER -DHSE_VALUE=8000000 -DHSE_STARTUP_TIMEOUT=100 -DLSE_STARTUP_TIMEOUT=5000 -DLSE_VALUE=32768 -DHSI_VALUE=8000000 -DLSI_VALUE=40000 -DVDD_VALUE=3300 -DPREFETCH_ENABLE=1 -DINSTRUCTION_CACHE_ENABLE=0 -DDATA_CACHE_ENABLE=0 -c -I../Core/Inc -I../Drivers/STM32F0xx_HAL_Driver/Inc -I../Drivers/CMSIS/Device/ST/STM32F0xx/Include -I../Drivers/CMSIS/Include -O0 -ffunction-sections -fdata-sections -Wall -fstack-usage -fcyclomatic-complexity -MMD -MP -MF"Core/Src/main.d" -MT"Core/Src/main.o" --specs=nano.specs -mfloat-abi=soft -mthumb -o "Core/Src/main.o"
arm-none-eabi-gcc -o "alfred_ultrasonic_hedghog.elf" @"objects.list"   -mcpu=cortex-m0 -T"C:\Users\Alfred\STM32CubeIDE\workspace_1.19.0\alfred_ultrasonic_hedghog\STM32F030F4PX_FLASH.ld" --specs=nosys.specs -Wl,-Map="alfred_ultrasonic_hedghog.map" -Wl,--gc-sections -static --specs=nano.specs -mfloat-abi=soft -mthumb -Wl,--start-group -lc -lm -Wl,--end-group
Finished building target: alfred_ultrasonic_hedghog.elf
 
arm-none-eabi-size  alfred_ultrasonic_hedghog.elf 
arm-none-eabi-objdump -h -S alfred_ultrasonic_hedghog.elf  > "alfred_ultrasonic_hedghog.list"
   text	   data	    bss	    dec	    hex	filename
   4444	      4	   1596	   6044	   179c	alfred_ultrasonic_hedghog.elf
Finished building: default.size.stdout
 
Finished building: alfred_ultrasonic_hedghog.list
 
16:47:48 **** Incremental Build of configuration Debug for project alfred_ultrasonic_hedghog ****
make -j12 all 
arm-none-eabi-gcc "../Core/Src/main.c" -mcpu=cortex-m0 -std=gnu11 -g3 -DDEBUG -DSTM32F030x6 -DUSE_FULL_LL_DRIVER -DHSE_VALUE=8000000 -DHSE_STARTUP_TIMEOUT=100 -DLSE_STARTUP_TIMEOUT=5000 -DLSE_VALUE=32768 -DHSI_VALUE=8000000 -DLSI_VALUE=40000 -DVDD_VALUE=3300 -DPREFETCH_ENABLE=1 -DINSTRUCTION_CACHE_ENABLE=0 -DDATA_CACHE_ENABLE=0 -c -I../Core/Inc -I../Drivers/STM32F0xx_HAL_Driver/Inc -I../Drivers/CMSIS/Device/ST/STM32F0xx/Include -I../Drivers/CMSIS/Include -O0 -ffunction-sections -fdata-sections -Wall -fstack-usage -fcyclomatic-complexity -MMD -MP -MF"Core/Src/main.d" -MT"Core/Src/main.o" --specs=nano.specs -mfloat-abi=soft -mthumb -o "Core/Src/main.o"
arm-none-eabi-gcc -o "alfred_ultrasonic_hedghog.elf" @"objects.list"   -mcpu=cortex-m0 -T"C:\Users\Alfred\STM32CubeIDE\workspace_1.19.0\alfred_ultrasonic_hedghog\STM32F030F4PX_FLASH.ld" --specs=nosys.specs -Wl,-Map="alfred_ultrasonic_hedghog.map" -Wl,--gc-sections -static --specs=nano.specs -mfloat-abi=soft -mthumb -Wl,--start-group -lc -lm -Wl,--end-group
Finished building target: alfred_ultrasonic_hedghog.elf
 
arm-none-eabi-size  alfred_ultrasonic_hedghog.elf 
arm-none-eabi-objdump -h -S alfred_ultrasonic_hedghog.elf  > "alfred_ultrasonic_hedghog.list"
   text	   data	    bss	    dec	    hex	filename
   4440	      4	   1596	   6040	   1798	alfred_ultrasonic_hedghog.elf
Finished building: default.size.stdout
 
Finished building: alfred_ultrasonic_hedghog.list
 
16:49:12 **** Incremental Build of configuration Debug for project alfred_ultrasonic_hedghog ****
make -j12 all 
arm-none-eabi-gcc "../Core/Src/main.c" -mcpu=cortex-m0 -std=gnu11 -g3 -DDEBUG -DSTM32F030x6 -DUSE_FULL_LL_DRIVER -DHSE_VALUE=8000000 -DHSE_STARTUP_TIMEOUT=100 -DLSE_STARTUP_TIMEOUT=5000 -DLSE_VALUE=32768 -DHSI_VALUE=8000000 -DLSI_VALUE=40000 -DVDD_VALUE=3300 -DPREFETCH_ENABLE=1 -DINSTRUCTION_CACHE_ENABLE=0 -DDATA_CACHE_ENABLE=0 -c -I../Core/Inc -I../Drivers/STM32F0xx_HAL_Driver/Inc -I../Drivers/CMSIS/Device/ST/STM32F0xx/Include -I../Drivers/CMSIS/Include -O0 -ffunction-sections -fdata-sections -Wall -fstack-usage -fcyclomatic-complexity -MMD -MP -MF"Core/Src/main.d" -MT"Core/Src/main.o" --specs=nano.specs -mfloat-abi=soft -mthumb -o "Core/Src/main.o"
arm-none-eabi-gcc -o "alfred_ultrasonic_hedghog.elf" @"objects.list"   -mcpu=cortex-m0 -T"C:\Users\Alfred\STM32CubeIDE\workspace_1.19.0\alfred_ultrasonic_hedghog\STM32F030F4PX_FLASH.ld" --specs=nosys.specs -Wl,-Map="alfred_ultrasonic_hedghog.map" -Wl,--gc-sections -static --specs=nano.specs -mfloat-abi=soft -mthumb -Wl,--start-group -lc -lm -Wl,--end-group
Finished building target: alfred_ultrasonic_hedghog.elf
 
arm-none-eabi-size  alfred_ultrasonic_hedghog.elf 
arm-none-eabi-objdump -h -S alfred_ultrasonic_hedghog.elf  > "alfred_ultrasonic_hedghog.list"
   text	   data	    bss	    dec	    hex	filename
   4444	      4	   1596	   6044	   179c	alfred_ultrasonic_hedghog.elf
Finished building: default.size.stdout
 
Finished building: alfred_ultrasonic_hedghog.list
 
16:52:09 **** Incremental Build of configuration Debug for project alfred_ultrasonic_hedghog ****
make -j12 all 
arm-none-eabi-gcc "../Core/Src/main.c" -mcpu=cortex-m0 -std=gnu11 -g3 -DDEBUG -DSTM32F030x6 -DUSE_FULL_LL_DRIVER -DHSE_VALUE=8000000 -DHSE_STARTUP_TIMEOUT=100 -DLSE_STARTUP_TIMEOUT=5000 -DLSE_VALUE=32768 -DHSI_VALUE=8000000 -DLSI_VALUE=40000 -DVDD_VALUE=3300 -DPREFETCH_ENABLE=1 -DINSTRUCTION_CACHE_ENABLE=0 -DDATA_CACHE_ENABLE=0 -c -I../Core/Inc -I../Drivers/STM32F0xx_HAL_Driver/Inc -I../Drivers/CMSIS/Device/ST/STM32F0xx/Include -I../Drivers/CMSIS/Include -O0 -ffunction-sections -fdata-sections -Wall -fstack-usage -fcyclomatic-complexity -MMD -MP -MF"Core/Src/main.d" -MT"Core/Src/main.o" --specs=nano.specs -mfloat-abi=soft -mthumb -o "Core/Src/main.o"
arm-none-eabi-gcc -o "alfred_ultrasonic_hedghog.elf" @"objects.list"   -mcpu=cortex-m0 -T"C:\Users\Alfred\STM32CubeIDE\workspace_1.19.0\alfred_ultrasonic_hedghog\STM32F030F4PX_FLASH.ld" --specs=nosys.specs -Wl,-Map="alfred_ultrasonic_hedghog.map" -Wl,--gc-sections -static --specs=nano.specs -mfloat-abi=soft -mthumb -Wl,--start-group -lc -lm -Wl,--end-group
Finished building target: alfred_ultrasonic_hedghog.elf
 
arm-none-eabi-size  alfred_ultrasonic_hedghog.elf 
arm-none-eabi-objdump -h -S alfred_ultrasonic_hedghog.elf  > "alfred_ultrasonic_hedghog.list"
   text	   data	    bss	    dec	    hex	filename
   4452	      4	   1596	   6052	   17a4	alfred_ultrasonic_hedghog.elf
Finished building: default.size.stdout
 
Finished building: alfred_ultrasonic_hedghog.list
 
12:46:02 **** Incremental Build of configuration Debug for project alfred_ultrasonic_hedghog ****
make -j12 all 
arm-none-eabi-gcc "../Core/Src/main.c" -mcpu=cortex-m0 -std=gnu11 -g3 -DDEBUG -DSTM32F030x6 -DUSE_FULL_LL_DRIVER -DHSE_VALUE=8000000 -DHSE_STARTUP_TIMEOUT=100 -DLSE_STARTUP_TIMEOUT=5000 -DLSE_VALUE=32768 -DHSI_VALUE=8000000 -DLSI_VALUE=40000 -DVDD_VALUE=3300 -DPREFETCH_ENABLE=1 -DINSTRUCTION_CACHE_ENABLE=0 -DDATA_CACHE_ENABLE=0 -c -I../Core/Inc -I../Drivers/STM32F0xx_HAL_Driver/Inc -I../Drivers/CMSIS/Device/ST/STM32F0xx/Include -I../Drivers/CMSIS/Include -O0 -ffunction-sections -fdata-sections -Wall -fstack-usage -fcyclomatic-complexity -MMD -MP -MF"Core/Src/main.d" -MT"Core/Src/main.o" --specs=nano.specs -mfloat-abi=soft -mthumb -o "Core/Src/main.o"
arm-none-eabi-gcc -o "alfred_ultrasonic_hedghog.elf" @"objects.list"   -mcpu=cortex-m0 -T"C:\Users\Alfred\STM32CubeIDE\workspace_1.19.0\alfred_ultrasonic_hedghog\STM32F030F4PX_FLASH.ld" --specs=nosys.specs -Wl,-Map="alfred_ultrasonic_hedghog.map" -Wl,--gc-sections -static --specs=nano.specs -mfloat-abi=soft -mthumb -Wl,--start-group -lc -lm -Wl,--end-group
Finished building target: alfred_ultrasonic_hedghog.elf
 
arm-none-eabi-size  alfred_ultrasonic_hedghog.elf 
arm-none-eabi-objdump -h -S alfred_ultrasonic_hedghog.elf  > "alfred_ultrasonic_hedghog.list"
   text	   data	    bss	    dec	    hex	filename
   4452	      4	   1596	   6052	   17a4	alfred_ultrasonic_hedghog.elf
Finished building: default.size.stdout
 
Finished building: alfred_ultrasonic_hedghog.list
 
12:46:19 **** Incremental Build of configuration Debug for project alfred_ultrasonic_hedghog ****
make -j12 all 
arm-none-eabi-gcc "../Core/Src/main.c" -mcpu=cortex-m0 -std=gnu11 -g3 -DDEBUG -DSTM32F030x6 -DUSE_FULL_LL_DRIVER -DHSE_VALUE=8000000 -DHSE_STARTUP_TIMEOUT=100 -DLSE_STARTUP_TIMEOUT=5000 -DLSE_VALUE=32768 -DHSI_VALUE=8000000 -DLSI_VALUE=40000 -DVDD_VALUE=3300 -DPREFETCH_ENABLE=1 -DINSTRUCTION_CACHE_ENABLE=0 -DDATA_CACHE_ENABLE=0 -c -I../Core/Inc -I../Drivers/STM32F0xx_HAL_Driver/Inc -I../Drivers/CMSIS/Device/ST/STM32F0xx/Include -I../Drivers/CMSIS/Include -O0 -ffunction-sections -fdata-sections -Wall -fstack-usage -fcyclomatic-complexity -MMD -MP -MF"Core/Src/main.d" -MT"Core/Src/main.o" --specs=nano.specs -mfloat-abi=soft -mthumb -o "Core/Src/main.o"
../Core/Src/main.c:4:15: error: unknown type name 'uint32_t'
    4 | void delay_us(uint32_t us) {
      |               ^~~~~~~~
../Core/Src/main.c:1:1: note: 'uint32_t' is defined in header '<stdint.h>'; did you forget to '#include <stdint.h>'?
  +++ |+#include <stdint.h>
    1 | #define SYS_CLK     48000000
../Core/Src/main.c: In function 'main':
../Core/Src/main.c:11:5: warning: implicit declaration of function 'LL_APB1_GRP2_EnableClock' [-Wimplicit-function-declaration]
   11 |     LL_APB1_GRP2_EnableClock(LL_APB1_GRP2_PERIPH_SYSCFG);
      |     ^~~~~~~~~~~~~~~~~~~~~~~~
../Core/Src/main.c:11:30: error: 'LL_APB1_GRP2_PERIPH_SYSCFG' undeclared (first use in this function)
   11 |     LL_APB1_GRP2_EnableClock(LL_APB1_GRP2_PERIPH_SYSCFG);
      |                              ^~~~~~~~~~~~~~~~~~~~~~~~~~
../Core/Src/main.c:11:30: note: each undeclared identifier is reported only once for each function it appears in
../Core/Src/main.c:12:5: warning: implicit declaration of function 'LL_APB1_GRP1_EnableClock' [-Wimplicit-function-declaration]
   12 |     LL_APB1_GRP1_EnableClock(LL_APB1_GRP1_PERIPH_PWR);
      |     ^~~~~~~~~~~~~~~~~~~~~~~~
../Core/Src/main.c:12:30: error: 'LL_APB1_GRP1_PERIPH_PWR' undeclared (first use in this function)
   12 |     LL_APB1_GRP1_EnableClock(LL_APB1_GRP1_PERIPH_PWR);
      |                              ^~~~~~~~~~~~~~~~~~~~~~~
../Core/Src/main.c:13:5: warning: implicit declaration of function 'SystemClock_Config' [-Wimplicit-function-declaration]
   13 |     SystemClock_Config();
      |     ^~~~~~~~~~~~~~~~~~
../Core/Src/main.c:16:5: error: 'CoreDebug' undeclared (first use in this function)
   16 |     CoreDebug->DEMCR |= CoreDebug_DEMCR_TRCENA_Msk;
      |     ^~~~~~~~~
../Core/Src/main.c:16:25: error: 'CoreDebug_DEMCR_TRCENA_Msk' undeclared (first use in this function)
   16 |     CoreDebug->DEMCR |= CoreDebug_DEMCR_TRCENA_Msk;
      |                         ^~~~~~~~~~~~~~~~~~~~~~~~~~
../Core/Src/main.c:17:5: error: 'DWT' undeclared (first use in this function)
   17 |     DWT->CYCCNT = 0;
      |     ^~~
../Core/Src/main.c:18:20: error: 'DWT_CTRL_CYCCNTENA_Msk' undeclared (first use in this function)
   18 |     DWT->CTRL   |= DWT_CTRL_CYCCNTENA_Msk;
      |                    ^~~~~~~~~~~~~~~~~~~~~~
../Core/Src/main.c:20:5: warning: implicit declaration of function 'LL_AHB1_GRP1_EnableClock' [-Wimplicit-function-declaration]
   20 |     LL_AHB1_GRP1_EnableClock(LL_AHB1_GRP1_PERIPH_GPIOA);
      |     ^~~~~~~~~~~~~~~~~~~~~~~~
../Core/Src/main.c:20:30: error: 'LL_AHB1_GRP1_PERIPH_GPIOA' undeclared (first use in this function)
   20 |     LL_AHB1_GRP1_EnableClock(LL_AHB1_GRP1_PERIPH_GPIOA);
      |                              ^~~~~~~~~~~~~~~~~~~~~~~~~
../Core/Src/main.c:21:5: warning: implicit declaration of function 'LL_GPIO_SetPinMode' [-Wimplicit-function-declaration]
   21 |     LL_GPIO_SetPinMode(GPIOA, LL_GPIO_PIN_4, LL_GPIO_MODE_OUTPUT);
      |     ^~~~~~~~~~~~~~~~~~
../Core/Src/main.c:21:24: error: 'GPIOA' undeclared (first use in this function)
   21 |     LL_GPIO_SetPinMode(GPIOA, LL_GPIO_PIN_4, LL_GPIO_MODE_OUTPUT);
      |                        ^~~~~
../Core/Src/main.c:21:31: error: 'LL_GPIO_PIN_4' undeclared (first use in this function)
   21 |     LL_GPIO_SetPinMode(GPIOA, LL_GPIO_PIN_4, LL_GPIO_MODE_OUTPUT);
      |                               ^~~~~~~~~~~~~
../Core/Src/main.c:21:46: error: 'LL_GPIO_MODE_OUTPUT' undeclared (first use in this function)
   21 |     LL_GPIO_SetPinMode(GPIOA, LL_GPIO_PIN_4, LL_GPIO_MODE_OUTPUT);
      |                                              ^~~~~~~~~~~~~~~~~~~
../Core/Src/main.c:22:5: warning: implicit declaration of function 'LL_GPIO_SetPinOutputType' [-Wimplicit-function-declaration]
   22 |     LL_GPIO_SetPinOutputType(GPIOA, LL_GPIO_PIN_4, LL_GPIO_OUTPUT_PUSHPULL);
      |     ^~~~~~~~~~~~~~~~~~~~~~~~
../Core/Src/main.c:22:52: error: 'LL_GPIO_OUTPUT_PUSHPULL' undeclared (first use in this function)
   22 |     LL_GPIO_SetPinOutputType(GPIOA, LL_GPIO_PIN_4, LL_GPIO_OUTPUT_PUSHPULL);
      |                                                    ^~~~~~~~~~~~~~~~~~~~~~~
../Core/Src/main.c:26:9: error: unknown type name 'uint32_t'
   26 |         uint32_t end = LL_GetTick() + 2000;
      |         ^~~~~~~~
../Core/Src/main.c:26:9: note: 'uint32_t' is defined in header '<stdint.h>'; did you forget to '#include <stdint.h>'?
../Core/Src/main.c:26:24: warning: implicit declaration of function 'LL_GetTick' [-Wimplicit-function-declaration]
   26 |         uint32_t end = LL_GetTick() + 2000;
      |                        ^~~~~~~~~~
../Core/Src/main.c:29:13: warning: implicit declaration of function 'delay_us' [-Wimplicit-function-declaration]
   29 |             delay_us(HALF_PERIOD_US);
      |             ^~~~~~~~
../Core/Src/main.c:36:9: warning: implicit declaration of function 'LL_mDelay' [-Wimplicit-function-declaration]
   36 |         LL_mDelay(2000);
      |         ^~~~~~~~~
make: *** [Core/Src/subdir.mk:31: Core/Src/main.o] Error 1
"make -j12 all" terminated with exit code 2. Build might be incomplete.
12:47:20 **** Incremental Build of configuration Debug for project alfred_ultrasonic_hedghog ****
make -j12 all 
arm-none-eabi-gcc "../Core/Src/main.c" -mcpu=cortex-m0 -std=gnu11 -g3 -DDEBUG -DSTM32F030x6 -DUSE_FULL_LL_DRIVER -DHSE_VALUE=8000000 -DHSE_STARTUP_TIMEOUT=100 -DLSE_STARTUP_TIMEOUT=5000 -DLSE_VALUE=32768 -DHSI_VALUE=8000000 -DLSI_VALUE=40000 -DVDD_VALUE=3300 -DPREFETCH_ENABLE=1 -DINSTRUCTION_CACHE_ENABLE=0 -DDATA_CACHE_ENABLE=0 -c -I../Core/Inc -I../Drivers/STM32F0xx_HAL_Driver/Inc -I../Drivers/CMSIS/Device/ST/STM32F0xx/Include -I../Drivers/CMSIS/Include -O0 -ffunction-sections -fdata-sections -Wall -fstack-usage -fcyclomatic-complexity -MMD -MP -MF"Core/Src/main.d" -MT"Core/Src/main.o" --specs=nano.specs -mfloat-abi=soft -mthumb -o "Core/Src/main.o"
../Core/Src/main.c: In function 'main':
../Core/Src/main.c:47:24: warning: implicit declaration of function 'LL_GetTick'; did you mean 'LL_InitTick'? [-Wimplicit-function-declaration]
   47 |         uint32_t end = LL_GetTick() + 2000;
      |                        ^~~~~~~~~~
      |                        LL_InitTick
arm-none-eabi-gcc -o "alfred_ultrasonic_hedghog.elf" @"objects.list"   -mcpu=cortex-m0 -T"C:\Users\Alfred\STM32CubeIDE\workspace_1.19.0\alfred_ultrasonic_hedghog\STM32F030F4PX_FLASH.ld" --specs=nosys.specs -Wl,-Map="alfred_ultrasonic_hedghog.map" -Wl,--gc-sections -static --specs=nano.specs -mfloat-abi=soft -mthumb -Wl,--start-group -lc -lm -Wl,--end-group
C:/ST/STM32CubeIDE_1.19.0/STM32CubeIDE/plugins/com.st.stm32cube.ide.mcu.externaltools.gnu-tools-for-stm32.13.3.rel1.win32_1.0.0.202411081344/tools/bin/../lib/gcc/arm-none-eabi/13.3.1/../../../../arm-none-eabi/bin/ld.exe: ./Core/Src/main.o: in function `main':
C:/Users/Alfred/STM32CubeIDE/workspace_1.19.0/alfred_ultrasonic_hedghog/Debug/../Core/Src/main.c:47:(.text.main+0x40): undefined reference to `LL_GetTick'
C:/ST/STM32CubeIDE_1.19.0/STM32CubeIDE/plugins/com.st.stm32cube.ide.mcu.externaltools.gnu-tools-for-stm32.13.3.rel1.win32_1.0.0.202411081344/tools/bin/../lib/gcc/arm-none-eabi/13.3.1/../../../../arm-none-eabi/bin/ld.exe: C:/Users/Alfred/STM32CubeIDE/workspace_1.19.0/alfred_ultrasonic_hedghog/Debug/../Core/Src/main.c:48:(.text.main+0x6e): undefined reference to `LL_GetTick'
collect2.exe: error: ld returned 1 exit status
make: *** [makefile:64: alfred_ultrasonic_hedghog.elf] Error 1
"make -j12 all" terminated with exit code 2. Build might be incomplete.
12:47:34 **** Incremental Build of configuration Debug for project alfred_ultrasonic_hedghog ****
make -j12 all 
arm-none-eabi-gcc "../Core/Src/main.c" -mcpu=cortex-m0 -std=gnu11 -g3 -DDEBUG -DSTM32F030x6 -DUSE_FULL_LL_DRIVER -DHSE_VALUE=8000000 -DHSE_STARTUP_TIMEOUT=100 -DLSE_STARTUP_TIMEOUT=5000 -DLSE_VALUE=32768 -DHSI_VALUE=8000000 -DLSI_VALUE=40000 -DVDD_VALUE=3300 -DPREFETCH_ENABLE=1 -DINSTRUCTION_CACHE_ENABLE=0 -DDATA_CACHE_ENABLE=0 -c -I../Core/Inc -I../Drivers/STM32F0xx_HAL_Driver/Inc -I../Drivers/CMSIS/Device/ST/STM32F0xx/Include -I../Drivers/CMSIS/Include -O0 -ffunction-sections -fdata-sections -Wall -fstack-usage -fcyclomatic-complexity -MMD -MP -MF"Core/Src/main.d" -MT"Core/Src/main.o" --specs=nano.specs -mfloat-abi=soft -mthumb -o "Core/Src/main.o"
../Core/Src/main.c: In function 'main':
../Core/Src/main.c:47:24: warning: implicit declaration of function 'LL_GetTick'; did you mean 'LL_InitTick'? [-Wimplicit-function-declaration]
   47 |         uint32_t end = LL_GetTick() + 2000;
      |                        ^~~~~~~~~~
      |                        LL_InitTick
arm-none-eabi-gcc -o "alfred_ultrasonic_hedghog.elf" @"objects.list"   -mcpu=cortex-m0 -T"C:\Users\Alfred\STM32CubeIDE\workspace_1.19.0\alfred_ultrasonic_hedghog\STM32F030F4PX_FLASH.ld" --specs=nosys.specs -Wl,-Map="alfred_ultrasonic_hedghog.map" -Wl,--gc-sections -static --specs=nano.specs -mfloat-abi=soft -mthumb -Wl,--start-group -lc -lm -Wl,--end-group
C:/ST/STM32CubeIDE_1.19.0/STM32CubeIDE/plugins/com.st.stm32cube.ide.mcu.externaltools.gnu-tools-for-stm32.13.3.rel1.win32_1.0.0.202411081344/tools/bin/../lib/gcc/arm-none-eabi/13.3.1/../../../../arm-none-eabi/bin/ld.exe: ./Core/Src/main.o: in function `main':
C:/Users/Alfred/STM32CubeIDE/workspace_1.19.0/alfred_ultrasonic_hedghog/Debug/../Core/Src/main.c:47:(.text.main+0x40): undefined reference to `LL_GetTick'
C:/ST/STM32CubeIDE_1.19.0/STM32CubeIDE/plugins/com.st.stm32cube.ide.mcu.externaltools.gnu-tools-for-stm32.13.3.rel1.win32_1.0.0.202411081344/tools/bin/../lib/gcc/arm-none-eabi/13.3.1/../../../../arm-none-eabi/bin/ld.exe: C:/Users/Alfred/STM32CubeIDE/workspace_1.19.0/alfred_ultrasonic_hedghog/Debug/../Core/Src/main.c:48:(.text.main+0x6e): undefined reference to `LL_GetTick'
collect2.exe: error: ld returned 1 exit status
make: *** [makefile:64: alfred_ultrasonic_hedghog.elf] Error 1
"make -j12 all" terminated with exit code 2. Build might be incomplete.
12:52:29 **** Incremental Build of configuration Debug for project alfred_ultrasonic_hedghog ****
make -j12 all 
arm-none-eabi-gcc "../Core/Src/main.c" -mcpu=cortex-m0 -std=gnu11 -g3 -DDEBUG -DSTM32F030x6 -DUSE_FULL_LL_DRIVER -DHSE_VALUE=8000000 -DHSE_STARTUP_TIMEOUT=100 -DLSE_STARTUP_TIMEOUT=5000 -DLSE_VALUE=32768 -DHSI_VALUE=8000000 -DLSI_VALUE=40000 -DVDD_VALUE=3300 -DPREFETCH_ENABLE=1 -DINSTRUCTION_CACHE_ENABLE=0 -DDATA_CACHE_ENABLE=0 -c -I../Core/Inc -I../Drivers/STM32F0xx_HAL_Driver/Inc -I../Drivers/CMSIS/Device/ST/STM32F0xx/Include -I../Drivers/CMSIS/Include -O0 -ffunction-sections -fdata-sections -Wall -fstack-usage -fcyclomatic-complexity -MMD -MP -MF"Core/Src/main.d" -MT"Core/Src/main.o" --specs=nano.specs -mfloat-abi=soft -mthumb -o "Core/Src/main.o"
arm-none-eabi-gcc -o "alfred_ultrasonic_hedghog.elf" @"objects.list"   -mcpu=cortex-m0 -T"C:\Users\Alfred\STM32CubeIDE\workspace_1.19.0\alfred_ultrasonic_hedghog\STM32F030F4PX_FLASH.ld" --specs=nosys.specs -Wl,-Map="alfred_ultrasonic_hedghog.map" -Wl,--gc-sections -static --specs=nano.specs -mfloat-abi=soft -mthumb -Wl,--start-group -lc -lm -Wl,--end-group
Finished building target: alfred_ultrasonic_hedghog.elf
 
arm-none-eabi-size  alfred_ultrasonic_hedghog.elf 
arm-none-eabi-objdump -h -S alfred_ultrasonic_hedghog.elf  > "alfred_ultrasonic_hedghog.list"
   text	   data	    bss	    dec	    hex	filename
   1928	      4	   1564	   3496	    da8	alfred_ultrasonic_hedghog.elf
Finished building: default.size.stdout
 
Finished building: alfred_ultrasonic_hedghog.list
 
12:58:05 **** Incremental Build of configuration Debug for project alfred_ultrasonic_hedghog ****
make -j12 all 
arm-none-eabi-gcc "../Core/Src/main.c" -mcpu=cortex-m0 -std=gnu11 -g3 -DDEBUG -DSTM32F030x6 -DUSE_FULL_LL_DRIVER -DHSE_VALUE=8000000 -DHSE_STARTUP_TIMEOUT=100 -DLSE_STARTUP_TIMEOUT=5000 -DLSE_VALUE=32768 -DHSI_VALUE=8000000 -DLSI_VALUE=40000 -DVDD_VALUE=3300 -DPREFETCH_ENABLE=1 -DINSTRUCTION_CACHE_ENABLE=0 -DDATA_CACHE_ENABLE=0 -c -I../Core/Inc -I../Drivers/STM32F0xx_HAL_Driver/Inc -I../Drivers/CMSIS/Device/ST/STM32F0xx/Include -I../Drivers/CMSIS/Include -O0 -ffunction-sections -fdata-sections -Wall -fstack-usage -fcyclomatic-complexity -MMD -MP -MF"Core/Src/main.d" -MT"Core/Src/main.o" --specs=nano.specs -mfloat-abi=soft -mthumb -o "Core/Src/main.o"
arm-none-eabi-gcc -o "alfred_ultrasonic_hedghog.elf" @"objects.list"   -mcpu=cortex-m0 -T"C:\Users\Alfred\STM32CubeIDE\workspace_1.19.0\alfred_ultrasonic_hedghog\STM32F030F4PX_FLASH.ld" --specs=nosys.specs -Wl,-Map="alfred_ultrasonic_hedghog.map" -Wl,--gc-sections -static --specs=nano.specs -mfloat-abi=soft -mthumb -Wl,--start-group -lc -lm -Wl,--end-group
Finished building target: alfred_ultrasonic_hedghog.elf
 
arm-none-eabi-size  alfred_ultrasonic_hedghog.elf 
arm-none-eabi-objdump -h -S alfred_ultrasonic_hedghog.elf  > "alfred_ultrasonic_hedghog.list"
   text	   data	    bss	    dec	    hex	filename
   4536	      4	   1596	   6136	   17f8	alfred_ultrasonic_hedghog.elf
Finished building: default.size.stdout
 
Finished building: alfred_ultrasonic_hedghog.list
 
12:58:30 **** Incremental Build of configuration Debug for project alfred_ultrasonic_hedghog ****
make -j12 all 
arm-none-eabi-size  alfred_ultrasonic_hedghog.elf 
   text	   data	    bss	    dec	    hex	filename
   4536	      4	   1596	   6136	   17f8	alfred_ultrasonic_hedghog.elf
Finished building: default.size.stdout
 
12:58:50 **** Incremental Build of configuration Debug for project alfred_ultrasonic_hedghog ****
make -j12 all 
arm-none-eabi-size  alfred_ultrasonic_hedghog.elf 
   text	   data	    bss	    dec	    hex	filename
   4536	      4	   1596	   6136	   17f8	alfred_ultrasonic_hedghog.elf
Finished building: default.size.stdout
 
13:05:12 **** Incremental Build of configuration Debug for project alfred_ultrasonic_hedghog ****
make -j12 all 
arm-none-eabi-gcc "../Core/Src/main.c" -mcpu=cortex-m0 -std=gnu11 -g3 -DDEBUG -DSTM32F030x6 -DUSE_FULL_LL_DRIVER -DHSE_VALUE=8000000 -DHSE_STARTUP_TIMEOUT=100 -DLSE_STARTUP_TIMEOUT=5000 -DLSE_VALUE=32768 -DHSI_VALUE=8000000 -DLSI_VALUE=40000 -DVDD_VALUE=3300 -DPREFETCH_ENABLE=1 -DINSTRUCTION_CACHE_ENABLE=0 -DDATA_CACHE_ENABLE=0 -c -I../Core/Inc -I../Drivers/STM32F0xx_HAL_Driver/Inc -I../Drivers/CMSIS/Device/ST/STM32F0xx/Include -I../Drivers/CMSIS/Include -O0 -ffunction-sections -fdata-sections -Wall -fstack-usage -fcyclomatic-complexity -MMD -MP -MF"Core/Src/main.d" -MT"Core/Src/main.o" --specs=nano.specs -mfloat-abi=soft -mthumb -o "Core/Src/main.o"
arm-none-eabi-gcc -o "alfred_ultrasonic_hedghog.elf" @"objects.list"   -mcpu=cortex-m0 -T"C:\Users\Alfred\STM32CubeIDE\workspace_1.19.0\alfred_ultrasonic_hedghog\STM32F030F4PX_FLASH.ld" --specs=nosys.specs -Wl,-Map="alfred_ultrasonic_hedghog.map" -Wl,--gc-sections -static --specs=nano.specs -mfloat-abi=soft -mthumb -Wl,--start-group -lc -lm -Wl,--end-group
Finished building target: alfred_ultrasonic_hedghog.elf
 
arm-none-eabi-size  alfred_ultrasonic_hedghog.elf 
arm-none-eabi-objdump -h -S alfred_ultrasonic_hedghog.elf  > "alfred_ultrasonic_hedghog.list"
   text	   data	    bss	    dec	    hex	filename
   4532	      4	   1596	   6132	   17f4	alfred_ultrasonic_hedghog.elf
Finished building: default.size.stdout
 
Finished building: alfred_ultrasonic_hedghog.list
 
14:31:37 **** Incremental Build of configuration Debug for project alfred_ultrasonic_hedghog ****
make -j12 all 
arm-none-eabi-gcc "../Core/Src/main.c" -mcpu=cortex-m0 -std=gnu11 -g3 -DDEBUG -DSTM32F030x6 -DUSE_FULL_LL_DRIVER -DHSE_VALUE=8000000 -DHSE_STARTUP_TIMEOUT=100 -DLSE_STARTUP_TIMEOUT=5000 -DLSE_VALUE=32768 -DHSI_VALUE=8000000 -DLSI_VALUE=40000 -DVDD_VALUE=3300 -DPREFETCH_ENABLE=1 -DINSTRUCTION_CACHE_ENABLE=0 -DDATA_CACHE_ENABLE=0 -c -I../Core/Inc -I../Drivers/STM32F0xx_HAL_Driver/Inc -I../Drivers/CMSIS/Device/ST/STM32F0xx/Include -I../Drivers/CMSIS/Include -O0 -ffunction-sections -fdata-sections -Wall -fstack-usage -fcyclomatic-complexity -MMD -MP -MF"Core/Src/main.d" -MT"Core/Src/main.o" --specs=nano.specs -mfloat-abi=soft -mthumb -o "Core/Src/main.o"
../Core/Src/main.c: In function 'TIM1_CC_IRQHandler':
../Core/Src/main.c:5:32: error: expected ')' before numeric constant
    5 | #define FREQUENCY_HZ        19 0000
      |                                ^~~~
../Core/Src/main.c:28:80: note: in expansion of macro 'FREQUENCY_HZ'
   28 | #define LISTEN_CYCLES       ((DIST_MAX_TICKS + (TICKS_PER_METRE * 50 / 100)) * FREQUENCY_HZ / TIM3_TICK_HZ)
      |                                                                                ^~~~~~~~~~~~
../Core/Src/main.c:121:44: note: in expansion of macro 'LISTEN_CYCLES'
  121 |     if (listen_active && ++listen_count >= LISTEN_CYCLES)
      |                                            ^~~~~~~~~~~~~
../Core/Src/main.c:28:29: note: to match this '('
   28 | #define LISTEN_CYCLES       ((DIST_MAX_TICKS + (TICKS_PER_METRE * 50 / 100)) * FREQUENCY_HZ / TIM3_TICK_HZ)
      |                             ^
../Core/Src/main.c:121:44: note: in expansion of macro 'LISTEN_CYCLES'
  121 |     if (listen_active && ++listen_count >= LISTEN_CYCLES)
      |                                            ^~~~~~~~~~~~~
../Core/Src/main.c: In function 'TIM3_IRQHandler':
../Core/Src/main.c:5:32: error: expected ')' before numeric constant
    5 | #define FREQUENCY_HZ        19 0000
      |                                ^~~~
../Core/Src/main.c:26:46: note: in expansion of macro 'FREQUENCY_HZ'
   26 | #define FREQ_MIN_PERIOD     (TIM3_TICK_HZ / (FREQUENCY_HZ * (100 + FREQ_TOLERANCE_PCT) / 100))
      |                                              ^~~~~~~~~~~~
../Core/Src/main.c:174:18: note: in expansion of macro 'FREQ_MIN_PERIOD'
  174 |     if (period < FREQ_MIN_PERIOD || period > FREQ_MAX_PERIOD)
      |                  ^~~~~~~~~~~~~~~
../Core/Src/main.c:26:45: note: to match this '('
   26 | #define FREQ_MIN_PERIOD     (TIM3_TICK_HZ / (FREQUENCY_HZ * (100 + FREQ_TOLERANCE_PCT) / 100))
      |                                             ^
../Core/Src/main.c:174:18: note: in expansion of macro 'FREQ_MIN_PERIOD'
  174 |     if (period < FREQ_MIN_PERIOD || period > FREQ_MAX_PERIOD)
      |                  ^~~~~~~~~~~~~~~
../Core/Src/main.c:5:32: error: expected ')' before numeric constant
    5 | #define FREQUENCY_HZ        19 0000
      |                                ^~~~
../Core/Src/main.c:27:46: note: in expansion of macro 'FREQUENCY_HZ'
   27 | #define FREQ_MAX_PERIOD     (TIM3_TICK_HZ / (FREQUENCY_HZ * (100 - FREQ_TOLERANCE_PCT) / 100))
      |                                              ^~~~~~~~~~~~
../Core/Src/main.c:174:46: note: in expansion of macro 'FREQ_MAX_PERIOD'
  174 |     if (period < FREQ_MIN_PERIOD || period > FREQ_MAX_PERIOD)
      |                                              ^~~~~~~~~~~~~~~
../Core/Src/main.c:27:45: note: to match this '('
   27 | #define FREQ_MAX_PERIOD     (TIM3_TICK_HZ / (FREQUENCY_HZ * (100 - FREQ_TOLERANCE_PCT) / 100))
      |                                             ^
../Core/Src/main.c:174:46: note: in expansion of macro 'FREQ_MAX_PERIOD'
  174 |     if (period < FREQ_MIN_PERIOD || period > FREQ_MAX_PERIOD)
      |                                              ^~~~~~~~~~~~~~~
../Core/Src/main.c: In function 'main':
../Core/Src/main.c:5:32: error: expected ')' before numeric constant
    5 | #define FREQUENCY_HZ        19 0000
      |                                ^~~~
../Core/Src/main.c:22:40: note: in expansion of macro 'FREQUENCY_HZ'
   22 | #define TARGET_PERIOD       (SYS_CLK / FREQUENCY_HZ)
      |                                        ^~~~~~~~~~~~
../Core/Src/main.c:226:32: note: in expansion of macro 'TARGET_PERIOD'
  226 |     LL_TIM_SetAutoReload(TIM1, TARGET_PERIOD);
      |                                ^~~~~~~~~~~~~
../Core/Src/main.c:22:29: note: to match this '('
   22 | #define TARGET_PERIOD       (SYS_CLK / FREQUENCY_HZ)
      |                             ^
../Core/Src/main.c:226:32: note: in expansion of macro 'TARGET_PERIOD'
  226 |     LL_TIM_SetAutoReload(TIM1, TARGET_PERIOD);
      |                                ^~~~~~~~~~~~~
../Core/Src/main.c:5:32: error: expected ')' before numeric constant
    5 | #define FREQUENCY_HZ        19 0000
      |                                ^~~~
../Core/Src/main.c:22:40: note: in expansion of macro 'FREQUENCY_HZ'
   22 | #define TARGET_PERIOD       (SYS_CLK / FREQUENCY_HZ)
      |                                        ^~~~~~~~~~~~
../Core/Src/main.c:227:35: note: in expansion of macro 'TARGET_PERIOD'
  227 |     LL_TIM_OC_SetCompareCH2(TIM1, TARGET_PERIOD / 2);
      |                                   ^~~~~~~~~~~~~
../Core/Src/main.c:22:29: note: to match this '('
   22 | #define TARGET_PERIOD       (SYS_CLK / FREQUENCY_HZ)
      |                             ^
../Core/Src/main.c:227:35: note: in expansion of macro 'TARGET_PERIOD'
  227 |     LL_TIM_OC_SetCompareCH2(TIM1, TARGET_PERIOD / 2);
      |                                   ^~~~~~~~~~~~~
make: *** [Core/Src/subdir.mk:31: Core/Src/main.o] Error 1
"make -j12 all" terminated with exit code 2. Build might be incomplete.
14:32:17 **** Incremental Build of configuration Debug for project alfred_ultrasonic_hedghog ****
make -j12 all 
arm-none-eabi-gcc "../Core/Src/main.c" -mcpu=cortex-m0 -std=gnu11 -g3 -DDEBUG -DSTM32F030x6 -DUSE_FULL_LL_DRIVER -DHSE_VALUE=8000000 -DHSE_STARTUP_TIMEOUT=100 -DLSE_STARTUP_TIMEOUT=5000 -DLSE_VALUE=32768 -DHSI_VALUE=8000000 -DLSI_VALUE=40000 -DVDD_VALUE=3300 -DPREFETCH_ENABLE=1 -DINSTRUCTION_CACHE_ENABLE=0 -DDATA_CACHE_ENABLE=0 -c -I../Core/Inc -I../Drivers/STM32F0xx_HAL_Driver/Inc -I../Drivers/CMSIS/Device/ST/STM32F0xx/Include -I../Drivers/CMSIS/Include -O0 -ffunction-sections -fdata-sections -Wall -fstack-usage -fcyclomatic-complexity -MMD -MP -MF"Core/Src/main.d" -MT"Core/Src/main.o" --specs=nano.specs -mfloat-abi=soft -mthumb -o "Core/Src/main.o"
arm-none-eabi-gcc -o "alfred_ultrasonic_hedghog.elf" @"objects.list"   -mcpu=cortex-m0 -T"C:\Users\Alfred\STM32CubeIDE\workspace_1.19.0\alfred_ultrasonic_hedghog\STM32F030F4PX_FLASH.ld" --specs=nosys.specs -Wl,-Map="alfred_ultrasonic_hedghog.map" -Wl,--gc-sections -static --specs=nano.specs -mfloat-abi=soft -mthumb -Wl,--start-group -lc -lm -Wl,--end-group
Finished building target: alfred_ultrasonic_hedghog.elf
 
arm-none-eabi-size  alfred_ultrasonic_hedghog.elf 
arm-none-eabi-objdump -h -S alfred_ultrasonic_hedghog.elf  > "alfred_ultrasonic_hedghog.list"
   text	   data	    bss	    dec	    hex	filename
   4532	      4	   1596	   6132	   17f4	alfred_ultrasonic_hedghog.elf
Finished building: default.size.stdout
 
Finished building: alfred_ultrasonic_hedghog.list
 
14:32:29 **** Incremental Build of configuration Debug for project alfred_ultrasonic_hedghog ****
make -j12 all 
arm-none-eabi-gcc "../Core/Src/main.c" -mcpu=cortex-m0 -std=gnu11 -g3 -DDEBUG -DSTM32F030x6 -DUSE_FULL_LL_DRIVER -DHSE_VALUE=8000000 -DHSE_STARTUP_TIMEOUT=100 -DLSE_STARTUP_TIMEOUT=5000 -DLSE_VALUE=32768 -DHSI_VALUE=8000000 -DLSI_VALUE=40000 -DVDD_VALUE=3300 -DPREFETCH_ENABLE=1 -DINSTRUCTION_CACHE_ENABLE=0 -DDATA_CACHE_ENABLE=0 -c -I../Core/Inc -I../Drivers/STM32F0xx_HAL_Driver/Inc -I../Drivers/CMSIS/Device/ST/STM32F0xx/Include -I../Drivers/CMSIS/Include -O0 -ffunction-sections -fdata-sections -Wall -fstack-usage -fcyclomatic-complexity -MMD -MP -MF"Core/Src/main.d" -MT"Core/Src/main.o" --specs=nano.specs -mfloat-abi=soft -mthumb -o "Core/Src/main.o"
arm-none-eabi-gcc -o "alfred_ultrasonic_hedghog.elf" @"objects.list"   -mcpu=cortex-m0 -T"C:\Users\Alfred\STM32CubeIDE\workspace_1.19.0\alfred_ultrasonic_hedghog\STM32F030F4PX_FLASH.ld" --specs=nosys.specs -Wl,-Map="alfred_ultrasonic_hedghog.map" -Wl,--gc-sections -static --specs=nano.specs -mfloat-abi=soft -mthumb -Wl,--start-group -lc -lm -Wl,--end-group
Finished building target: alfred_ultrasonic_hedghog.elf
 
arm-none-eabi-size  alfred_ultrasonic_hedghog.elf 
arm-none-eabi-objdump -h -S alfred_ultrasonic_hedghog.elf  > "alfred_ultrasonic_hedghog.list"
   text	   data	    bss	    dec	    hex	filename
   4528	      4	   1596	   6128	   17f0	alfred_ultrasonic_hedghog.elf
Finished building: default.size.stdout
 
Finished building: alfred_ultrasonic_hedghog.list
 
14:58:38 **** Incremental Build of configuration Debug for project alfred_ultrasonic_hedghog ****
make -j12 all 
arm-none-eabi-size  alfred_ultrasonic_hedghog.elf 
   text	   data	    bss	    dec	    hex	filename
   4528	      4	   1596	   6128	   17f0	alfred_ultrasonic_hedghog.elf
Finished building: default.size.stdout
 
15:02:25 **** Incremental Build of configuration Debug for project alfred_ultrasonic_hedghog ****
make -j12 all 
arm-none-eabi-gcc "../Core/Src/main.c" -mcpu=cortex-m0 -std=gnu11 -g3 -DDEBUG -DSTM32F030x6 -DUSE_FULL_LL_DRIVER -DHSE_VALUE=8000000 -DHSE_STARTUP_TIMEOUT=100 -DLSE_STARTUP_TIMEOUT=5000 -DLSE_VALUE=32768 -DHSI_VALUE=8000000 -DLSI_VALUE=40000 -DVDD_VALUE=3300 -DPREFETCH_ENABLE=1 -DINSTRUCTION_CACHE_ENABLE=0 -DDATA_CACHE_ENABLE=0 -c -I../Core/Inc -I../Drivers/STM32F0xx_HAL_Driver/Inc -I../Drivers/CMSIS/Device/ST/STM32F0xx/Include -I../Drivers/CMSIS/Include -O0 -ffunction-sections -fdata-sections -Wall -fstack-usage -fcyclomatic-complexity -MMD -MP -MF"Core/Src/main.d" -MT"Core/Src/main.o" --specs=nano.specs -mfloat-abi=soft -mthumb -o "Core/Src/main.o"
arm-none-eabi-gcc -o "alfred_ultrasonic_hedghog.elf" @"objects.list"   -mcpu=cortex-m0 -T"C:\Users\Alfred\STM32CubeIDE\workspace_1.19.0\alfred_ultrasonic_hedghog\STM32F030F4PX_FLASH.ld" --specs=nosys.specs -Wl,-Map="alfred_ultrasonic_hedghog.map" -Wl,--gc-sections -static --specs=nano.specs -mfloat-abi=soft -mthumb -Wl,--start-group -lc -lm -Wl,--end-group
Finished building target: alfred_ultrasonic_hedghog.elf
 
arm-none-eabi-size  alfred_ultrasonic_hedghog.elf 
arm-none-eabi-objdump -h -S alfred_ultrasonic_hedghog.elf  > "alfred_ultrasonic_hedghog.list"
   text	   data	    bss	    dec	    hex	filename
   4516	      4	   1596	   6116	   17e4	alfred_ultrasonic_hedghog.elf
Finished building: default.size.stdout
 
Finished building: alfred_ultrasonic_hedghog.list
 
15:03:33 **** Incremental Build of configuration Debug for project alfred_ultrasonic_hedghog ****
make -j12 all 
arm-none-eabi-gcc "../Core/Src/main.c" -mcpu=cortex-m0 -std=gnu11 -g3 -DDEBUG -DSTM32F030x6 -DUSE_FULL_LL_DRIVER -DHSE_VALUE=8000000 -DHSE_STARTUP_TIMEOUT=100 -DLSE_STARTUP_TIMEOUT=5000 -DLSE_VALUE=32768 -DHSI_VALUE=8000000 -DLSI_VALUE=40000 -DVDD_VALUE=3300 -DPREFETCH_ENABLE=1 -DINSTRUCTION_CACHE_ENABLE=0 -DDATA_CACHE_ENABLE=0 -c -I../Core/Inc -I../Drivers/STM32F0xx_HAL_Driver/Inc -I../Drivers/CMSIS/Device/ST/STM32F0xx/Include -I../Drivers/CMSIS/Include -O0 -ffunction-sections -fdata-sections -Wall -fstack-usage -fcyclomatic-complexity -MMD -MP -MF"Core/Src/main.d" -MT"Core/Src/main.o" --specs=nano.specs -mfloat-abi=soft -mthumb -o "Core/Src/main.o"
arm-none-eabi-gcc -o "alfred_ultrasonic_hedghog.elf" @"objects.list"   -mcpu=cortex-m0 -T"C:\Users\Alfred\STM32CubeIDE\workspace_1.19.0\alfred_ultrasonic_hedghog\STM32F030F4PX_FLASH.ld" --specs=nosys.specs -Wl,-Map="alfred_ultrasonic_hedghog.map" -Wl,--gc-sections -static --specs=nano.specs -mfloat-abi=soft -mthumb -Wl,--start-group -lc -lm -Wl,--end-group
Finished building target: alfred_ultrasonic_hedghog.elf
 
arm-none-eabi-size  alfred_ultrasonic_hedghog.elf 
arm-none-eabi-objdump -h -S alfred_ultrasonic_hedghog.elf  > "alfred_ultrasonic_hedghog.list"
   text	   data	    bss	    dec	    hex	filename
   4516	      4	   1596	   6116	   17e4	alfred_ultrasonic_hedghog.elf
Finished building: default.size.stdout
 
Finished building: alfred_ultrasonic_hedghog.list
 
15:06:40 **** Incremental Build of configuration Debug for project alfred_ultrasonic_hedghog ****
make -j12 all 
arm-none-eabi-gcc "../Core/Src/main.c" -mcpu=cortex-m0 -std=gnu11 -g3 -DDEBUG -DSTM32F030x6 -DUSE_FULL_LL_DRIVER -DHSE_VALUE=8000000 -DHSE_STARTUP_TIMEOUT=100 -DLSE_STARTUP_TIMEOUT=5000 -DLSE_VALUE=32768 -DHSI_VALUE=8000000 -DLSI_VALUE=40000 -DVDD_VALUE=3300 -DPREFETCH_ENABLE=1 -DINSTRUCTION_CACHE_ENABLE=0 -DDATA_CACHE_ENABLE=0 -c -I../Core/Inc -I../Drivers/STM32F0xx_HAL_Driver/Inc -I../Drivers/CMSIS/Device/ST/STM32F0xx/Include -I../Drivers/CMSIS/Include -O0 -ffunction-sections -fdata-sections -Wall -fstack-usage -fcyclomatic-complexity -MMD -MP -MF"Core/Src/main.d" -MT"Core/Src/main.o" --specs=nano.specs -mfloat-abi=soft -mthumb -o "Core/Src/main.o"
arm-none-eabi-gcc -o "alfred_ultrasonic_hedghog.elf" @"objects.list"   -mcpu=cortex-m0 -T"C:\Users\Alfred\STM32CubeIDE\workspace_1.19.0\alfred_ultrasonic_hedghog\STM32F030F4PX_FLASH.ld" --specs=nosys.specs -Wl,-Map="alfred_ultrasonic_hedghog.map" -Wl,--gc-sections -static --specs=nano.specs -mfloat-abi=soft -mthumb -Wl,--start-group -lc -lm -Wl,--end-group
Finished building target: alfred_ultrasonic_hedghog.elf
 
arm-none-eabi-size  alfred_ultrasonic_hedghog.elf 
arm-none-eabi-objdump -h -S alfred_ultrasonic_hedghog.elf  > "alfred_ultrasonic_hedghog.list"
   text	   data	    bss	    dec	    hex	filename
   4520	      4	   1596	   6120	   17e8	alfred_ultrasonic_hedghog.elf
Finished building: default.size.stdout
 
Finished building: alfred_ultrasonic_hedghog.list
 
15:37:12 **** Incremental Build of configuration Debug for project alfred_ultrasonic_hedghog ****
make -j12 all 
arm-none-eabi-gcc "../Core/Src/main.c" -mcpu=cortex-m0 -std=gnu11 -g3 -DDEBUG -DSTM32F030x6 -DUSE_FULL_LL_DRIVER -DHSE_VALUE=8000000 -DHSE_STARTUP_TIMEOUT=100 -DLSE_STARTUP_TIMEOUT=5000 -DLSE_VALUE=32768 -DHSI_VALUE=8000000 -DLSI_VALUE=40000 -DVDD_VALUE=3300 -DPREFETCH_ENABLE=1 -DINSTRUCTION_CACHE_ENABLE=0 -DDATA_CACHE_ENABLE=0 -c -I../Core/Inc -I../Drivers/STM32F0xx_HAL_Driver/Inc -I../Drivers/CMSIS/Device/ST/STM32F0xx/Include -I../Drivers/CMSIS/Include -O0 -ffunction-sections -fdata-sections -Wall -fstack-usage -fcyclomatic-complexity -MMD -MP -MF"Core/Src/main.d" -MT"Core/Src/main.o" --specs=nano.specs -mfloat-abi=soft -mthumb -o "Core/Src/main.o"
arm-none-eabi-gcc -o "alfred_ultrasonic_hedghog.elf" @"objects.list"   -mcpu=cortex-m0 -T"C:\Users\Alfred\STM32CubeIDE\workspace_1.19.0\alfred_ultrasonic_hedghog\STM32F030F4PX_FLASH.ld" --specs=nosys.specs -Wl,-Map="alfred_ultrasonic_hedghog.map" -Wl,--gc-sections -static --specs=nano.specs -mfloat-abi=soft -mthumb -Wl,--start-group -lc -lm -Wl,--end-group
Finished building target: alfred_ultrasonic_hedghog.elf
 
arm-none-eabi-size  alfred_ultrasonic_hedghog.elf 
arm-none-eabi-objdump -h -S alfred_ultrasonic_hedghog.elf  > "alfred_ultrasonic_hedghog.list"
   text	   data	    bss	    dec	    hex	filename
   4448	      4	   1596	   6048	   17a0	alfred_ultrasonic_hedghog.elf
Finished building: default.size.stdout
 
Finished building: alfred_ultrasonic_hedghog.list
 
15:38:06 **** Incremental Build of configuration Debug for project alfred_ultrasonic_hedghog ****
make -j12 all 
arm-none-eabi-gcc "../Core/Src/main.c" -mcpu=cortex-m0 -std=gnu11 -g3 -DDEBUG -DSTM32F030x6 -DUSE_FULL_LL_DRIVER -DHSE_VALUE=8000000 -DHSE_STARTUP_TIMEOUT=100 -DLSE_STARTUP_TIMEOUT=5000 -DLSE_VALUE=32768 -DHSI_VALUE=8000000 -DLSI_VALUE=40000 -DVDD_VALUE=3300 -DPREFETCH_ENABLE=1 -DINSTRUCTION_CACHE_ENABLE=0 -DDATA_CACHE_ENABLE=0 -c -I../Core/Inc -I../Drivers/STM32F0xx_HAL_Driver/Inc -I../Drivers/CMSIS/Device/ST/STM32F0xx/Include -I../Drivers/CMSIS/Include -O0 -ffunction-sections -fdata-sections -Wall -fstack-usage -fcyclomatic-complexity -MMD -MP -MF"Core/Src/main.d" -MT"Core/Src/main.o" --specs=nano.specs -mfloat-abi=soft -mthumb -o "Core/Src/main.o"
arm-none-eabi-gcc -o "alfred_ultrasonic_hedghog.elf" @"objects.list"   -mcpu=cortex-m0 -T"C:\Users\Alfred\STM32CubeIDE\workspace_1.19.0\alfred_ultrasonic_hedghog\STM32F030F4PX_FLASH.ld" --specs=nosys.specs -Wl,-Map="alfred_ultrasonic_hedghog.map" -Wl,--gc-sections -static --specs=nano.specs -mfloat-abi=soft -mthumb -Wl,--start-group -lc -lm -Wl,--end-group
Finished building target: alfred_ultrasonic_hedghog.elf
 
arm-none-eabi-size  alfred_ultrasonic_hedghog.elf 
arm-none-eabi-objdump -h -S alfred_ultrasonic_hedghog.elf  > "alfred_ultrasonic_hedghog.list"
   text	   data	    bss	    dec	    hex	filename
   4444	      4	   1596	   6044	   179c	alfred_ultrasonic_hedghog.elf
Finished building: default.size.stdout
 
Finished building: alfred_ultrasonic_hedghog.list
 
15:40:10 **** Incremental Build of configuration Debug for project alfred_ultrasonic_hedghog ****
make -j12 all 
arm-none-eabi-gcc "../Core/Src/main.c" -mcpu=cortex-m0 -std=gnu11 -g3 -DDEBUG -DSTM32F030x6 -DUSE_FULL_LL_DRIVER -DHSE_VALUE=8000000 -DHSE_STARTUP_TIMEOUT=100 -DLSE_STARTUP_TIMEOUT=5000 -DLSE_VALUE=32768 -DHSI_VALUE=8000000 -DLSI_VALUE=40000 -DVDD_VALUE=3300 -DPREFETCH_ENABLE=1 -DINSTRUCTION_CACHE_ENABLE=0 -DDATA_CACHE_ENABLE=0 -c -I../Core/Inc -I../Drivers/STM32F0xx_HAL_Driver/Inc -I../Drivers/CMSIS/Device/ST/STM32F0xx/Include -I../Drivers/CMSIS/Include -O0 -ffunction-sections -fdata-sections -Wall -fstack-usage -fcyclomatic-complexity -MMD -MP -MF"Core/Src/main.d" -MT"Core/Src/main.o" --specs=nano.specs -mfloat-abi=soft -mthumb -o "Core/Src/main.o"
arm-none-eabi-gcc -o "alfred_ultrasonic_hedghog.elf" @"objects.list"   -mcpu=cortex-m0 -T"C:\Users\Alfred\STM32CubeIDE\workspace_1.19.0\alfred_ultrasonic_hedghog\STM32F030F4PX_FLASH.ld" --specs=nosys.specs -Wl,-Map="alfred_ultrasonic_hedghog.map" -Wl,--gc-sections -static --specs=nano.specs -mfloat-abi=soft -mthumb -Wl,--start-group -lc -lm -Wl,--end-group
Finished building target: alfred_ultrasonic_hedghog.elf
 
arm-none-eabi-size  alfred_ultrasonic_hedghog.elf 
arm-none-eabi-objdump -h -S alfred_ultrasonic_hedghog.elf  > "alfred_ultrasonic_hedghog.list"
   text	   data	    bss	    dec	    hex	filename
   4444	      4	   1596	   6044	   179c	alfred_ultrasonic_hedghog.elf
Finished building: default.size.stdout
 
Finished building: alfred_ultrasonic_hedghog.list
 
15:41:33 **** Incremental Build of configuration Debug for project alfred_ultrasonic_hedghog ****
make -j12 all 
arm-none-eabi-gcc "../Core/Src/main.c" -mcpu=cortex-m0 -std=gnu11 -g3 -DDEBUG -DSTM32F030x6 -DUSE_FULL_LL_DRIVER -DHSE_VALUE=8000000 -DHSE_STARTUP_TIMEOUT=100 -DLSE_STARTUP_TIMEOUT=5000 -DLSE_VALUE=32768 -DHSI_VALUE=8000000 -DLSI_VALUE=40000 -DVDD_VALUE=3300 -DPREFETCH_ENABLE=1 -DINSTRUCTION_CACHE_ENABLE=0 -DDATA_CACHE_ENABLE=0 -c -I../Core/Inc -I../Drivers/STM32F0xx_HAL_Driver/Inc -I../Drivers/CMSIS/Device/ST/STM32F0xx/Include -I../Drivers/CMSIS/Include -O0 -ffunction-sections -fdata-sections -Wall -fstack-usage -fcyclomatic-complexity -MMD -MP -MF"Core/Src/main.d" -MT"Core/Src/main.o" --specs=nano.specs -mfloat-abi=soft -mthumb -o "Core/Src/main.o"
../Core/Src/main.c: In function 'TIM3_IRQHandler':
../Core/Src/main.c:8:31: error: expected ')' before numeric constant
    8 | #define DIST_MIN_CM         2 0
      |                               ^
../Core/Src/main.c:24:48: note: in expansion of macro 'DIST_MIN_CM'
   24 | #define DIST_MIN_TICKS      (TICKS_PER_METRE * DIST_MIN_CM / 100UL)
      |                                                ^~~~~~~~~~~
../Core/Src/main.c:182:16: note: in expansion of macro 'DIST_MIN_TICKS'
  182 |     if (tof >= DIST_MIN_TICKS && tof <= DIST_MAX_TICKS)
      |                ^~~~~~~~~~~~~~
../Core/Src/main.c:24:29: note: to match this '('
   24 | #define DIST_MIN_TICKS      (TICKS_PER_METRE * DIST_MIN_CM / 100UL)
      |                             ^
../Core/Src/main.c:182:16: note: in expansion of macro 'DIST_MIN_TICKS'
  182 |     if (tof >= DIST_MIN_TICKS && tof <= DIST_MAX_TICKS)
      |                ^~~~~~~~~~~~~~
make: *** [Core/Src/subdir.mk:31: Core/Src/main.o] Error 1
"make -j12 all" terminated with exit code 2. Build might be incomplete.
15:41:41 **** Incremental Build of configuration Debug for project alfred_ultrasonic_hedghog ****
make -j12 all 
arm-none-eabi-gcc "../Core/Src/main.c" -mcpu=cortex-m0 -std=gnu11 -g3 -DDEBUG -DSTM32F030x6 -DUSE_FULL_LL_DRIVER -DHSE_VALUE=8000000 -DHSE_STARTUP_TIMEOUT=100 -DLSE_STARTUP_TIMEOUT=5000 -DLSE_VALUE=32768 -DHSI_VALUE=8000000 -DLSI_VALUE=40000 -DVDD_VALUE=3300 -DPREFETCH_ENABLE=1 -DINSTRUCTION_CACHE_ENABLE=0 -DDATA_CACHE_ENABLE=0 -c -I../Core/Inc -I../Drivers/STM32F0xx_HAL_Driver/Inc -I../Drivers/CMSIS/Device/ST/STM32F0xx/Include -I../Drivers/CMSIS/Include -O0 -ffunction-sections -fdata-sections -Wall -fstack-usage -fcyclomatic-complexity -MMD -MP -MF"Core/Src/main.d" -MT"Core/Src/main.o" --specs=nano.specs -mfloat-abi=soft -mthumb -o "Core/Src/main.o"
arm-none-eabi-gcc -o "alfred_ultrasonic_hedghog.elf" @"objects.list"   -mcpu=cortex-m0 -T"C:\Users\Alfred\STM32CubeIDE\workspace_1.19.0\alfred_ultrasonic_hedghog\STM32F030F4PX_FLASH.ld" --specs=nosys.specs -Wl,-Map="alfred_ultrasonic_hedghog.map" -Wl,--gc-sections -static --specs=nano.specs -mfloat-abi=soft -mthumb -Wl,--start-group -lc -lm -Wl,--end-group
Finished building target: alfred_ultrasonic_hedghog.elf
 
arm-none-eabi-size  alfred_ultrasonic_hedghog.elf 
arm-none-eabi-objdump -h -S alfred_ultrasonic_hedghog.elf  > "alfred_ultrasonic_hedghog.list"
   text	   data	    bss	    dec	    hex	filename
   4444	      4	   1596	   6044	   179c	alfred_ultrasonic_hedghog.elf
Finished building: default.size.stdout
 
Finished building: alfred_ultrasonic_hedghog.list
 
15:42:41 **** Incremental Build of configuration Debug for project alfred_ultrasonic_hedghog ****
make -j12 all 
arm-none-eabi-gcc "../Core/Src/main.c" -mcpu=cortex-m0 -std=gnu11 -g3 -DDEBUG -DSTM32F030x6 -DUSE_FULL_LL_DRIVER -DHSE_VALUE=8000000 -DHSE_STARTUP_TIMEOUT=100 -DLSE_STARTUP_TIMEOUT=5000 -DLSE_VALUE=32768 -DHSI_VALUE=8000000 -DLSI_VALUE=40000 -DVDD_VALUE=3300 -DPREFETCH_ENABLE=1 -DINSTRUCTION_CACHE_ENABLE=0 -DDATA_CACHE_ENABLE=0 -c -I../Core/Inc -I../Drivers/STM32F0xx_HAL_Driver/Inc -I../Drivers/CMSIS/Device/ST/STM32F0xx/Include -I../Drivers/CMSIS/Include -O0 -ffunction-sections -fdata-sections -Wall -fstack-usage -fcyclomatic-complexity -MMD -MP -MF"Core/Src/main.d" -MT"Core/Src/main.o" --specs=nano.specs -mfloat-abi=soft -mthumb -o "Core/Src/main.o"
arm-none-eabi-gcc -o "alfred_ultrasonic_hedghog.elf" @"objects.list"   -mcpu=cortex-m0 -T"C:\Users\Alfred\STM32CubeIDE\workspace_1.19.0\alfred_ultrasonic_hedghog\STM32F030F4PX_FLASH.ld" --specs=nosys.specs -Wl,-Map="alfred_ultrasonic_hedghog.map" -Wl,--gc-sections -static --specs=nano.specs -mfloat-abi=soft -mthumb -Wl,--start-group -lc -lm -Wl,--end-group
Finished building target: alfred_ultrasonic_hedghog.elf
 
arm-none-eabi-size  alfred_ultrasonic_hedghog.elf 
arm-none-eabi-objdump -h -S alfred_ultrasonic_hedghog.elf  > "alfred_ultrasonic_hedghog.list"
   text	   data	    bss	    dec	    hex	filename
   4444	      4	   1596	   6044	   179c	alfred_ultrasonic_hedghog.elf
Finished building: default.size.stdout
 
Finished building: alfred_ultrasonic_hedghog.list
 
15:43:07 **** Incremental Build of configuration Debug for project alfred_ultrasonic_hedghog ****
make -j12 all 
arm-none-eabi-size  alfred_ultrasonic_hedghog.elf 
   text	   data	    bss	    dec	    hex	filename
   4444	      4	   1596	   6044	   179c	alfred_ultrasonic_hedghog.elf
Finished building: default.size.stdout
 
16:47:37 **** Incremental Build of configuration Debug for project alfred_ultrasonic_hedghog ****
make -j12 all 
arm-none-eabi-gcc "../Core/Src/main.c" -mcpu=cortex-m0 -std=gnu11 -g3 -DDEBUG -DSTM32F030x6 -DUSE_FULL_LL_DRIVER -DHSE_VALUE=8000000 -DHSE_STARTUP_TIMEOUT=100 -DLSE_STARTUP_TIMEOUT=5000 -DLSE_VALUE=32768 -DHSI_VALUE=8000000 -DLSI_VALUE=40000 -DVDD_VALUE=3300 -DPREFETCH_ENABLE=1 -DINSTRUCTION_CACHE_ENABLE=0 -DDATA_CACHE_ENABLE=0 -c -I../Core/Inc -I../Drivers/STM32F0xx_HAL_Driver/Inc -I../Drivers/CMSIS/Device/ST/STM32F0xx/Include -I../Drivers/CMSIS/Include -O0 -ffunction-sections -fdata-sections -Wall -fstack-usage -fcyclomatic-complexity -MMD -MP -MF"Core/Src/main.d" -MT"Core/Src/main.o" --specs=nano.specs -mfloat-abi=soft -mthumb -o "Core/Src/main.o"
../Core/Src/main.c: In function 'TIM3_IRQHandler':
../Core/Src/main.c:8:226: error: expected ')' before numeric constant
    8 | #define DIST_MIN_CM         1                                                                                                                                                                                                    0
      |                                                                                                                                                                                                                                  ^
../Core/Src/main.c:24:48: note: in expansion of macro 'DIST_MIN_CM'
   24 | #define DIST_MIN_TICKS      (TICKS_PER_METRE * DIST_MIN_CM / 100UL)
      |                                                ^~~~~~~~~~~
../Core/Src/main.c:182:16: note: in expansion of macro 'DIST_MIN_TICKS'
  182 |     if (tof >= DIST_MIN_TICKS && tof <= DIST_MAX_TICKS)
      |                ^~~~~~~~~~~~~~
../Core/Src/main.c:24:29: note: to match this '('
   24 | #define DIST_MIN_TICKS      (TICKS_PER_METRE * DIST_MIN_CM / 100UL)
      |                             ^
../Core/Src/main.c:182:16: note: in expansion of macro 'DIST_MIN_TICKS'
  182 |     if (tof >= DIST_MIN_TICKS && tof <= DIST_MAX_TICKS)
      |                ^~~~~~~~~~~~~~
make: *** [Core/Src/subdir.mk:31: Core/Src/main.o] Error 1
"make -j12 all" terminated with exit code 2. Build might be incomplete.
16:47:46 **** Incremental Build of configuration Debug for project alfred_ultrasonic_hedghog ****
make -j12 all 
arm-none-eabi-gcc "../Core/Src/main.c" -mcpu=cortex-m0 -std=gnu11 -g3 -DDEBUG -DSTM32F030x6 -DUSE_FULL_LL_DRIVER -DHSE_VALUE=8000000 -DHSE_STARTUP_TIMEOUT=100 -DLSE_STARTUP_TIMEOUT=5000 -DLSE_VALUE=32768 -DHSI_VALUE=8000000 -DLSI_VALUE=40000 -DVDD_VALUE=3300 -DPREFETCH_ENABLE=1 -DINSTRUCTION_CACHE_ENABLE=0 -DDATA_CACHE_ENABLE=0 -c -I../Core/Inc -I../Drivers/STM32F0xx_HAL_Driver/Inc -I../Drivers/CMSIS/Device/ST/STM32F0xx/Include -I../Drivers/CMSIS/Include -O0 -ffunction-sections -fdata-sections -Wall -fstack-usage -fcyclomatic-complexity -MMD -MP -MF"Core/Src/main.d" -MT"Core/Src/main.o" --specs=nano.specs -mfloat-abi=soft -mthumb -o "Core/Src/main.o"
../Core/Src/main.c: In function 'TIM3_IRQHandler':
../Core/Src/main.c:8:226: error: expected ')' before numeric constant
    8 | #define DIST_MIN_CM         1                                                                                                                                                                                                    0
      |                                                                                                                                                                                                                                  ^
../Core/Src/main.c:24:48: note: in expansion of macro 'DIST_MIN_CM'
   24 | #define DIST_MIN_TICKS      (TICKS_PER_METRE * DIST_MIN_CM / 100UL)
      |                                                ^~~~~~~~~~~
../Core/Src/main.c:182:16: note: in expansion of macro 'DIST_MIN_TICKS'
  182 |     if (tof >= DIST_MIN_TICKS && tof <= DIST_MAX_TICKS)
      |                ^~~~~~~~~~~~~~
../Core/Src/main.c:24:29: note: to match this '('
   24 | #define DIST_MIN_TICKS      (TICKS_PER_METRE * DIST_MIN_CM / 100UL)
      |                             ^
../Core/Src/main.c:182:16: note: in expansion of macro 'DIST_MIN_TICKS'
  182 |     if (tof >= DIST_MIN_TICKS && tof <= DIST_MAX_TICKS)
      |                ^~~~~~~~~~~~~~
make: *** [Core/Src/subdir.mk:31: Core/Src/main.o] Error 1
"make -j12 all" terminated with exit code 2. Build might be incomplete.
16:50:19 **** Incremental Build of configuration Debug for project alfred_ultrasonic_hedghog ****
make -j12 all 
arm-none-eabi-gcc "../Core/Src/main.c" -mcpu=cortex-m0 -std=gnu11 -g3 -DDEBUG -DSTM32F030x6 -DUSE_FULL_LL_DRIVER -DHSE_VALUE=8000000 -DHSE_STARTUP_TIMEOUT=100 -DLSE_STARTUP_TIMEOUT=5000 -DLSE_VALUE=32768 -DHSI_VALUE=8000000 -DLSI_VALUE=40000 -DVDD_VALUE=3300 -DPREFETCH_ENABLE=1 -DINSTRUCTION_CACHE_ENABLE=0 -DDATA_CACHE_ENABLE=0 -c -I../Core/Inc -I../Drivers/STM32F0xx_HAL_Driver/Inc -I../Drivers/CMSIS/Device/ST/STM32F0xx/Include -I../Drivers/CMSIS/Include -O0 -ffunction-sections -fdata-sections -Wall -fstack-usage -fcyclomatic-complexity -MMD -MP -MF"Core/Src/main.d" -MT"Core/Src/main.o" --specs=nano.specs -mfloat-abi=soft -mthumb -o "Core/Src/main.o"
arm-none-eabi-gcc -o "alfred_ultrasonic_hedghog.elf" @"objects.list"   -mcpu=cortex-m0 -T"C:\Users\Alfred\STM32CubeIDE\workspace_1.19.0\alfred_ultrasonic_hedghog\STM32F030F4PX_FLASH.ld" --specs=nosys.specs -Wl,-Map="alfred_ultrasonic_hedghog.map" -Wl,--gc-sections -static --specs=nano.specs -mfloat-abi=soft -mthumb -Wl,--start-group -lc -lm -Wl,--end-group
Finished building target: alfred_ultrasonic_hedghog.elf
 
arm-none-eabi-size  alfred_ultrasonic_hedghog.elf 
arm-none-eabi-objdump -h -S alfred_ultrasonic_hedghog.elf  > "alfred_ultrasonic_hedghog.list"
   text	   data	    bss	    dec	    hex	filename
   4452	      4	   1596	   6052	   17a4	alfred_ultrasonic_hedghog.elf
Finished building: default.size.stdout
 
Finished building: alfred_ultrasonic_hedghog.list
 
16:51:22 **** Incremental Build of configuration Debug for project alfred_ultrasonic_hedghog ****
make -j12 all 
arm-none-eabi-gcc "../Core/Src/main.c" -mcpu=cortex-m0 -std=gnu11 -g3 -DDEBUG -DSTM32F030x6 -DUSE_FULL_LL_DRIVER -DHSE_VALUE=8000000 -DHSE_STARTUP_TIMEOUT=100 -DLSE_STARTUP_TIMEOUT=5000 -DLSE_VALUE=32768 -DHSI_VALUE=8000000 -DLSI_VALUE=40000 -DVDD_VALUE=3300 -DPREFETCH_ENABLE=1 -DINSTRUCTION_CACHE_ENABLE=0 -DDATA_CACHE_ENABLE=0 -c -I../Core/Inc -I../Drivers/STM32F0xx_HAL_Driver/Inc -I../Drivers/CMSIS/Device/ST/STM32F0xx/Include -I../Drivers/CMSIS/Include -O0 -ffunction-sections -fdata-sections -Wall -fstack-usage -fcyclomatic-complexity -MMD -MP -MF"Core/Src/main.d" -MT"Core/Src/main.o" --specs=nano.specs -mfloat-abi=soft -mthumb -o "Core/Src/main.o"
arm-none-eabi-gcc -o "alfred_ultrasonic_hedghog.elf" @"objects.list"   -mcpu=cortex-m0 -T"C:\Users\Alfred\STM32CubeIDE\workspace_1.19.0\alfred_ultrasonic_hedghog\STM32F030F4PX_FLASH.ld" --specs=nosys.specs -Wl,-Map="alfred_ultrasonic_hedghog.map" -Wl,--gc-sections -static --specs=nano.specs -mfloat-abi=soft -mthumb -Wl,--start-group -lc -lm -Wl,--end-group
Finished building target: alfred_ultrasonic_hedghog.elf
 
arm-none-eabi-size  alfred_ultrasonic_hedghog.elf 
arm-none-eabi-objdump -h -S alfred_ultrasonic_hedghog.elf  > "alfred_ultrasonic_hedghog.list"
   text	   data	    bss	    dec	    hex	filename
   4460	      4	   1596	   6060	   17ac	alfred_ultrasonic_hedghog.elf
Finished building: default.size.stdout
 
Finished building: alfred_ultrasonic_hedghog.list
 
16:51:51 **** Incremental Build of configuration Debug for project alfred_ultrasonic_hedghog ****
make -j12 all 
arm-none-eabi-size  alfred_ultrasonic_hedghog.elf 
   text	   data	    bss	    dec	    hex	filename
   4460	      4	   1596	   6060	   17ac	alfred_ultrasonic_hedghog.elf
Finished building: default.size.stdout
 
16:52:28 **** Incremental Build of configuration Debug for project alfred_ultrasonic_hedghog ****
make -j12 all 
arm-none-eabi-gcc "../Core/Src/main.c" -mcpu=cortex-m0 -std=gnu11 -g3 -DDEBUG -DSTM32F030x6 -DUSE_FULL_LL_DRIVER -DHSE_VALUE=8000000 -DHSE_STARTUP_TIMEOUT=100 -DLSE_STARTUP_TIMEOUT=5000 -DLSE_VALUE=32768 -DHSI_VALUE=8000000 -DLSI_VALUE=40000 -DVDD_VALUE=3300 -DPREFETCH_ENABLE=1 -DINSTRUCTION_CACHE_ENABLE=0 -DDATA_CACHE_ENABLE=0 -c -I../Core/Inc -I../Drivers/STM32F0xx_HAL_Driver/Inc -I../Drivers/CMSIS/Device/ST/STM32F0xx/Include -I../Drivers/CMSIS/Include -O0 -ffunction-sections -fdata-sections -Wall -fstack-usage -fcyclomatic-complexity -MMD -MP -MF"Core/Src/main.d" -MT"Core/Src/main.o" --specs=nano.specs -mfloat-abi=soft -mthumb -o "Core/Src/main.o"
../Core/Src/main.c: In function 'TIM3_IRQHandler':
../Core/Src/main.c:8:226: error: expected ')' before numeric constant
    8 | #define DIST_MIN_CM         1                                                                                                                                                                                                    0
      |                                                                                                                                                                                                                                  ^
../Core/Src/main.c:24:48: note: in expansion of macro 'DIST_MIN_CM'
   24 | #define DIST_MIN_TICKS      (TICKS_PER_METRE * DIST_MIN_CM / 100UL)
      |                                                ^~~~~~~~~~~
../Core/Src/main.c:182:16: note: in expansion of macro 'DIST_MIN_TICKS'
  182 |     if (tof >= DIST_MIN_TICKS && tof <= DIST_MAX_TICKS)
      |                ^~~~~~~~~~~~~~
../Core/Src/main.c:24:29: note: to match this '('
   24 | #define DIST_MIN_TICKS      (TICKS_PER_METRE * DIST_MIN_CM / 100UL)
      |                             ^
../Core/Src/main.c:182:16: note: in expansion of macro 'DIST_MIN_TICKS'
  182 |     if (tof >= DIST_MIN_TICKS && tof <= DIST_MAX_TICKS)
      |                ^~~~~~~~~~~~~~
make: *** [Core/Src/subdir.mk:31: Core/Src/main.o] Error 1
"make -j12 all" terminated with exit code 2. Build might be incomplete.
16:52:51 **** Incremental Build of configuration Debug for project alfred_ultrasonic_hedghog ****
make -j12 all 
arm-none-eabi-gcc "../Core/Src/main.c" -mcpu=cortex-m0 -std=gnu11 -g3 -DDEBUG -DSTM32F030x6 -DUSE_FULL_LL_DRIVER -DHSE_VALUE=8000000 -DHSE_STARTUP_TIMEOUT=100 -DLSE_STARTUP_TIMEOUT=5000 -DLSE_VALUE=32768 -DHSI_VALUE=8000000 -DLSI_VALUE=40000 -DVDD_VALUE=3300 -DPREFETCH_ENABLE=1 -DINSTRUCTION_CACHE_ENABLE=0 -DDATA_CACHE_ENABLE=0 -c -I../Core/Inc -I../Drivers/STM32F0xx_HAL_Driver/Inc -I../Drivers/CMSIS/Device/ST/STM32F0xx/Include -I../Drivers/CMSIS/Include -O0 -ffunction-sections -fdata-sections -Wall -fstack-usage -fcyclomatic-complexity -MMD -MP -MF"Core/Src/main.d" -MT"Core/Src/main.o" --specs=nano.specs -mfloat-abi=soft -mthumb -o "Core/Src/main.o"
../Core/Src/main.c: In function 'TIM3_IRQHandler':
../Core/Src/main.c:8:227: error: expected ')' before numeric constant
    8 | #define DIST_MIN_CM         10                                                                                                                                                                                                    0
      |                                                                                                                                                                                                                                   ^
../Core/Src/main.c:24:48: note: in expansion of macro 'DIST_MIN_CM'
   24 | #define DIST_MIN_TICKS      (TICKS_PER_METRE * DIST_MIN_CM / 100UL)
      |                                                ^~~~~~~~~~~
../Core/Src/main.c:182:16: note: in expansion of macro 'DIST_MIN_TICKS'
  182 |     if (tof >= DIST_MIN_TICKS && tof <= DIST_MAX_TICKS)
      |                ^~~~~~~~~~~~~~
../Core/Src/main.c:24:29: note: to match this '('
   24 | #define DIST_MIN_TICKS      (TICKS_PER_METRE * DIST_MIN_CM / 100UL)
      |                             ^
../Core/Src/main.c:182:16: note: in expansion of macro 'DIST_MIN_TICKS'
  182 |     if (tof >= DIST_MIN_TICKS && tof <= DIST_MAX_TICKS)
      |                ^~~~~~~~~~~~~~
make: *** [Core/Src/subdir.mk:31: Core/Src/main.o] Error 1
"make -j12 all" terminated with exit code 2. Build might be incomplete.
16:53:14 **** Incremental Build of configuration Debug for project alfred_ultrasonic_hedghog ****
make -j12 all 
arm-none-eabi-gcc "../Core/Src/main.c" -mcpu=cortex-m0 -std=gnu11 -g3 -DDEBUG -DSTM32F030x6 -DUSE_FULL_LL_DRIVER -DHSE_VALUE=8000000 -DHSE_STARTUP_TIMEOUT=100 -DLSE_STARTUP_TIMEOUT=5000 -DLSE_VALUE=32768 -DHSI_VALUE=8000000 -DLSI_VALUE=40000 -DVDD_VALUE=3300 -DPREFETCH_ENABLE=1 -DINSTRUCTION_CACHE_ENABLE=0 -DDATA_CACHE_ENABLE=0 -c -I../Core/Inc -I../Drivers/STM32F0xx_HAL_Driver/Inc -I../Drivers/CMSIS/Device/ST/STM32F0xx/Include -I../Drivers/CMSIS/Include -O0 -ffunction-sections -fdata-sections -Wall -fstack-usage -fcyclomatic-complexity -MMD -MP -MF"Core/Src/main.d" -MT"Core/Src/main.o" --specs=nano.specs -mfloat-abi=soft -mthumb -o "Core/Src/main.o"
arm-none-eabi-gcc -o "alfred_ultrasonic_hedghog.elf" @"objects.list"   -mcpu=cortex-m0 -T"C:\Users\Alfred\STM32CubeIDE\workspace_1.19.0\alfred_ultrasonic_hedghog\STM32F030F4PX_FLASH.ld" --specs=nosys.specs -Wl,-Map="alfred_ultrasonic_hedghog.map" -Wl,--gc-sections -static --specs=nano.specs -mfloat-abi=soft -mthumb -Wl,--start-group -lc -lm -Wl,--end-group
Finished building target: alfred_ultrasonic_hedghog.elf
 
arm-none-eabi-size  alfred_ultrasonic_hedghog.elf 
arm-none-eabi-objdump -h -S alfred_ultrasonic_hedghog.elf  > "alfred_ultrasonic_hedghog.list"
   text	   data	    bss	    dec	    hex	filename
   4452	      4	   1596	   6052	   17a4	alfred_ultrasonic_hedghog.elf
Finished building: default.size.stdout
 
Finished building: alfred_ultrasonic_hedghog.list
 
16:54:15 **** Incremental Build of configuration Debug for project alfred_ultrasonic_hedghog ****
make -j12 all 
arm-none-eabi-gcc "../Core/Src/main.c" -mcpu=cortex-m0 -std=gnu11 -g3 -DDEBUG -DSTM32F030x6 -DUSE_FULL_LL_DRIVER -DHSE_VALUE=8000000 -DHSE_STARTUP_TIMEOUT=100 -DLSE_STARTUP_TIMEOUT=5000 -DLSE_VALUE=32768 -DHSI_VALUE=8000000 -DLSI_VALUE=40000 -DVDD_VALUE=3300 -DPREFETCH_ENABLE=1 -DINSTRUCTION_CACHE_ENABLE=0 -DDATA_CACHE_ENABLE=0 -c -I../Core/Inc -I../Drivers/STM32F0xx_HAL_Driver/Inc -I../Drivers/CMSIS/Device/ST/STM32F0xx/Include -I../Drivers/CMSIS/Include -O0 -ffunction-sections -fdata-sections -Wall -fstack-usage -fcyclomatic-complexity -MMD -MP -MF"Core/Src/main.d" -MT"Core/Src/main.o" --specs=nano.specs -mfloat-abi=soft -mthumb -o "Core/Src/main.o"
arm-none-eabi-gcc -o "alfred_ultrasonic_hedghog.elf" @"objects.list"   -mcpu=cortex-m0 -T"C:\Users\Alfred\STM32CubeIDE\workspace_1.19.0\alfred_ultrasonic_hedghog\STM32F030F4PX_FLASH.ld" --specs=nosys.specs -Wl,-Map="alfred_ultrasonic_hedghog.map" -Wl,--gc-sections -static --specs=nano.specs -mfloat-abi=soft -mthumb -Wl,--start-group -lc -lm -Wl,--end-group
Finished building target: alfred_ultrasonic_hedghog.elf
 
arm-none-eabi-size  alfred_ultrasonic_hedghog.elf 
arm-none-eabi-objdump -h -S alfred_ultrasonic_hedghog.elf  > "alfred_ultrasonic_hedghog.list"
   text	   data	    bss	    dec	    hex	filename
   4452	      4	   1596	   6052	   17a4	alfred_ultrasonic_hedghog.elf
Finished building: default.size.stdout
 
Finished building: alfred_ultrasonic_hedghog.list
 
16:54:41 **** Incremental Build of configuration Debug for project alfred_ultrasonic_hedghog ****
make -j12 all 
arm-none-eabi-gcc "../Core/Src/main.c" -mcpu=cortex-m0 -std=gnu11 -g3 -DDEBUG -DSTM32F030x6 -DUSE_FULL_LL_DRIVER -DHSE_VALUE=8000000 -DHSE_STARTUP_TIMEOUT=100 -DLSE_STARTUP_TIMEOUT=5000 -DLSE_VALUE=32768 -DHSI_VALUE=8000000 -DLSI_VALUE=40000 -DVDD_VALUE=3300 -DPREFETCH_ENABLE=1 -DINSTRUCTION_CACHE_ENABLE=0 -DDATA_CACHE_ENABLE=0 -c -I../Core/Inc -I../Drivers/STM32F0xx_HAL_Driver/Inc -I../Drivers/CMSIS/Device/ST/STM32F0xx/Include -I../Drivers/CMSIS/Include -O0 -ffunction-sections -fdata-sections -Wall -fstack-usage -fcyclomatic-complexity -MMD -MP -MF"Core/Src/main.d" -MT"Core/Src/main.o" --specs=nano.specs -mfloat-abi=soft -mthumb -o "Core/Src/main.o"
arm-none-eabi-gcc -o "alfred_ultrasonic_hedghog.elf" @"objects.list"   -mcpu=cortex-m0 -T"C:\Users\Alfred\STM32CubeIDE\workspace_1.19.0\alfred_ultrasonic_hedghog\STM32F030F4PX_FLASH.ld" --specs=nosys.specs -Wl,-Map="alfred_ultrasonic_hedghog.map" -Wl,--gc-sections -static --specs=nano.specs -mfloat-abi=soft -mthumb -Wl,--start-group -lc -lm -Wl,--end-group
Finished building target: alfred_ultrasonic_hedghog.elf
 
arm-none-eabi-size  alfred_ultrasonic_hedghog.elf 
arm-none-eabi-objdump -h -S alfred_ultrasonic_hedghog.elf  > "alfred_ultrasonic_hedghog.list"
   text	   data	    bss	    dec	    hex	filename
   4444	      4	   1596	   6044	   179c	alfred_ultrasonic_hedghog.elf
Finished building: default.size.stdout
 
Finished building: alfred_ultrasonic_hedghog.list
 
16:56:38 **** Incremental Build of configuration Debug for project alfred_ultrasonic_hedghog ****
make -j12 all 
arm-none-eabi-gcc "../Core/Src/main.c" -mcpu=cortex-m0 -std=gnu11 -g3 -DDEBUG -DSTM32F030x6 -DUSE_FULL_LL_DRIVER -DHSE_VALUE=8000000 -DHSE_STARTUP_TIMEOUT=100 -DLSE_STARTUP_TIMEOUT=5000 -DLSE_VALUE=32768 -DHSI_VALUE=8000000 -DLSI_VALUE=40000 -DVDD_VALUE=3300 -DPREFETCH_ENABLE=1 -DINSTRUCTION_CACHE_ENABLE=0 -DDATA_CACHE_ENABLE=0 -c -I../Core/Inc -I../Drivers/STM32F0xx_HAL_Driver/Inc -I../Drivers/CMSIS/Device/ST/STM32F0xx/Include -I../Drivers/CMSIS/Include -O0 -ffunction-sections -fdata-sections -Wall -fstack-usage -fcyclomatic-complexity -MMD -MP -MF"Core/Src/main.d" -MT"Core/Src/main.o" --specs=nano.specs -mfloat-abi=soft -mthumb -o "Core/Src/main.o"
arm-none-eabi-gcc -o "alfred_ultrasonic_hedghog.elf" @"objects.list"   -mcpu=cortex-m0 -T"C:\Users\Alfred\STM32CubeIDE\workspace_1.19.0\alfred_ultrasonic_hedghog\STM32F030F4PX_FLASH.ld" --specs=nosys.specs -Wl,-Map="alfred_ultrasonic_hedghog.map" -Wl,--gc-sections -static --specs=nano.specs -mfloat-abi=soft -mthumb -Wl,--start-group -lc -lm -Wl,--end-group
Finished building target: alfred_ultrasonic_hedghog.elf
 
arm-none-eabi-size  alfred_ultrasonic_hedghog.elf 
arm-none-eabi-objdump -h -S alfred_ultrasonic_hedghog.elf  > "alfred_ultrasonic_hedghog.list"
   text	   data	    bss	    dec	    hex	filename
   4440	      4	   1596	   6040	   1798	alfred_ultrasonic_hedghog.elf
Finished building: default.size.stdout
 
Finished building: alfred_ultrasonic_hedghog.list
 
12:50:36 **** Incremental Build of configuration Debug for project alfred_ultrasonic_hedghog ****
make -j12 all 
arm-none-eabi-gcc "../Core/Src/main.c" -mcpu=cortex-m0 -std=gnu11 -g3 -DDEBUG -DSTM32F030x6 -DUSE_FULL_LL_DRIVER -DHSE_VALUE=8000000 -DHSE_STARTUP_TIMEOUT=100 -DLSE_STARTUP_TIMEOUT=5000 -DLSE_VALUE=32768 -DHSI_VALUE=8000000 -DLSI_VALUE=40000 -DVDD_VALUE=3300 -DPREFETCH_ENABLE=1 -DINSTRUCTION_CACHE_ENABLE=0 -DDATA_CACHE_ENABLE=0 -c -I../Core/Inc -I../Drivers/STM32F0xx_HAL_Driver/Inc -I../Drivers/CMSIS/Device/ST/STM32F0xx/Include -I../Drivers/CMSIS/Include -O0 -ffunction-sections -fdata-sections -Wall -fstack-usage -fcyclomatic-complexity -MMD -MP -MF"Core/Src/main.d" -MT"Core/Src/main.o" --specs=nano.specs -mfloat-abi=soft -mthumb -o "Core/Src/main.o"
arm-none-eabi-gcc -o "alfred_ultrasonic_hedghog.elf" @"objects.list"   -mcpu=cortex-m0 -T"C:\Users\Alfred\STM32CubeIDE\workspace_1.19.0\alfred_ultrasonic_hedghog\STM32F030F4PX_FLASH.ld" --specs=nosys.specs -Wl,-Map="alfred_ultrasonic_hedghog.map" -Wl,--gc-sections -static --specs=nano.specs -mfloat-abi=soft -mthumb -Wl,--start-group -lc -lm -Wl,--end-group
Finished building target: alfred_ultrasonic_hedghog.elf
 
arm-none-eabi-size  alfred_ultrasonic_hedghog.elf 
arm-none-eabi-objdump -h -S alfred_ultrasonic_hedghog.elf  > "alfred_ultrasonic_hedghog.list"
   text	   data	    bss	    dec	    hex	filename
   4452	      4	   1596	   6052	   17a4	alfred_ultrasonic_hedghog.elf
Finished building: default.size.stdout
 
Finished building: alfred_ultrasonic_hedghog.list
 
